2026-05-01T18:13:39.791 [WARNING ] conveyor_04: Buffer utilisation at 24%
2026-05-01T18:13:40.292 [WARNING ] valve_05: Retry attempt 70 for register 0x0002
2026-05-01T18:13:40.792 [WARNING ] compressor_03: Buffer utilisation at 52%
2026-05-01T18:13:41.293 [INFO    ] motor_02: Connection alive
2026-05-01T18:13:41.794 [INFO    ] pump_01: Pressure normal: 24.55 bar
2026-05-01T18:13:42.294 [INFO    ] motor_02: Temperature within normal range: 73.9°C
2026-05-01T18:13:42.795 [WARNING ] valve_05: Vibration spike detected: 113.8 Hz
2026-05-01T18:13:43.296 [WARNING ] motor_02: Retry attempt 61 for register 0x0002
2026-05-01T18:13:43.797 [ERROR   ] valve_05: Motor stall detected — RPM dropped to 61
2026-05-01T18:13:44.297 [WARNING ] pump_01: Temperature elevated: 35.7°C — threshold 75°C
2026-05-01T18:13:44.800 [INFO    ] conveyor_04: Sensor read cycle complete
2026-05-01T18:13:45.300 [INFO    ] pump_01: Pressure normal: 90.09 bar
2026-05-01T18:13:45.801 [WARNING ] pump_01: Response latency high: 52ms
2026-05-01T18:13:46.301 [INFO    ] conveyor_04: System heartbeat OK
2026-05-01T18:13:46.802 [INFO    ] pump_01: System heartbeat OK
2026-05-01T18:13:47.302 [INFO    ] pump_01: Sensor read cycle complete
2026-05-01T18:13:47.803 [INFO    ] compressor_03: Pressure normal: 39.21 bar
2026-05-01T18:13:48.303 [INFO    ] pump_01: System heartbeat OK
2026-05-01T18:13:48.804 [INFO    ] valve_05: Sensor read cycle complete
2026-05-01T18:13:49.305 [WARNING ] pump_01: Temperature elevated: 110.0°C — threshold 75°C
2026-05-01T18:13:49.805 [ERROR   ] compressor_03: Motor stall detected — RPM dropped to 35
2026-05-01T18:13:50.306 [INFO    ] compressor_03: Pressure normal: 74.62 bar
2026-05-01T18:13:50.807 [WARNING ] motor_02: Retry attempt 102 for register 0x0002
2026-05-01T18:13:51.308 [INFO    ] valve_05: System heartbeat OK
2026-05-01T18:13:51.808 [INFO    ] pump_01: Temperature within normal range: 86.1°C
2026-05-01T18:13:52.309 [INFO    ] pump_01: Pressure normal: 81.46 bar
2026-05-01T18:13:52.810 [CRITICAL] compressor_03: EMERGENCY STOP triggered — safety interlock activated
2026-05-01T18:13:53.311 [ERROR   ] conveyor_04: Over-temperature limit exceeded: 69.4°C
2026-05-01T18:13:53.812 [INFO    ] pump_01: Pressure normal: 44.00 bar
2026-05-01T18:13:54.312 [ERROR   ] compressor_03: Motor stall detected — RPM dropped to 105
2026-05-01T18:13:54.813 [INFO    ] motor_02: RPM stable at 108
2026-05-01T18:13:55.314 [CRITICAL] conveyor_04: Power supply failure detected
2026-05-01T18:13:55.815 [INFO    ] conveyor_04: System heartbeat OK
2026-05-01T18:13:56.315 [INFO    ] valve_05: Sensor read cycle complete
2026-05-01T18:13:56.816 [INFO    ] conveyor_04: Pressure normal: 24.41 bar
2026-05-01T18:13:57.317 [INFO    ] compressor_03: Sensor read cycle complete
2026-05-01T18:13:57.818 [INFO    ] pump_01: System heartbeat OK
2026-05-01T18:13:58.319 [INFO    ] valve_05: System heartbeat OK
2026-05-01T18:13:58.820 [INFO    ] pump_01: Temperature within normal range: 36.3°C
2026-05-01T18:13:59.322 [INFO    ] pump_01: RPM stable at 34
2026-05-01T18:13:59.822 [INFO    ] motor_02: Temperature within normal range: 79.9°C
2026-05-01T18:14:00.323 [WARNING ] valve_05: Response latency high: 95ms
2026-05-01T18:14:00.824 [CRITICAL] conveyor_04: Power supply failure detected
2026-05-01T18:14:01.324 [INFO    ] compressor_03: Sensor read cycle complete
2026-05-01T18:14:01.825 [INFO    ] conveyor_04: Connection alive
2026-05-01T18:14:02.326 [INFO    ] compressor_03: Sensor read cycle complete
2026-05-01T18:14:02.826 [INFO    ] pump_01: Sensor read cycle complete
2026-05-01T18:14:03.327 [ERROR   ] motor_02: Over-temperature limit exceeded: 87.1°C
2026-05-01T18:14:03.828 [INFO    ] pump_01: Connection alive
2026-05-01T18:14:04.328 [INFO    ] pump_01: RPM stable at 67
2026-05-01T18:14:04.829 [INFO    ] compressor_03: Connection alive
2026-05-01T18:14:05.330 [WARNING ] motor_02: Response latency high: 117ms
2026-05-01T18:14:05.830 [ERROR   ] conveyor_04: Communication error: CRC mismatch
2026-05-01T18:14:06.330 [INFO    ] valve_05: System heartbeat OK
2026-05-01T18:14:06.831 [WARNING ] motor_02: Buffer utilisation at 31%
2026-05-01T18:14:07.332 [CRITICAL] valve_05: EMERGENCY STOP triggered — safety interlock activated
2026-05-01T18:14:07.833 [WARNING ] motor_02: Response latency high: 41ms
2026-05-01T18:14:08.334 [INFO    ] motor_02: RPM stable at 105
2026-05-01T18:14:08.835 [WARNING ] conveyor_04: Temperature elevated: 86.1°C — threshold 75°C
2026-05-01T18:14:09.335 [INFO    ] motor_02: RPM stable at 33
2026-05-01T18:14:09.836 [INFO    ] motor_02: Pressure normal: 107.17 bar
2026-05-01T18:14:10.337 [INFO    ] conveyor_04: RPM stable at 108
2026-05-01T18:14:10.838 [INFO    ] conveyor_04: Connection alive
2026-05-01T18:14:11.338 [ERROR   ] valve_05: Sensor read FAILED — register 0x0003 timeout
2026-05-01T18:14:11.839 [INFO    ] motor_02: Temperature within normal range: 26.5°C
2026-05-01T18:14:12.340 [INFO    ] compressor_03: RPM stable at 84
2026-05-01T18:14:12.841 [INFO    ] conveyor_04: Sensor read cycle complete
2026-05-01T18:14:13.341 [WARNING ] valve_05: Response latency high: 100ms
2026-05-01T18:14:13.841 [INFO    ] valve_05: RPM stable at 48
2026-05-01T18:14:14.342 [INFO    ] motor_02: Pressure normal: 118.66 bar
2026-05-01T18:14:14.843 [INFO    ] motor_02: Temperature within normal range: 19.1°C
2026-05-01T18:14:15.344 [WARNING ] motor_02: Temperature elevated: 29.2°C — threshold 75°C
2026-05-01T18:14:15.844 [INFO    ] compressor_03: RPM stable at 51
2026-05-01T18:14:16.345 [INFO    ] pump_01: RPM stable at 34
2026-05-01T18:14:16.846 [INFO    ] valve_05: System heartbeat OK
2026-05-01T18:14:17.346 [INFO    ] pump_01: System heartbeat OK
2026-05-01T18:14:17.847 [ERROR   ] compressor_03: Communication error: CRC mismatch
2026-05-01T18:14:18.347 [INFO    ] motor_02: System heartbeat OK
2026-05-01T18:14:18.848 [WARNING ] compressor_03: Vibration spike detected: 112.7 Hz
2026-05-01T18:14:19.349 [INFO    ] compressor_03: Connection alive
2026-05-01T18:14:19.850 [WARNING ] valve_05: Retry attempt 92 for register 0x0002
2026-05-01T18:14:20.350 [WARNING ] compressor_03: Retry attempt 77 for register 0x0002
2026-05-01T18:14:20.851 [INFO    ] motor_02: Temperature within normal range: 116.8°C
2026-05-01T18:14:21.352 [INFO    ] motor_02: Pressure normal: 110.47 bar
2026-05-01T18:14:21.853 [WARNING ] conveyor_04: Retry attempt 78 for register 0x0002
2026-05-01T18:14:22.353 [INFO    ] compressor_03: Sensor read cycle complete
2026-05-01T18:14:22.854 [ERROR   ] valve_05: Over-temperature limit exceeded: 49.1°C
2026-05-01T18:14:23.355 [INFO    ] pump_01: Temperature within normal range: 59.3°C
2026-05-01T18:14:23.855 [WARNING ] compressor_03: Buffer utilisation at 100%
2026-05-01T18:14:24.356 [INFO    ] valve_05: Temperature within normal range: 46.5°C
2026-05-01T18:14:24.857 [ERROR   ] valve_05: Motor stall detected — RPM dropped to 64
2026-05-01T18:14:25.358 [WARNING ] pump_01: Response latency high: 75ms
2026-05-01T18:14:25.859 [INFO    ] pump_01: Sensor read cycle complete
2026-05-01T18:14:26.360 [INFO    ] conveyor_04: Temperature within normal range: 35.3°C
2026-05-01T18:14:26.860 [ERROR   ] conveyor_04: Motor stall detected — RPM dropped to 11
2026-05-01T18:14:27.361 [INFO    ] motor_02: Sensor read cycle complete
2026-05-01T18:14:27.861 [ERROR   ] pump_01: Over-temperature limit exceeded: 113.7°C
2026-05-01T18:14:28.362 [CRITICAL] conveyor_04: EMERGENCY STOP triggered — safety interlock activated
2026-05-01T18:14:28.862 [INFO    ] compressor_03: Temperature within normal range: 95.7°C
2026-05-01T18:14:29.363 [WARNING ] compressor_03: Vibration spike detected: 49.1 Hz
2026-05-01T18:14:29.863 [ERROR   ] compressor_03: Sensor read FAILED — register 0x0003 timeout
2026-05-01T18:14:30.364 [INFO    ] motor_02: Pressure normal: 34.93 bar
2026-05-01T18:14:30.864 [INFO    ] pump_01: Temperature within normal range: 104.7°C
2026-05-01T18:14:31.365 [INFO    ] compressor_03: Sensor read cycle complete
2026-05-01T18:14:31.865 [INFO    ] conveyor_04: Connection alive
2026-05-01T18:14:32.366 [CRITICAL] motor_02: EMERGENCY STOP triggered — safety interlock activated
2026-05-01T18:14:32.867 [INFO    ] pump_01: System heartbeat OK
2026-05-01T18:14:33.367 [INFO    ] pump_01: RPM stable at 43
2026-05-01T18:14:33.868 [ERROR   ] compressor_03: Over-temperature limit exceeded: 54.1°C
2026-05-01T18:14:34.368 [INFO    ] compressor_03: Sensor read cycle complete
2026-05-01T18:14:34.869 [INFO    ] compressor_03: Pressure normal: 47.66 bar
2026-05-01T18:14:35.370 [WARNING ] compressor_03: Temperature elevated: 94.4°C — threshold 75°C
2026-05-01T18:14:35.871 [ERROR   ] motor_02: Sensor read FAILED — register 0x0003 timeout
2026-05-01T18:14:36.371 [INFO    ] motor_02: Sensor read cycle complete
2026-05-01T18:14:36.872 [INFO    ] valve_05: RPM stable at 106
2026-05-01T18:14:37.373 [ERROR   ] valve_05: Over-temperature limit exceeded: 64.4°C
2026-05-01T18:14:37.874 [INFO    ] conveyor_04: Pressure normal: 65.69 bar
2026-05-01T18:14:38.374 [INFO    ] motor_02: Sensor read cycle complete
2026-05-01T18:14:38.875 [INFO    ] pump_01: Temperature within normal range: 53.2°C
2026-05-01T18:14:39.375 [INFO    ] pump_01: Pressure normal: 29.20 bar
2026-05-01T18:14:39.876 [INFO    ] compressor_03: Pressure normal: 108.98 bar
2026-05-01T18:14:40.377 [INFO    ] compressor_03: Temperature within normal range: 15.9°C
2026-05-01T18:14:40.877 [INFO    ] pump_01: Temperature within normal range: 67.1°C
2026-05-01T18:14:41.378 [WARNING ] valve_05: Retry attempt 39 for register 0x0002
2026-05-01T18:14:41.879 [INFO    ] conveyor_04: Connection alive
2026-05-01T18:14:42.379 [INFO    ] compressor_03: RPM stable at 119
2026-05-01T18:14:42.880 [WARNING ] compressor_03: Retry attempt 61 for register 0x0002
2026-05-01T18:14:43.381 [WARNING ] valve_05: Vibration spike detected: 63.8 Hz
2026-05-01T18:14:43.881 [INFO    ] pump_01: Pressure normal: 108.55 bar
2026-05-01T18:14:44.382 [CRITICAL] conveyor_04: Power supply failure detected
2026-05-01T18:14:44.882 [CRITICAL] valve_05: Catastrophic vibration: 113.9 Hz — shutting down
2026-05-01T18:14:45.383 [INFO    ] conveyor_04: Pressure normal: 116.52 bar
2026-05-01T18:14:45.884 [INFO    ] compressor_03: Temperature within normal range: 26.6°C
2026-05-01T18:14:46.384 [WARNING ] motor_02: Retry attempt 118 for register 0x0002
2026-05-01T18:14:46.885 [ERROR   ] motor_02: Sensor read FAILED — register 0x0003 timeout
2026-05-01T18:14:47.386 [WARNING ] conveyor_04: Response latency high: 38ms
2026-05-01T18:14:47.886 [INFO    ] pump_01: RPM stable at 62
2026-05-01T18:14:48.387 [INFO    ] conveyor_04: Pressure normal: 66.49 bar
2026-05-01T18:14:48.888 [WARNING ] compressor_03: Response latency high: 92ms
2026-05-01T18:14:49.388 [INFO    ] pump_01: RPM stable at 16
2026-05-01T18:14:49.889 [INFO    ] motor_02: RPM stable at 17
2026-05-01T18:14:50.390 [INFO    ] valve_05: Temperature within normal range: 79.2°C
2026-05-01T18:14:50.891 [ERROR   ] compressor_03: Motor stall detected — RPM dropped to 30
2026-05-01T18:14:51.391 [INFO    ] motor_02: Temperature within normal range: 76.1°C
2026-05-01T18:14:51.892 [INFO    ] conveyor_04: System heartbeat OK
2026-05-01T18:14:52.393 [INFO    ] conveyor_04: Connection alive
2026-05-01T18:14:52.893 [WARNING ] pump_01: Vibration spike detected: 22.2 Hz
2026-05-01T18:14:53.394 [INFO    ] valve_05: Connection alive
2026-05-01T18:14:53.895 [INFO    ] motor_02: Connection alive
2026-05-01T18:14:54.395 [INFO    ] motor_02: System heartbeat OK
2026-05-01T18:14:54.896 [ERROR   ] compressor_03: Over-temperature limit exceeded: 61.1°C
2026-05-01T18:14:55.396 [INFO    ] pump_01: Pressure normal: 20.36 bar
2026-05-01T18:14:55.897 [ERROR   ] compressor_03: Motor stall detected — RPM dropped to 24
2026-05-01T18:14:56.398 [WARNING ] motor_02: Retry attempt 23 for register 0x0002
2026-05-01T18:14:56.898 [INFO    ] conveyor_04: RPM stable at 45
2026-05-01T18:14:57.399 [CRITICAL] pump_01: EMERGENCY STOP triggered — safety interlock activated
2026-05-01T18:14:57.900 [INFO    ] valve_05: Temperature within normal range: 30.7°C
2026-05-01T18:14:58.401 [INFO    ] pump_01: Temperature within normal range: 21.7°C
2026-05-01T18:14:58.901 [INFO    ] pump_01: Connection alive
2026-05-01T18:14:59.401 [INFO    ] valve_05: Pressure normal: 99.65 bar
2026-05-01T18:14:59.902 [CRITICAL] motor_02: Catastrophic vibration: 33.5 Hz — shutting down
2026-05-01T18:15:00.402 [INFO    ] valve_05: Pressure normal: 43.67 bar
2026-05-01T18:15:00.903 [INFO    ] pump_01: Temperature within normal range: 102.1°C
2026-05-01T18:15:01.404 [INFO    ] valve_05: RPM stable at 82
2026-05-01T18:15:01.904 [INFO    ] conveyor_04: System heartbeat OK
2026-05-01T18:15:02.405 [INFO    ] motor_02: System heartbeat OK
2026-05-01T18:15:02.905 [WARNING ] conveyor_04: Vibration spike detected: 69.8 Hz
2026-05-01T18:15:03.406 [ERROR   ] conveyor_04: Sensor read FAILED — register 0x0003 timeout
2026-05-01T18:15:03.907 [ERROR   ] conveyor_04: Sensor read FAILED — register 0x0003 timeout
2026-05-01T18:15:04.407 [INFO    ] motor_02: Temperature within normal range: 91.6°C
2026-05-01T18:15:04.908 [INFO    ] motor_02: Sensor read cycle complete
2026-05-01T18:15:05.409 [INFO    ] pump_01: RPM stable at 113
2026-05-01T18:15:05.910 [INFO    ] pump_01: Connection alive
2026-05-01T18:15:06.410 [INFO    ] valve_05: System heartbeat OK
2026-05-01T18:15:06.911 [INFO    ] pump_01: Temperature within normal range: 88.0°C
2026-05-01T18:15:07.411 [INFO    ] motor_02: Pressure normal: 36.53 bar
2026-05-01T18:15:07.912 [CRITICAL] valve_05: EMERGENCY STOP triggered — safety interlock activated
2026-05-01T18:15:08.412 [INFO    ] conveyor_04: Temperature within normal range: 69.7°C
2026-05-01T18:15:08.913 [INFO    ] pump_01: Connection alive
2026-05-01T18:15:09.414 [INFO    ] pump_01: Pressure normal: 107.27 bar
2026-05-01T18:15:09.914 [INFO    ] compressor_03: Connection alive
2026-05-01T18:15:10.415 [INFO    ] motor_02: Connection alive
2026-05-01T18:15:10.915 [WARNING ] compressor_03: Response latency high: 107ms
2026-05-01T18:15:11.416 [INFO    ] motor_02: System heartbeat OK
2026-05-01T18:15:11.917 [INFO    ] valve_05: Temperature within normal range: 100.9°C
2026-05-01T18:15:12.417 [ERROR   ] motor_02: Motor stall detected — RPM dropped to 68
2026-05-01T18:15:12.918 [INFO    ] motor_02: Pressure normal: 114.14 bar
2026-05-01T18:15:13.418 [INFO    ] conveyor_04: Sensor read cycle complete
2026-05-01T18:15:13.919 [CRITICAL] pump_01: Power supply failure detected
2026-05-01T18:15:14.419 [INFO    ] conveyor_04: Connection alive
2026-05-01T18:15:14.920 [INFO    ] valve_05: System heartbeat OK
2026-05-01T18:15:15.420 [INFO    ] motor_02: Connection alive
2026-05-01T18:15:15.921 [WARNING ] compressor_03: Retry attempt 26 for register 0x0002
2026-05-01T18:15:16.422 [WARNING ] compressor_03: Retry attempt 115 for register 0x0002
2026-05-01T18:15:16.922 [INFO    ] pump_01: System heartbeat OK
2026-05-01T18:15:17.423 [WARNING ] motor_02: Retry attempt 13 for register 0x0002
2026-05-01T18:15:17.924 [WARNING ] valve_05: Vibration spike detected: 48.4 Hz
2026-05-01T18:15:18.425 [CRITICAL] motor_02: EMERGENCY STOP triggered — safety interlock activated
2026-05-01T18:15:18.925 [CRITICAL] compressor_03: Power supply failure detected
2026-05-01T18:15:19.427 [INFO    ] conveyor_04: Temperature within normal range: 56.1°C
2026-05-01T18:15:19.928 [WARNING ] motor_02: Buffer utilisation at 96%
2026-05-01T18:15:20.429 [INFO    ] conveyor_04: Connection alive
2026-05-01T18:15:20.930 [INFO    ] conveyor_04: Pressure normal: 79.29 bar
2026-05-01T18:15:21.430 [WARNING ] compressor_03: Response latency high: 30ms
2026-05-01T18:15:21.931 [INFO    ] compressor_03: Sensor read cycle complete
2026-05-01T18:15:22.431 [WARNING ] conveyor_04: Buffer utilisation at 57%
2026-05-01T18:15:22.932 [WARNING ] pump_01: Retry attempt 27 for register 0x0002
2026-05-01T18:15:23.433 [WARNING ] valve_05: Vibration spike detected: 27.1 Hz
2026-05-01T18:15:23.934 [ERROR   ] conveyor_04: Over-temperature limit exceeded: 101.4°C
2026-05-01T18:15:24.435 [ERROR   ] compressor_03: Communication error: CRC mismatch
2026-05-01T18:15:24.937 [INFO    ] valve_05: Sensor read cycle complete
2026-05-01T18:15:25.438 [INFO    ] valve_05: Pressure normal: 48.88 bar
2026-05-01T18:15:25.939 [ERROR   ] motor_02: Over-temperature limit exceeded: 15.5°C
2026-05-01T18:15:26.440 [INFO    ] conveyor_04: Connection alive
2026-05-01T18:15:26.940 [INFO    ] compressor_03: Sensor read cycle complete
2026-05-01T18:15:27.441 [WARNING ] compressor_03: Response latency high: 17ms
2026-05-01T18:15:27.942 [INFO    ] conveyor_04: Temperature within normal range: 62.4°C
2026-05-01T18:15:28.443 [CRITICAL] valve_05: Catastrophic vibration: 48.6 Hz — shutting down
2026-05-01T18:15:28.943 [INFO    ] conveyor_04: Sensor read cycle complete
2026-05-01T18:15:29.444 [WARNING ] compressor_03: Response latency high: 34ms
2026-05-01T18:15:29.945 [WARNING ] motor_02: Vibration spike detected: 10.6 Hz
2026-05-01T18:15:30.446 [INFO    ] valve_05: System heartbeat OK
2026-05-01T18:15:30.946 [INFO    ] compressor_03: System heartbeat OK
2026-05-01T18:15:31.447 [INFO    ] compressor_03: System heartbeat OK
2026-05-01T18:15:31.948 [INFO    ] compressor_03: Connection alive
2026-05-01T18:15:32.449 [WARNING ] conveyor_04: Temperature elevated: 11.7°C — threshold 75°C
2026-05-01T18:15:32.949 [CRITICAL] pump_01: Catastrophic vibration: 29.4 Hz — shutting down
2026-05-01T18:15:33.450 [INFO    ] conveyor_04: System heartbeat OK
2026-05-01T18:15:33.950 [INFO    ] motor_02: System heartbeat OK
2026-05-01T18:15:34.451 [INFO    ] motor_02: Sensor read cycle complete
2026-05-01T18:15:34.952 [ERROR   ] conveyor_04: Sensor read FAILED — register 0x0003 timeout
2026-05-01T18:15:35.452 [WARNING ] pump_01: Buffer utilisation at 119%
2026-05-01T18:15:35.953 [INFO    ] conveyor_04: Temperature within normal range: 110.3°C
2026-05-01T18:15:36.453 [INFO    ] conveyor_04: RPM stable at 114
2026-05-01T18:15:36.954 [WARNING ] compressor_03: Response latency high: 106ms
2026-05-01T18:15:37.455 [INFO    ] valve_05: Temperature within normal range: 113.4°C
2026-05-01T18:15:37.955 [WARNING ] valve_05: Retry attempt 72 for register 0x0002
2026-05-01T18:15:38.456 [INFO    ] motor_02: Sensor read cycle complete
2026-05-01T18:15:38.957 [CRITICAL] pump_01: EMERGENCY STOP triggered — safety interlock activated
2026-05-01T18:15:39.457 [INFO    ] conveyor_04: RPM stable at 105
2026-05-01T18:15:39.957 [INFO    ] valve_05: Temperature within normal range: 105.8°C
2026-05-01T18:15:40.458 [WARNING ] valve_05: Temperature elevated: 70.0°C — threshold 75°C
2026-05-01T18:15:40.958 [WARNING ] conveyor_04: Response latency high: 117ms
2026-05-01T18:15:41.459 [INFO    ] pump_01: RPM stable at 94
2026-05-01T18:15:41.960 [WARNING ] conveyor_04: Retry attempt 103 for register 0x0002
2026-05-01T18:15:42.461 [INFO    ] motor_02: Pressure normal: 75.95 bar
2026-05-01T18:15:42.961 [ERROR   ] pump_01: Sensor read FAILED — register 0x0003 timeout
2026-05-01T18:15:43.462 [INFO    ] valve_05: Sensor read cycle complete
2026-05-01T18:15:43.963 [WARNING ] compressor_03: Buffer utilisation at 107%
2026-05-01T18:15:44.463 [INFO    ] conveyor_04: Temperature within normal range: 107.4°C
2026-05-01T18:15:44.964 [INFO    ] motor_02: Sensor read cycle complete
2026-05-01T18:15:45.464 [WARNING ] conveyor_04: Retry attempt 68 for register 0x0002
2026-05-01T18:15:45.965 [INFO    ] pump_01: RPM stable at 51
2026-05-01T18:15:46.465 [ERROR   ] valve_05: Motor stall detected — RPM dropped to 86
2026-05-01T18:15:46.966 [ERROR   ] motor_02: Over-temperature limit exceeded: 20.1°C
2026-05-01T18:15:47.467 [INFO    ] pump_01: System heartbeat OK
2026-05-01T18:15:47.967 [INFO    ] compressor_03: System heartbeat OK
2026-05-01T18:15:48.468 [WARNING ] motor_02: Vibration spike detected: 33.3 Hz
2026-05-01T18:15:48.969 [ERROR   ] valve_05: Sensor read FAILED — register 0x0003 timeout
2026-05-01T18:15:49.469 [INFO    ] pump_01: System heartbeat OK
2026-05-01T18:15:49.970 [WARNING ] motor_02: Retry attempt 23 for register 0x0002
2026-05-01T18:15:50.471 [WARNING ] valve_05: Response latency high: 65ms
2026-05-01T18:15:50.971 [ERROR   ] pump_01: Over-temperature limit exceeded: 104.6°C
2026-05-01T18:15:51.472 [INFO    ] motor_02: Pressure normal: 107.88 bar
2026-05-01T18:15:51.972 [INFO    ] compressor_03: RPM stable at 109
2026-05-01T18:15:52.473 [CRITICAL] motor_02: EMERGENCY STOP triggered — safety interlock activated
2026-05-01T18:15:52.974 [INFO    ] compressor_03: Temperature within normal range: 50.4°C
2026-05-01T18:15:53.475 [CRITICAL] valve_05: Power supply failure detected
2026-05-01T18:15:53.975 [INFO    ] motor_02: Pressure normal: 44.57 bar
2026-05-01T18:15:54.476 [ERROR   ] valve_05: Sensor read FAILED — register 0x0003 timeout
2026-05-01T18:15:54.976 [INFO    ] motor_02: Sensor read cycle complete
2026-05-01T18:15:55.477 [INFO    ] motor_02: Temperature within normal range: 25.9°C
2026-05-01T18:15:55.978 [INFO    ] conveyor_04: Sensor read cycle complete
2026-05-01T18:15:56.478 [INFO    ] motor_02: Connection alive
2026-05-01T18:15:56.979 [WARNING ] motor_02: Temperature elevated: 119.8°C — threshold 75°C
2026-05-01T18:15:57.480 [INFO    ] conveyor_04: System heartbeat OK
2026-05-01T18:15:57.981 [CRITICAL] conveyor_04: Catastrophic vibration: 52.6 Hz — shutting down
2026-05-01T18:15:58.481 [INFO    ] compressor_03: Temperature within normal range: 113.0°C
2026-05-01T18:15:58.982 [ERROR   ] motor_02: Sensor read FAILED — register 0x0003 timeout
2026-05-01T18:15:59.482 [INFO    ] motor_02: Pressure normal: 112.10 bar
2026-05-01T18:15:59.982 [INFO    ] conveyor_04: Temperature within normal range: 73.0°C
2026-05-01T18:16:00.483 [CRITICAL] pump_01: Power supply failure detected
2026-05-01T18:16:00.983 [WARNING ] conveyor_04: Retry attempt 36 for register 0x0002
2026-05-01T18:16:01.484 [CRITICAL] conveyor_04: EMERGENCY STOP triggered — safety interlock activated
2026-05-01T18:16:01.985 [INFO    ] valve_05: Connection alive
2026-05-01T18:16:02.485 [INFO    ] pump_01: Connection alive
2026-05-01T18:16:02.986 [INFO    ] compressor_03: RPM stable at 68
2026-05-01T18:16:03.486 [WARNING ] compressor_03: Response latency high: 69ms
2026-05-01T18:16:03.987 [INFO    ] motor_02: Pressure normal: 66.89 bar
2026-05-01T18:16:04.488 [CRITICAL] conveyor_04: EMERGENCY STOP triggered — safety interlock activated
2026-05-01T18:16:04.988 [ERROR   ] compressor_03: Sensor read FAILED — register 0x0003 timeout
2026-05-01T18:16:05.489 [INFO    ] conveyor_04: System heartbeat OK
2026-05-01T18:16:05.990 [WARNING ] motor_02: Response latency high: 54ms
2026-05-01T18:16:06.490 [INFO    ] compressor_03: Pressure normal: 11.40 bar
2026-05-01T18:16:06.991 [INFO    ] compressor_03: System heartbeat OK
2026-05-01T18:16:07.491 [ERROR   ] compressor_03: Over-temperature limit exceeded: 31.1°C
2026-05-01T18:16:07.992 [INFO    ] conveyor_04: Temperature within normal range: 109.9°C
2026-05-01T18:16:08.493 [INFO    ] pump_01: Sensor read cycle complete
2026-05-01T18:16:08.993 [CRITICAL] compressor_03: Power supply failure detected
2026-05-01T18:16:09.494 [INFO    ] valve_05: Pressure normal: 98.92 bar
2026-05-01T18:16:09.995 [INFO    ] pump_01: Sensor read cycle complete
2026-05-01T18:16:10.495 [CRITICAL] pump_01: EMERGENCY STOP triggered — safety interlock activated
2026-05-01T18:16:10.996 [CRITICAL] motor_02: Catastrophic vibration: 64.6 Hz — shutting down
2026-05-01T18:16:11.496 [INFO    ] conveyor_04: RPM stable at 88
2026-05-01T18:16:11.997 [WARNING ] pump_01: Buffer utilisation at 117%
2026-05-01T18:16:12.498 [INFO    ] compressor_03: Temperature within normal range: 45.0°C
2026-05-01T18:16:12.999 [CRITICAL] motor_02: EMERGENCY STOP triggered — safety interlock activated
2026-05-01T18:16:13.500 [CRITICAL] valve_05: Power supply failure detected
2026-05-01T18:16:14.000 [ERROR   ] compressor_03: Motor stall detected — RPM dropped to 65
2026-05-01T18:16:14.501 [ERROR   ] valve_05: Communication error: CRC mismatch
2026-05-01T18:16:15.001 [INFO    ] pump_01: Connection alive
2026-05-01T18:16:15.502 [INFO    ] pump_01: Connection alive
2026-05-01T18:16:16.003 [ERROR   ] valve_05: Sensor read FAILED — register 0x0003 timeout
2026-05-01T18:16:16.504 [INFO    ] pump_01: Temperature within normal range: 119.6°C
2026-05-01T18:16:17.005 [INFO    ] compressor_03: System heartbeat OK
2026-05-01T18:16:17.505 [INFO    ] compressor_03: Connection alive
2026-05-01T18:16:18.005 [WARNING ] conveyor_04: Buffer utilisation at 31%
2026-05-01T18:16:18.506 [ERROR   ] pump_01: Over-temperature limit exceeded: 89.6°C
2026-05-01T18:16:19.006 [INFO    ] conveyor_04: Connection alive
2026-05-01T18:16:19.507 [INFO    ] motor_02: Sensor read cycle complete
2026-05-01T18:16:20.008 [WARNING ] pump_01: Vibration spike detected: 77.8 Hz
2026-05-01T18:16:20.508 [INFO    ] compressor_03: Temperature within normal range: 41.4°C
2026-05-01T18:16:21.009 [INFO    ] conveyor_04: RPM stable at 72
2026-05-01T18:16:21.510 [WARNING ] pump_01: Retry attempt 59 for register 0x0002
2026-05-01T18:16:22.010 [INFO    ] compressor_03: Sensor read cycle complete
2026-05-01T18:16:22.511 [ERROR   ] motor_02: Sensor read FAILED — register 0x0003 timeout
2026-05-01T18:16:23.012 [INFO    ] compressor_03: Sensor read cycle complete
2026-05-01T18:16:23.512 [ERROR   ] compressor_03: Sensor read FAILED — register 0x0003 timeout
2026-05-01T18:16:24.013 [ERROR   ] valve_05: Over-temperature limit exceeded: 14.4°C
2026-05-01T18:16:24.513 [ERROR   ] valve_05: Over-temperature limit exceeded: 107.4°C
2026-05-01T18:16:25.014 [WARNING ] compressor_03: Response latency high: 37ms
2026-05-01T18:16:25.515 [INFO    ] motor_02: Sensor read cycle complete
2026-05-01T18:16:26.016 [WARNING ] conveyor_04: Vibration spike detected: 87.9 Hz
2026-05-01T18:16:26.516 [INFO    ] conveyor_04: Connection alive
2026-05-01T18:16:27.017 [INFO    ] conveyor_04: RPM stable at 37
2026-05-01T18:16:27.517 [INFO    ] compressor_03: Sensor read cycle complete
2026-05-01T18:16:28.018 [WARNING ] valve_05: Vibration spike detected: 101.8 Hz
2026-05-01T18:16:28.519 [WARNING ] pump_01: Vibration spike detected: 74.9 Hz
2026-05-01T18:16:29.019 [WARNING ] compressor_03: Vibration spike detected: 110.7 Hz
2026-05-01T18:16:29.520 [INFO    ] conveyor_04: System heartbeat OK
2026-05-01T18:16:30.021 [INFO    ] pump_01: Temperature within normal range: 33.0°C
2026-05-01T18:16:30.521 [INFO    ] conveyor_04: Sensor read cycle complete
2026-05-01T18:16:31.022 [INFO    ] compressor_03: Pressure normal: 100.00 bar
2026-05-01T18:16:31.523 [INFO    ] valve_05: Temperature within normal range: 61.5°C
2026-05-01T18:16:32.024 [INFO    ] conveyor_04: Temperature within normal range: 73.8°C
2026-05-01T18:16:32.525 [WARNING ] compressor_03: Retry attempt 27 for register 0x0002
2026-05-01T18:16:33.025 [INFO    ] motor_02: Pressure normal: 11.11 bar
2026-05-01T18:16:33.526 [ERROR   ] compressor_03: Sensor read FAILED — register 0x0003 timeout
2026-05-01T18:16:34.027 [INFO    ] valve_05: Pressure normal: 48.36 bar
2026-05-01T18:16:34.527 [INFO    ] valve_05: System heartbeat OK
2026-05-01T18:16:35.028 [CRITICAL] conveyor_04: Catastrophic vibration: 91.8 Hz — shutting down
2026-05-01T18:16:35.529 [INFO    ] motor_02: RPM stable at 51
2026-05-01T18:16:36.030 [INFO    ] conveyor_04: Sensor read cycle complete
2026-05-01T18:16:36.530 [INFO    ] valve_05: Sensor read cycle complete
2026-05-01T18:16:37.031 [INFO    ] conveyor_04: Connection alive
2026-05-01T18:16:37.532 [WARNING ] valve_05: Vibration spike detected: 73.3 Hz
2026-05-01T18:16:38.033 [INFO    ] pump_01: Connection alive
2026-05-01T18:16:38.533 [INFO    ] valve_05: System heartbeat OK
2026-05-01T18:16:39.034 [CRITICAL] pump_01: EMERGENCY STOP triggered — safety interlock activated
2026-05-01T18:16:39.535 [WARNING ] motor_02: Buffer utilisation at 62%
2026-05-01T18:16:40.036 [INFO    ] conveyor_04: Pressure normal: 112.25 bar
2026-05-01T18:16:40.536 [WARNING ] pump_01: Vibration spike detected: 41.9 Hz
2026-05-01T18:16:41.037 [WARNING ] motor_02: Buffer utilisation at 40%
2026-05-01T18:16:41.538 [WARNING ] motor_02: Retry attempt 108 for register 0x0002
2026-05-01T18:16:42.039 [WARNING ] motor_02: Buffer utilisation at 97%
2026-05-01T18:16:42.540 [WARNING ] motor_02: Response latency high: 52ms
2026-05-01T18:16:43.040 [INFO    ] compressor_03: RPM stable at 69
2026-05-01T18:16:43.541 [WARNING ] pump_01: Buffer utilisation at 56%
2026-05-01T18:16:44.042 [INFO    ] motor_02: Temperature within normal range: 41.9°C
2026-05-01T18:16:44.543 [INFO    ] valve_05: RPM stable at 28
2026-05-01T18:16:45.043 [INFO    ] motor_02: Temperature within normal range: 87.1°C
2026-05-01T18:16:45.544 [CRITICAL] compressor_03: EMERGENCY STOP triggered — safety interlock activated
2026-05-01T18:16:46.045 [INFO    ] valve_05: Temperature within normal range: 88.5°C
2026-05-01T18:16:46.545 [INFO    ] compressor_03: Pressure normal: 60.85 bar
2026-05-01T18:16:47.046 [WARNING ] pump_01: Buffer utilisation at 35%
2026-05-01T18:16:47.547 [WARNING ] conveyor_04: Response latency high: 37ms
2026-05-01T18:16:48.048 [ERROR   ] motor_02: Communication error: CRC mismatch
2026-05-01T18:16:48.548 [INFO    ] valve_05: Connection alive
2026-05-01T18:16:49.049 [WARNING ] motor_02: Response latency high: 103ms
2026-05-01T18:16:49.549 [INFO    ] valve_05: RPM stable at 46
2026-05-01T18:16:50.050 [INFO    ] compressor_03: Connection alive
2026-05-01T18:16:50.551 [INFO    ] motor_02: Temperature within normal range: 66.2°C
2026-05-01T18:16:51.051 [INFO    ] pump_01: RPM stable at 81
2026-05-01T18:16:51.551 [INFO    ] conveyor_04: Pressure normal: 40.07 bar
2026-05-01T18:16:52.052 [WARNING ] compressor_03: Vibration spike detected: 83.1 Hz
2026-05-01T18:16:52.552 [ERROR   ] pump_01: Motor stall detected — RPM dropped to 12
2026-05-01T18:16:53.053 [CRITICAL] pump_01: Power supply failure detected
2026-05-01T18:16:53.553 [INFO    ] conveyor_04: Sensor read cycle complete
2026-05-01T18:16:54.054 [INFO    ] compressor_03: System heartbeat OK
2026-05-01T18:16:54.554 [INFO    ] pump_01: System heartbeat OK
2026-05-01T18:16:55.055 [CRITICAL] motor_02: Catastrophic vibration: 95.7 Hz — shutting down
2026-05-01T18:16:55.555 [INFO    ] motor_02: Temperature within normal range: 59.3°C
2026-05-01T18:16:56.055 [WARNING ] compressor_03: Buffer utilisation at 86%
2026-05-01T18:16:56.556 [INFO    ] valve_05: System heartbeat OK
2026-05-01T18:16:57.056 [WARNING ] conveyor_04: Buffer utilisation at 30%
2026-05-01T18:16:57.557 [INFO    ] compressor_03: Sensor read cycle complete
2026-05-01T18:16:58.057 [INFO    ] conveyor_04: Pressure normal: 105.32 bar
2026-05-01T18:16:58.558 [WARNING ] pump_01: Retry attempt 25 for register 0x0002
2026-05-01T18:16:59.058 [ERROR   ] motor_02: Sensor read FAILED — register 0x0003 timeout
2026-05-01T18:16:59.559 [ERROR   ] pump_01: Sensor read FAILED — register 0x0003 timeout
2026-05-01T18:17:00.060 [ERROR   ] conveyor_04: Communication error: CRC mismatch
2026-05-01T18:17:00.561 [WARNING ] compressor_03: Temperature elevated: 17.8°C — threshold 75°C
2026-05-01T18:17:01.061 [WARNING ] valve_05: Vibration spike detected: 29.4 Hz
2026-05-01T18:17:01.562 [ERROR   ] motor_02: Communication error: CRC mismatch
2026-05-01T18:17:02.063 [WARNING ] pump_01: Response latency high: 62ms
2026-05-01T18:17:02.563 [CRITICAL] conveyor_04: Power supply failure detected
2026-05-01T18:17:03.063 [WARNING ] compressor_03: Buffer utilisation at 105%
2026-05-01T18:17:03.564 [INFO    ] conveyor_04: Connection alive
2026-05-01T18:17:04.064 [INFO    ] motor_02: Sensor read cycle complete
2026-05-01T18:17:04.565 [INFO    ] compressor_03: System heartbeat OK
2026-05-01T18:17:05.065 [INFO    ] motor_02: System heartbeat OK
2026-05-01T18:17:05.566 [INFO    ] valve_05: Connection alive
2026-05-01T18:17:06.066 [INFO    ] motor_02: Pressure normal: 11.77 bar
2026-05-01T18:17:06.567 [INFO    ] motor_02: Temperature within normal range: 52.0°C
2026-05-01T18:17:07.067 [ERROR   ] compressor_03: Communication error: CRC mismatch
2026-05-01T18:17:07.568 [INFO    ] conveyor_04: RPM stable at 29
2026-05-01T18:17:08.068 [INFO    ] motor_02: Pressure normal: 17.05 bar
2026-05-01T18:17:08.569 [INFO    ] pump_01: Connection alive
2026-05-01T18:17:09.069 [CRITICAL] conveyor_04: Power supply failure detected
2026-05-01T18:17:09.571 [INFO    ] motor_02: Pressure normal: 100.30 bar
2026-05-01T18:17:10.071 [WARNING ] motor_02: Vibration spike detected: 53.7 Hz
2026-05-01T18:17:10.572 [WARNING ] motor_02: Temperature elevated: 23.0°C — threshold 75°C
2026-05-01T18:17:11.072 [INFO    ] motor_02: Sensor read cycle complete
2026-05-01T18:17:11.575 [WARNING ] valve_05: Retry attempt 119 for register 0x0002
2026-05-01T18:17:12.075 [INFO    ] compressor_03: System heartbeat OK
2026-05-01T18:17:12.576 [WARNING ] compressor_03: Temperature elevated: 50.8°C — threshold 75°C
2026-05-01T18:17:13.076 [WARNING ] pump_01: Buffer utilisation at 120%
2026-05-01T18:17:13.576 [INFO    ] compressor_03: Pressure normal: 40.18 bar
2026-05-01T18:17:14.077 [WARNING ] motor_02: Buffer utilisation at 16%
2026-05-01T18:17:14.578 [INFO    ] compressor_03: Connection alive
2026-05-01T18:17:15.078 [INFO    ] valve_05: Sensor read cycle complete
2026-05-01T18:17:15.219 [INFO    ] pump_01: Temperature within normal range: 75.7°C
2026-05-01T18:17:15.552 [INFO    ] motor_02: Sensor read cycle complete
2026-05-01T18:17:15.579 [INFO    ] pump_01: RPM stable at 103
2026-05-01T18:17:15.886 [INFO    ] conveyor_04: RPM stable at 110
2026-05-01T18:17:16.080 [INFO    ] conveyor_04: RPM stable at 40
2026-05-01T18:17:16.220 [INFO    ] motor_02: System heartbeat OK
2026-05-01T18:17:16.554 [INFO    ] pump_01: Connection alive
2026-05-01T18:17:16.580 [INFO    ] valve_05: RPM stable at 26
2026-05-01T18:17:16.888 [CRITICAL] motor_02: EMERGENCY STOP triggered — safety interlock activated
2026-05-01T18:17:17.081 [INFO    ] valve_05: System heartbeat OK
2026-05-01T18:17:17.222 [INFO    ] compressor_03: Temperature within normal range: 101.8°C
2026-05-01T18:17:17.556 [INFO    ] pump_01: Sensor read cycle complete
2026-05-01T18:17:17.582 [ERROR   ] pump_01: Communication error: CRC mismatch
2026-05-01T18:17:17.890 [INFO    ] compressor_03: System heartbeat OK
2026-05-01T18:17:18.082 [ERROR   ] compressor_03: Motor stall detected — RPM dropped to 44
2026-05-01T18:17:18.224 [INFO    ] motor_02: System heartbeat OK
2026-05-01T18:17:18.558 [INFO    ] motor_02: Connection alive
2026-05-01T18:17:18.583 [INFO    ] valve_05: Connection alive
2026-05-01T18:17:18.892 [WARNING ] valve_05: Buffer utilisation at 103%
2026-05-01T18:17:19.084 [WARNING ] valve_05: Temperature elevated: 14.2°C — threshold 75°C
2026-05-01T18:17:19.226 [ERROR   ] motor_02: Motor stall detected — RPM dropped to 114
2026-05-01T18:17:19.560 [WARNING ] conveyor_04: Vibration spike detected: 102.6 Hz
2026-05-01T18:17:19.585 [INFO    ] pump_01: Pressure normal: 107.86 bar
2026-05-01T18:17:19.894 [CRITICAL] pump_01: Catastrophic vibration: 74.4 Hz — shutting down
2026-05-01T18:17:20.085 [INFO    ] motor_02: Sensor read cycle complete
2026-05-01T18:17:20.227 [ERROR   ] pump_01: Over-temperature limit exceeded: 28.8°C
2026-05-01T18:17:20.561 [WARNING ] compressor_03: Buffer utilisation at 83%
2026-05-01T18:17:20.585 [ERROR   ] pump_01: Over-temperature limit exceeded: 15.2°C
2026-05-01T18:17:20.895 [INFO    ] pump_01: Connection alive
2026-05-01T18:17:21.086 [WARNING ] valve_05: Retry attempt 54 for register 0x0002
2026-05-01T18:17:21.229 [INFO    ] pump_01: System heartbeat OK
2026-05-01T18:17:21.563 [INFO    ] valve_05: Temperature within normal range: 85.6°C
2026-05-01T18:17:21.587 [WARNING ] compressor_03: Temperature elevated: 20.1°C — threshold 75°C
2026-05-01T18:17:21.897 [INFO    ] pump_01: System heartbeat OK
2026-05-01T18:17:22.087 [ERROR   ] pump_01: Communication error: CRC mismatch
2026-05-01T18:17:22.231 [WARNING ] valve_05: Buffer utilisation at 91%
2026-05-01T18:17:22.565 [INFO    ] motor_02: Connection alive
2026-05-01T18:17:22.588 [WARNING ] motor_02: Retry attempt 68 for register 0x0002
2026-05-01T18:17:22.899 [INFO    ] conveyor_04: System heartbeat OK
2026-05-01T18:17:23.088 [CRITICAL] motor_02: Power supply failure detected
2026-05-01T18:17:23.232 [WARNING ] motor_02: Response latency high: 18ms
2026-05-01T18:17:23.566 [WARNING ] conveyor_04: Vibration spike detected: 40.7 Hz
2026-05-01T18:17:23.589 [WARNING ] compressor_03: Vibration spike detected: 35.5 Hz
2026-05-01T18:17:23.901 [INFO    ] conveyor_04: RPM stable at 100
2026-05-01T18:17:24.090 [INFO    ] conveyor_04: RPM stable at 99
2026-05-01T18:17:24.234 [INFO    ] compressor_03: Pressure normal: 29.96 bar
2026-05-01T18:17:24.568 [INFO    ] compressor_03: Sensor read cycle complete
2026-05-01T18:17:24.590 [WARNING ] compressor_03: Temperature elevated: 87.3°C — threshold 75°C
2026-05-01T18:17:24.903 [WARNING ] compressor_03: Response latency high: 86ms
2026-05-01T18:17:25.091 [CRITICAL] conveyor_04: Power supply failure detected
2026-05-01T18:17:25.237 [INFO    ] valve_05: Temperature within normal range: 28.9°C
2026-05-01T18:17:25.571 [INFO    ] pump_01: Temperature within normal range: 29.5°C
2026-05-01T18:17:25.592 [WARNING ] pump_01: Retry attempt 53 for register 0x0002
2026-05-01T18:17:25.904 [INFO    ] compressor_03: Pressure normal: 111.75 bar
2026-05-01T18:17:26.093 [CRITICAL] valve_05: Power supply failure detected
2026-05-01T18:17:26.239 [CRITICAL] compressor_03: Catastrophic vibration: 66.9 Hz — shutting down
2026-05-01T18:17:26.572 [WARNING ] pump_01: Retry attempt 16 for register 0x0002
2026-05-01T18:17:26.594 [INFO    ] valve_05: System heartbeat OK
2026-05-01T18:17:26.906 [INFO    ] compressor_03: System heartbeat OK
2026-05-01T18:17:27.094 [INFO    ] valve_05: System heartbeat OK
2026-05-01T18:17:27.240 [INFO    ] compressor_03: Temperature within normal range: 63.2°C
2026-05-01T18:17:27.574 [INFO    ] pump_01: Temperature within normal range: 89.0°C
2026-05-01T18:17:27.595 [INFO    ] pump_01: Pressure normal: 28.95 bar
2026-05-01T18:17:27.908 [INFO    ] conveyor_04: System heartbeat OK
2026-05-01T18:17:28.096 [WARNING ] conveyor_04: Response latency high: 95ms
2026-05-01T18:17:28.242 [ERROR   ] valve_05: Over-temperature limit exceeded: 57.7°C
2026-05-01T18:17:28.576 [INFO    ] conveyor_04: RPM stable at 17
2026-05-01T18:17:28.596 [WARNING ] conveyor_04: Response latency high: 106ms
2026-05-01T18:17:28.910 [INFO    ] valve_05: Pressure normal: 61.55 bar
2026-05-01T18:17:29.097 [INFO    ] pump_01: Temperature within normal range: 14.7°C
2026-05-01T18:17:29.244 [INFO    ] conveyor_04: Pressure normal: 74.34 bar
2026-05-01T18:17:29.577 [INFO    ] compressor_03: RPM stable at 43
2026-05-01T18:17:29.598 [WARNING ] pump_01: Retry attempt 84 for register 0x0002
2026-05-01T18:17:29.911 [INFO    ] motor_02: Sensor read cycle complete
2026-05-01T18:17:30.098 [CRITICAL] conveyor_04: Power supply failure detected
2026-05-01T18:17:30.245 [ERROR   ] pump_01: Over-temperature limit exceeded: 25.5°C
2026-05-01T18:17:30.579 [INFO    ] pump_01: System heartbeat OK
2026-05-01T18:17:30.598 [INFO    ] conveyor_04: RPM stable at 43
2026-05-01T18:17:30.913 [CRITICAL] valve_05: EMERGENCY STOP triggered — safety interlock activated
2026-05-01T18:17:31.099 [WARNING ] motor_02: Retry attempt 24 for register 0x0002
2026-05-01T18:17:31.247 [INFO    ] pump_01: Sensor read cycle complete
2026-05-01T18:17:31.581 [ERROR   ] valve_05: Motor stall detected — RPM dropped to 45
2026-05-01T18:17:31.599 [WARNING ] motor_02: Temperature elevated: 105.0°C — threshold 75°C
2026-05-01T18:17:31.915 [INFO    ] valve_05: Sensor read cycle complete
2026-05-01T18:17:32.100 [INFO    ] motor_02: Connection alive
2026-05-01T18:17:32.249 [ERROR   ] compressor_03: Over-temperature limit exceeded: 89.1°C
2026-05-01T18:17:32.583 [INFO    ] motor_02: Sensor read cycle complete
2026-05-01T18:17:32.601 [INFO    ] valve_05: System heartbeat OK
2026-05-01T18:17:32.918 [INFO    ] conveyor_04: Pressure normal: 42.99 bar
2026-05-01T18:17:33.101 [INFO    ] conveyor_04: RPM stable at 15
2026-05-01T18:17:33.251 [INFO    ] valve_05: System heartbeat OK
2026-05-01T18:17:33.585 [INFO    ] conveyor_04: RPM stable at 114
2026-05-01T18:17:33.602 [INFO    ] conveyor_04: System heartbeat OK
2026-05-01T18:17:33.919 [INFO    ] pump_01: Temperature within normal range: 45.8°C
2026-05-01T18:17:34.103 [INFO    ] compressor_03: RPM stable at 43
2026-05-01T18:17:34.253 [WARNING ] motor_02: Temperature elevated: 14.2°C — threshold 75°C
2026-05-01T18:17:34.587 [INFO    ] pump_01: Pressure normal: 59.08 bar
2026-05-01T18:17:34.603 [ERROR   ] compressor_03: Motor stall detected — RPM dropped to 90
2026-05-01T18:17:34.921 [WARNING ] valve_05: Buffer utilisation at 93%
2026-05-01T18:17:35.104 [INFO    ] conveyor_04: RPM stable at 83
2026-05-01T18:17:35.255 [INFO    ] motor_02: System heartbeat OK
2026-05-01T18:17:35.589 [WARNING ] compressor_03: Retry attempt 76 for register 0x0002
2026-05-01T18:17:35.604 [INFO    ] valve_05: Connection alive
2026-05-01T18:17:35.923 [INFO    ] compressor_03: Pressure normal: 63.73 bar
2026-05-01T18:17:36.105 [INFO    ] compressor_03: RPM stable at 112
2026-05-01T18:17:36.256 [CRITICAL] conveyor_04: Catastrophic vibration: 27.0 Hz — shutting down
2026-05-01T18:17:36.590 [INFO    ] compressor_03: System heartbeat OK
2026-05-01T18:17:36.605 [INFO    ] conveyor_04: Temperature within normal range: 41.3°C
2026-05-01T18:17:36.924 [INFO    ] pump_01: Sensor read cycle complete
2026-05-01T18:17:37.105 [INFO    ] motor_02: Pressure normal: 48.71 bar
2026-05-01T18:17:37.258 [INFO    ] conveyor_04: System heartbeat OK
2026-05-01T18:17:37.592 [INFO    ] compressor_03: Sensor read cycle complete
2026-05-01T18:17:37.606 [INFO    ] motor_02: System heartbeat OK
2026-05-01T18:17:37.926 [INFO    ] motor_02: System heartbeat OK
2026-05-01T18:17:38.107 [CRITICAL] compressor_03: Catastrophic vibration: 10.1 Hz — shutting down
2026-05-01T18:17:38.260 [INFO    ] pump_01: Pressure normal: 115.44 bar
2026-05-01T18:17:38.594 [WARNING ] motor_02: Retry attempt 50 for register 0x0002
2026-05-01T18:17:38.608 [CRITICAL] conveyor_04: Power supply failure detected
2026-05-01T18:17:38.928 [INFO    ] motor_02: Temperature within normal range: 76.3°C
2026-05-01T18:17:39.108 [INFO    ] valve_05: Pressure normal: 80.00 bar
2026-05-01T18:17:39.262 [INFO    ] compressor_03: Sensor read cycle complete
2026-05-01T18:17:39.596 [INFO    ] conveyor_04: Connection alive
2026-05-01T18:17:39.608 [ERROR   ] compressor_03: Motor stall detected — RPM dropped to 101
2026-05-01T18:17:39.930 [CRITICAL] motor_02: Power supply failure detected
2026-05-01T18:17:40.109 [ERROR   ] pump_01: Sensor read FAILED — register 0x0003 timeout
2026-05-01T18:17:40.263 [WARNING ] compressor_03: Buffer utilisation at 28%
2026-05-01T18:17:40.597 [INFO    ] motor_02: Connection alive
2026-05-01T18:17:40.610 [INFO    ] valve_05: System heartbeat OK
2026-05-01T18:17:40.931 [WARNING ] pump_01: Response latency high: 85ms
2026-05-01T18:17:41.110 [INFO    ] valve_05: RPM stable at 28
2026-05-01T18:17:41.266 [INFO    ] motor_02: Connection alive
2026-05-01T18:17:41.599 [INFO    ] compressor_03: Temperature within normal range: 81.6°C
2026-05-01T18:17:41.611 [INFO    ] motor_02: System heartbeat OK
2026-05-01T18:17:41.933 [INFO    ] pump_01: Sensor read cycle complete
2026-05-01T18:17:42.111 [INFO    ] valve_05: Sensor read cycle complete
2026-05-01T18:17:42.268 [ERROR   ] valve_05: Communication error: CRC mismatch
2026-05-01T18:17:42.602 [WARNING ] valve_05: Retry attempt 65 for register 0x0002
2026-05-01T18:17:42.612 [INFO    ] valve_05: Temperature within normal range: 57.6°C
2026-05-01T18:17:42.936 [INFO    ] conveyor_04: Connection alive
2026-05-01T18:17:43.113 [INFO    ] conveyor_04: RPM stable at 27
2026-05-01T18:17:43.270 [WARNING ] motor_02: Buffer utilisation at 35%
2026-05-01T18:17:43.604 [INFO    ] compressor_03: Pressure normal: 62.11 bar
2026-05-01T18:17:43.613 [INFO    ] conveyor_04: System heartbeat OK
2026-05-01T18:17:43.938 [WARNING ] valve_05: Vibration spike detected: 114.2 Hz
2026-05-01T18:17:44.114 [INFO    ] motor_02: System heartbeat OK
2026-05-01T18:17:44.272 [INFO    ] motor_02: System heartbeat OK
2026-05-01T18:17:44.606 [INFO    ] motor_02: RPM stable at 28
2026-05-01T18:17:44.615 [INFO    ] pump_01: System heartbeat OK
2026-05-01T18:17:44.940 [INFO    ] motor_02: Sensor read cycle complete
2026-05-01T18:17:45.115 [ERROR   ] conveyor_04: Sensor read FAILED — register 0x0003 timeout
2026-05-01T18:17:45.274 [INFO    ] conveyor_04: Pressure normal: 87.10 bar
2026-05-01T18:17:45.609 [WARNING ] conveyor_04: Buffer utilisation at 98%
2026-05-01T18:17:45.615 [INFO    ] conveyor_04: Pressure normal: 87.74 bar
2026-05-01T18:17:45.943 [WARNING ] valve_05: Vibration spike detected: 83.1 Hz
2026-05-01T18:17:46.116 [WARNING ] compressor_03: Retry attempt 106 for register 0x0002
2026-05-01T18:17:46.277 [CRITICAL] compressor_03: Power supply failure detected
2026-05-01T18:17:46.611 [INFO    ] motor_02: RPM stable at 26
2026-05-01T18:17:46.617 [INFO    ] motor_02: Sensor read cycle complete
2026-05-01T18:17:46.946 [INFO    ] valve_05: System heartbeat OK
2026-05-01T18:17:47.118 [INFO    ] valve_05: Sensor read cycle complete
2026-05-01T18:17:47.280 [WARNING ] compressor_03: Retry attempt 36 for register 0x0002
2026-05-01T18:17:47.613 [INFO    ] motor_02: Sensor read cycle complete
2026-05-01T18:17:47.618 [INFO    ] compressor_03: System heartbeat OK
2026-05-01T18:17:47.947 [ERROR   ] pump_01: Over-temperature limit exceeded: 36.4°C
2026-05-01T18:17:48.118 [WARNING ] valve_05: Vibration spike detected: 75.8 Hz
2026-05-01T18:17:48.281 [INFO    ] conveyor_04: System heartbeat OK
2026-05-01T18:17:48.615 [INFO    ] pump_01: RPM stable at 71
2026-05-01T18:17:48.619 [ERROR   ] valve_05: Sensor read FAILED — register 0x0003 timeout
2026-05-01T18:17:48.949 [INFO    ] pump_01: Pressure normal: 103.21 bar
2026-05-01T18:17:49.119 [WARNING ] pump_01: Retry attempt 74 for register 0x0002
2026-05-01T18:17:49.283 [INFO    ] motor_02: Temperature within normal range: 85.2°C
2026-05-01T18:17:49.617 [INFO    ] valve_05: Temperature within normal range: 115.4°C
2026-05-01T18:17:49.620 [INFO    ] compressor_03: System heartbeat OK
2026-05-01T18:17:49.951 [WARNING ] pump_01: Buffer utilisation at 81%
2026-05-01T18:17:50.121 [INFO    ] motor_02: Connection alive
2026-05-01T18:17:50.285 [WARNING ] pump_01: Temperature elevated: 38.5°C — threshold 75°C
2026-05-01T18:17:50.619 [INFO    ] valve_05: Connection alive
2026-05-01T18:17:50.621 [INFO    ] conveyor_04: Pressure normal: 86.35 bar
2026-05-01T18:17:50.953 [INFO    ] conveyor_04: Connection alive
2026-05-01T18:17:51.122 [INFO    ] conveyor_04: Sensor read cycle complete
2026-05-01T18:17:51.287 [INFO    ] compressor_03: Temperature within normal range: 88.2°C
2026-05-01T18:17:51.621 [INFO    ] pump_01: Connection alive
2026-05-01T18:17:51.622 [WARNING ] conveyor_04: Vibration spike detected: 62.3 Hz
2026-05-01T18:17:51.955 [CRITICAL] valve_05: Power supply failure detected
2026-05-01T18:17:52.123 [INFO    ] compressor_03: Pressure normal: 94.27 bar
2026-05-01T18:17:52.289 [INFO    ] pump_01: RPM stable at 81
2026-05-01T18:17:52.623 [INFO    ] motor_02: Temperature within normal range: 24.1°C
2026-05-01T18:17:52.623 [INFO    ] conveyor_04: System heartbeat OK
2026-05-01T18:17:52.957 [INFO    ] valve_05: Connection alive
2026-05-01T18:17:53.124 [INFO    ] valve_05: RPM stable at 105
2026-05-01T18:17:53.291 [INFO    ] conveyor_04: System heartbeat OK
2026-05-01T18:17:53.625 [WARNING ] motor_02: Temperature elevated: 39.2°C — threshold 75°C
2026-05-01T18:17:53.625 [WARNING ] pump_01: Retry attempt 89 for register 0x0002
2026-05-01T18:17:53.959 [ERROR   ] compressor_03: Motor stall detected — RPM dropped to 16
2026-05-01T18:17:54.125 [INFO    ] compressor_03: RPM stable at 84
2026-05-01T18:17:54.293 [WARNING ] compressor_03: Response latency high: 29ms
2026-05-01T18:17:54.626 [INFO    ] conveyor_04: Pressure normal: 105.35 bar
2026-05-01T18:17:54.627 [ERROR   ] compressor_03: Over-temperature limit exceeded: 18.2°C
2026-05-01T18:17:54.960 [WARNING ] motor_02: Retry attempt 46 for register 0x0002
2026-05-01T18:17:55.127 [WARNING ] valve_05: Vibration spike detected: 102.8 Hz
2026-05-01T18:17:55.294 [CRITICAL] compressor_03: Power supply failure detected
2026-05-01T18:17:55.627 [WARNING ] valve_05: Temperature elevated: 27.4°C — threshold 75°C
2026-05-01T18:17:55.628 [WARNING ] motor_02: Temperature elevated: 28.0°C — threshold 75°C
2026-05-01T18:17:55.962 [INFO    ] compressor_03: RPM stable at 47
2026-05-01T18:17:56.128 [CRITICAL] pump_01: Catastrophic vibration: 105.4 Hz — shutting down
2026-05-01T18:17:56.296 [INFO    ] compressor_03: Connection alive
2026-05-01T18:17:56.629 [INFO    ] pump_01: Sensor read cycle complete
2026-05-01T18:17:56.630 [INFO    ] conveyor_04: Pressure normal: 103.85 bar
2026-05-01T18:17:56.964 [INFO    ] pump_01: Connection alive
2026-05-01T18:17:57.129 [ERROR   ] pump_01: Motor stall detected — RPM dropped to 85
2026-05-01T18:17:57.297 [CRITICAL] compressor_03: Catastrophic vibration: 39.6 Hz — shutting down
2026-05-01T18:17:57.630 [ERROR   ] motor_02: Communication error: CRC mismatch
2026-05-01T18:17:57.631 [INFO    ] conveyor_04: Sensor read cycle complete
2026-05-01T18:17:57.965 [INFO    ] conveyor_04: Temperature within normal range: 36.0°C
2026-05-01T18:17:58.130 [WARNING ] pump_01: Temperature elevated: 107.9°C — threshold 75°C
2026-05-01T18:17:58.299 [INFO    ] motor_02: Pressure normal: 44.51 bar
2026-05-01T18:17:58.631 [INFO    ] conveyor_04: System heartbeat OK
2026-05-01T18:17:58.632 [WARNING ] compressor_03: Buffer utilisation at 19%
2026-05-01T18:17:58.966 [INFO    ] valve_05: RPM stable at 73
2026-05-01T18:17:59.131 [INFO    ] valve_05: Connection alive
2026-05-01T18:17:59.300 [INFO    ] conveyor_04: Connection alive
2026-05-01T18:17:59.632 [WARNING ] pump_01: Vibration spike detected: 83.7 Hz
2026-05-01T18:17:59.634 [INFO    ] pump_01: System heartbeat OK
2026-05-01T18:17:59.967 [INFO    ] compressor_03: Pressure normal: 22.33 bar
2026-05-01T18:18:00.132 [INFO    ] valve_05: Connection alive
2026-05-01T18:18:00.301 [CRITICAL] valve_05: Catastrophic vibration: 59.5 Hz — shutting down
2026-05-01T18:18:00.633 [INFO    ] pump_01: RPM stable at 34
2026-05-01T18:18:00.636 [INFO    ] valve_05: System heartbeat OK
2026-05-01T18:18:00.970 [INFO    ] pump_01: Sensor read cycle complete
2026-05-01T18:18:01.133 [WARNING ] conveyor_04: Vibration spike detected: 100.0 Hz
2026-05-01T18:18:01.304 [WARNING ] valve_05: Temperature elevated: 57.8°C — threshold 75°C
2026-05-01T18:18:01.634 [WARNING ] compressor_03: Retry attempt 31 for register 0x0002
2026-05-01T18:18:01.638 [INFO    ] pump_01: System heartbeat OK
2026-05-01T18:18:01.971 [WARNING ] motor_02: Response latency high: 62ms
2026-05-01T18:18:02.134 [INFO    ] motor_02: Sensor read cycle complete
2026-05-01T18:18:02.305 [INFO    ] valve_05: Pressure normal: 69.94 bar
2026-05-01T18:18:02.635 [CRITICAL] conveyor_04: EMERGENCY STOP triggered — safety interlock activated
2026-05-01T18:18:02.639 [INFO    ] conveyor_04: Pressure normal: 84.71 bar
2026-05-01T18:18:02.973 [INFO    ] motor_02: System heartbeat OK
2026-05-01T18:18:03.136 [WARNING ] conveyor_04: Response latency high: 92ms
2026-05-01T18:18:03.307 [INFO    ] conveyor_04: Sensor read cycle complete
2026-05-01T18:18:03.637 [INFO    ] pump_01: Temperature within normal range: 16.8°C
2026-05-01T18:18:03.641 [INFO    ] motor_02: Connection alive
2026-05-01T18:18:03.974 [WARNING ] conveyor_04: Temperature elevated: 93.3°C — threshold 75°C
2026-05-01T18:18:04.137 [WARNING ] pump_01: Vibration spike detected: 26.1 Hz
2026-05-01T18:18:04.308 [WARNING ] compressor_03: Temperature elevated: 10.7°C — threshold 75°C
2026-05-01T18:18:04.638 [INFO    ] compressor_03: Pressure normal: 21.54 bar
2026-05-01T18:18:04.642 [WARNING ] motor_02: Retry attempt 105 for register 0x0002
2026-05-01T18:18:04.976 [ERROR   ] motor_02: Motor stall detected — RPM dropped to 80
2026-05-01T18:18:05.138 [INFO    ] compressor_03: Connection alive
2026-05-01T18:18:05.310 [INFO    ] compressor_03: RPM stable at 52
2026-05-01T18:18:05.639 [INFO    ] conveyor_04: Connection alive
2026-05-01T18:18:05.643 [INFO    ] conveyor_04: Temperature within normal range: 49.6°C
2026-05-01T18:18:05.977 [INFO    ] conveyor_04: Sensor read cycle complete
2026-05-01T18:18:06.139 [INFO    ] compressor_03: Sensor read cycle complete
2026-05-01T18:18:06.311 [ERROR   ] pump_01: Over-temperature limit exceeded: 23.1°C
2026-05-01T18:18:06.640 [INFO    ] motor_02: Pressure normal: 119.92 bar
2026-05-01T18:18:06.645 [ERROR   ] pump_01: Communication error: CRC mismatch
2026-05-01T18:18:06.979 [ERROR   ] pump_01: Communication error: CRC mismatch
2026-05-01T18:18:07.140 [INFO    ] pump_01: Connection alive
2026-05-01T18:18:07.313 [INFO    ] conveyor_04: RPM stable at 96
2026-05-01T18:18:07.641 [INFO    ] pump_01: RPM stable at 91
2026-05-01T18:18:07.646 [INFO    ] pump_01: System heartbeat OK
2026-05-01T18:18:07.980 [ERROR   ] compressor_03: Motor stall detected — RPM dropped to 34
2026-05-01T18:18:08.141 [INFO    ] conveyor_04: Temperature within normal range: 40.4°C
2026-05-01T18:18:08.314 [INFO    ] compressor_03: Connection alive
2026-05-01T18:18:08.642 [INFO    ] compressor_03: Connection alive
2026-05-01T18:18:08.648 [INFO    ] motor_02: Pressure normal: 59.00 bar
2026-05-01T18:18:08.982 [ERROR   ] valve_05: Motor stall detected — RPM dropped to 67
2026-05-01T18:18:09.143 [ERROR   ] compressor_03: Communication error: CRC mismatch
2026-05-01T18:18:09.315 [ERROR   ] valve_05: Sensor read FAILED — register 0x0003 timeout
2026-05-01T18:18:09.643 [INFO    ] conveyor_04: Connection alive
2026-05-01T18:18:09.649 [INFO    ] motor_02: Pressure normal: 65.91 bar
2026-05-01T18:18:09.983 [INFO    ] pump_01: Temperature within normal range: 40.2°C
2026-05-01T18:18:10.144 [WARNING ] conveyor_04: Vibration spike detected: 34.8 Hz
2026-05-01T18:18:10.317 [CRITICAL] conveyor_04: EMERGENCY STOP triggered — safety interlock activated
2026-05-01T18:18:10.644 [INFO    ] motor_02: RPM stable at 103
2026-05-01T18:18:10.651 [INFO    ] conveyor_04: Sensor read cycle complete
2026-05-01T18:18:10.985 [WARNING ] motor_02: Buffer utilisation at 95%
2026-05-01T18:18:11.145 [INFO    ] pump_01: System heartbeat OK
2026-05-01T18:18:11.320 [WARNING ] conveyor_04: Response latency high: 44ms
2026-05-01T18:18:11.646 [INFO    ] pump_01: Sensor read cycle complete
2026-05-01T18:18:11.654 [ERROR   ] compressor_03: Over-temperature limit exceeded: 94.5°C
2026-05-01T18:18:11.988 [WARNING ] valve_05: Response latency high: 56ms
2026-05-01T18:18:12.146 [INFO    ] valve_05: System heartbeat OK
2026-05-01T18:18:12.322 [INFO    ] conveyor_04: RPM stable at 16
2026-05-01T18:18:12.647 [ERROR   ] conveyor_04: Sensor read FAILED — register 0x0003 timeout
2026-05-01T18:18:12.656 [WARNING ] motor_02: Retry attempt 50 for register 0x0002
2026-05-01T18:18:12.990 [INFO    ] valve_05: Connection alive
2026-05-01T18:18:13.148 [ERROR   ] motor_02: Motor stall detected — RPM dropped to 27
2026-05-01T18:18:13.324 [WARNING ] motor_02: Retry attempt 37 for register 0x0002
2026-05-01T18:18:13.649 [INFO    ] valve_05: Temperature within normal range: 53.1°C
2026-05-01T18:18:13.657 [INFO    ] motor_02: Sensor read cycle complete
2026-05-01T18:18:13.991 [INFO    ] compressor_03: Pressure normal: 118.06 bar
2026-05-01T18:18:14.150 [INFO    ] pump_01: System heartbeat OK
2026-05-01T18:18:14.325 [WARNING ] valve_05: Temperature elevated: 19.3°C — threshold 75°C
2026-05-01T18:18:14.651 [CRITICAL] conveyor_04: Catastrophic vibration: 103.0 Hz — shutting down
2026-05-01T18:18:14.659 [INFO    ] pump_01: Temperature within normal range: 87.4°C
2026-05-01T18:18:14.993 [INFO    ] motor_02: RPM stable at 27
2026-05-01T18:18:15.151 [INFO    ] conveyor_04: RPM stable at 117
2026-05-01T18:18:15.327 [INFO    ] motor_02: Pressure normal: 57.77 bar
2026-05-01T18:18:15.652 [INFO    ] conveyor_04: Pressure normal: 27.13 bar
2026-05-01T18:18:15.661 [INFO    ] conveyor_04: Temperature within normal range: 65.8°C
2026-05-01T18:18:15.995 [ERROR   ] compressor_03: Communication error: CRC mismatch
2026-05-01T18:18:16.153 [WARNING ] motor_02: Buffer utilisation at 40%
2026-05-01T18:18:16.329 [INFO    ] valve_05: Temperature within normal range: 91.6°C
2026-05-01T18:18:16.654 [INFO    ] pump_01: System heartbeat OK
2026-05-01T18:18:16.663 [WARNING ] motor_02: Buffer utilisation at 105%
2026-05-01T18:18:16.997 [INFO    ] valve_05: Temperature within normal range: 118.3°C
2026-05-01T18:18:17.155 [INFO    ] pump_01: RPM stable at 77
2026-05-01T18:18:17.331 [WARNING ] motor_02: Retry attempt 56 for register 0x0002
2026-05-01T18:18:17.655 [INFO    ] pump_01: RPM stable at 10
2026-05-01T18:18:17.665 [WARNING ] conveyor_04: Buffer utilisation at 108%
2026-05-01T18:18:17.999 [WARNING ] compressor_03: Temperature elevated: 83.0°C — threshold 75°C
2026-05-01T18:18:18.156 [INFO    ] conveyor_04: Connection alive
2026-05-01T18:18:18.334 [WARNING ] motor_02: Buffer utilisation at 120%
2026-05-01T18:18:18.657 [WARNING ] conveyor_04: Vibration spike detected: 83.6 Hz
2026-05-01T18:18:18.668 [WARNING ] valve_05: Vibration spike detected: 83.9 Hz
2026-05-01T18:18:19.002 [INFO    ] valve_05: System heartbeat OK
2026-05-01T18:18:19.158 [INFO    ] pump_01: Sensor read cycle complete
2026-05-01T18:18:19.335 [WARNING ] conveyor_04: Vibration spike detected: 62.6 Hz
2026-05-01T18:18:19.658 [CRITICAL] motor_02: EMERGENCY STOP triggered — safety interlock activated
2026-05-01T18:18:19.669 [CRITICAL] pump_01: Catastrophic vibration: 64.3 Hz — shutting down
2026-05-01T18:18:20.003 [WARNING ] conveyor_04: Buffer utilisation at 97%
2026-05-01T18:18:20.160 [INFO    ] motor_02: RPM stable at 69
2026-05-01T18:18:20.338 [INFO    ] conveyor_04: Temperature within normal range: 70.8°C
2026-05-01T18:18:20.660 [WARNING ] motor_02: Vibration spike detected: 62.8 Hz
2026-05-01T18:18:20.671 [INFO    ] conveyor_04: System heartbeat OK
2026-05-01T18:18:21.005 [INFO    ] pump_01: RPM stable at 15
2026-05-01T18:18:21.161 [INFO    ] pump_01: Temperature within normal range: 112.1°C
2026-05-01T18:18:21.339 [CRITICAL] valve_05: Catastrophic vibration: 16.1 Hz — shutting down
2026-05-01T18:18:21.662 [INFO    ] valve_05: RPM stable at 59
2026-05-01T18:18:21.673 [INFO    ] pump_01: Sensor read cycle complete
2026-05-01T18:18:22.007 [ERROR   ] conveyor_04: Over-temperature limit exceeded: 61.3°C
2026-05-01T18:18:22.162 [INFO    ] pump_01: Temperature within normal range: 31.3°C
2026-05-01T18:18:22.341 [ERROR   ] compressor_03: Over-temperature limit exceeded: 102.6°C
2026-05-01T18:18:22.663 [INFO    ] valve_05: System heartbeat OK
2026-05-01T18:18:22.675 [WARNING ] pump_01: Vibration spike detected: 11.3 Hz
2026-05-01T18:18:23.009 [INFO    ] pump_01: Sensor read cycle complete
2026-05-01T18:18:23.164 [WARNING ] valve_05: Response latency high: 61ms
2026-05-01T18:18:23.343 [WARNING ] pump_01: Retry attempt 66 for register 0x0002
2026-05-01T18:18:23.665 [INFO    ] pump_01: Pressure normal: 78.05 bar
2026-05-01T18:18:23.677 [INFO    ] valve_05: Connection alive
2026-05-01T18:18:24.011 [WARNING ] compressor_03: Response latency high: 105ms
2026-05-01T18:18:24.166 [INFO    ] motor_02: Connection alive
2026-05-01T18:18:24.345 [INFO    ] conveyor_04: Sensor read cycle complete
2026-05-01T18:18:24.666 [INFO    ] motor_02: RPM stable at 60
2026-05-01T18:18:24.679 [WARNING ] motor_02: Response latency high: 119ms
2026-05-01T18:18:25.013 [INFO    ] valve_05: System heartbeat OK
2026-05-01T18:18:25.167 [INFO    ] compressor_03: Sensor read cycle complete
2026-05-01T18:18:25.347 [INFO    ] conveyor_04: Sensor read cycle complete
2026-05-01T18:18:25.667 [INFO    ] pump_01: RPM stable at 116
2026-05-01T18:18:25.681 [INFO    ] valve_05: Sensor read cycle complete
2026-05-01T18:18:26.016 [INFO    ] valve_05: System heartbeat OK
2026-05-01T18:18:26.168 [INFO    ] compressor_03: System heartbeat OK
2026-05-01T18:18:26.350 [WARNING ] compressor_03: Retry attempt 39 for register 0x0002
2026-05-01T18:18:26.669 [WARNING ] valve_05: Vibration spike detected: 31.0 Hz
2026-05-01T18:18:26.684 [ERROR   ] conveyor_04: Over-temperature limit exceeded: 65.0°C
2026-05-01T18:18:27.018 [INFO    ] compressor_03: Pressure normal: 118.27 bar
2026-05-01T18:18:27.170 [WARNING ] valve_05: Temperature elevated: 26.5°C — threshold 75°C
2026-05-01T18:18:27.352 [INFO    ] motor_02: Temperature within normal range: 84.7°C
2026-05-01T18:18:27.670 [WARNING ] pump_01: Retry attempt 19 for register 0x0002
2026-05-01T18:18:27.686 [CRITICAL] motor_02: Power supply failure detected
2026-05-01T18:18:28.020 [INFO    ] conveyor_04: Connection alive
2026-05-01T18:18:28.171 [INFO    ] valve_05: Pressure normal: 62.80 bar
2026-05-01T18:18:28.354 [WARNING ] pump_01: Buffer utilisation at 100%
2026-05-01T18:18:28.672 [INFO    ] conveyor_04: Sensor read cycle complete
2026-05-01T18:18:28.688 [WARNING ] compressor_03: Buffer utilisation at 94%
2026-05-01T18:18:29.022 [INFO    ] motor_02: Connection alive
2026-05-01T18:18:29.173 [INFO    ] pump_01: RPM stable at 79
2026-05-01T18:18:29.355 [INFO    ] pump_01: RPM stable at 73
2026-05-01T18:18:29.673 [CRITICAL] pump_01: EMERGENCY STOP triggered — safety interlock activated
2026-05-01T18:18:29.689 [INFO    ] compressor_03: Connection alive
2026-05-01T18:18:30.023 [ERROR   ] pump_01: Motor stall detected — RPM dropped to 104
2026-05-01T18:18:30.174 [ERROR   ] motor_02: Sensor read FAILED — register 0x0003 timeout
2026-05-01T18:18:30.357 [WARNING ] conveyor_04: Response latency high: 68ms
2026-05-01T18:18:30.675 [INFO    ] pump_01: Pressure normal: 64.92 bar
2026-05-01T18:18:30.691 [WARNING ] conveyor_04: Vibration spike detected: 19.4 Hz
2026-05-01T18:18:31.025 [INFO    ] compressor_03: RPM stable at 44
2026-05-01T18:18:31.175 [CRITICAL] valve_05: Catastrophic vibration: 113.2 Hz — shutting down
2026-05-01T18:18:31.359 [INFO    ] motor_02: Pressure normal: 14.20 bar
2026-05-01T18:18:31.676 [WARNING ] valve_05: Response latency high: 65ms
2026-05-01T18:18:31.693 [INFO    ] valve_05: Sensor read cycle complete
2026-05-01T18:18:32.027 [INFO    ] conveyor_04: Temperature within normal range: 109.6°C
2026-05-01T18:18:32.177 [INFO    ] motor_02: RPM stable at 25
2026-05-01T18:18:32.361 [ERROR   ] pump_01: Sensor read FAILED — register 0x0003 timeout
2026-05-01T18:18:32.678 [INFO    ] motor_02: Pressure normal: 30.75 bar
2026-05-01T18:18:32.695 [INFO    ] compressor_03: System heartbeat OK
2026-05-01T18:18:33.028 [INFO    ] pump_01: Sensor read cycle complete
2026-05-01T18:18:33.178 [WARNING ] valve_05: Response latency high: 40ms
2026-05-01T18:18:33.362 [ERROR   ] valve_05: Over-temperature limit exceeded: 103.1°C
2026-05-01T18:18:33.679 [INFO    ] motor_02: RPM stable at 117
2026-05-01T18:18:33.696 [INFO    ] conveyor_04: RPM stable at 27
2026-05-01T18:18:34.030 [INFO    ] pump_01: Pressure normal: 25.44 bar
2026-05-01T18:18:34.180 [INFO    ] motor_02: RPM stable at 65
2026-05-01T18:18:34.364 [INFO    ] pump_01: Sensor read cycle complete
2026-05-01T18:18:34.681 [CRITICAL] conveyor_04: EMERGENCY STOP triggered — safety interlock activated
2026-05-01T18:18:34.698 [INFO    ] valve_05: Pressure normal: 116.23 bar
2026-05-01T18:18:35.032 [CRITICAL] motor_02: Power supply failure detected
2026-05-01T18:18:35.181 [WARNING ] valve_05: Vibration spike detected: 49.4 Hz
2026-05-01T18:18:35.366 [CRITICAL] conveyor_04: EMERGENCY STOP triggered — safety interlock activated
2026-05-01T18:18:35.682 [INFO    ] motor_02: Pressure normal: 40.68 bar
2026-05-01T18:18:35.700 [WARNING ] valve_05: Buffer utilisation at 82%
2026-05-01T18:18:36.035 [INFO    ] pump_01: Connection alive
2026-05-01T18:18:36.182 [INFO    ] motor_02: System heartbeat OK
2026-05-01T18:18:36.369 [INFO    ] valve_05: Connection alive
2026-05-01T18:18:36.683 [INFO    ] motor_02: RPM stable at 93
2026-05-01T18:18:36.703 [INFO    ] pump_01: Pressure normal: 36.10 bar
2026-05-01T18:18:37.037 [INFO    ] pump_01: Connection alive
2026-05-01T18:18:37.184 [INFO    ] pump_01: Connection alive
2026-05-01T18:18:37.371 [WARNING ] valve_05: Temperature elevated: 70.5°C — threshold 75°C
2026-05-01T18:18:37.685 [WARNING ] valve_05: Temperature elevated: 24.0°C — threshold 75°C
2026-05-01T18:18:37.704 [ERROR   ] valve_05: Motor stall detected — RPM dropped to 67
2026-05-01T18:18:38.038 [WARNING ] compressor_03: Vibration spike detected: 112.8 Hz
2026-05-01T18:18:38.186 [CRITICAL] compressor_03: Catastrophic vibration: 113.1 Hz — shutting down
2026-05-01T18:18:38.372 [WARNING ] motor_02: Temperature elevated: 80.6°C — threshold 75°C
2026-05-01T18:18:38.687 [WARNING ] compressor_03: Buffer utilisation at 91%
2026-05-01T18:18:38.706 [INFO    ] motor_02: Temperature within normal range: 52.8°C
2026-05-01T18:18:39.040 [WARNING ] pump_01: Buffer utilisation at 95%
2026-05-01T18:18:39.188 [WARNING ] conveyor_04: Vibration spike detected: 23.7 Hz
2026-05-01T18:18:39.374 [INFO    ] valve_05: RPM stable at 59
2026-05-01T18:18:39.688 [ERROR   ] conveyor_04: Communication error: CRC mismatch
2026-05-01T18:18:39.708 [WARNING ] motor_02: Retry attempt 80 for register 0x0002
2026-05-01T18:18:40.042 [ERROR   ] motor_02: Communication error: CRC mismatch
2026-05-01T18:18:40.189 [INFO    ] pump_01: Temperature within normal range: 11.2°C
2026-05-01T18:18:40.376 [INFO    ] conveyor_04: Temperature within normal range: 65.1°C
2026-05-01T18:18:40.690 [ERROR   ] pump_01: Sensor read FAILED — register 0x0003 timeout
2026-05-01T18:18:40.710 [INFO    ] pump_01: Connection alive
2026-05-01T18:18:41.044 [INFO    ] pump_01: Connection alive
2026-05-01T18:18:41.191 [CRITICAL] motor_02: Catastrophic vibration: 52.4 Hz — shutting down
2026-05-01T18:18:41.378 [ERROR   ] conveyor_04: Sensor read FAILED — register 0x0003 timeout
2026-05-01T18:18:41.691 [INFO    ] compressor_03: Sensor read cycle complete
2026-05-01T18:18:41.712 [INFO    ] conveyor_04: Temperature within normal range: 115.9°C
2026-05-01T18:18:42.046 [ERROR   ] motor_02: Sensor read FAILED — register 0x0003 timeout
2026-05-01T18:18:42.192 [INFO    ] valve_05: Temperature within normal range: 81.5°C
2026-05-01T18:18:42.380 [ERROR   ] compressor_03: Over-temperature limit exceeded: 113.0°C
2026-05-01T18:18:42.692 [WARNING ] compressor_03: Retry attempt 118 for register 0x0002
2026-05-01T18:18:42.714 [INFO    ] motor_02: System heartbeat OK
2026-05-01T18:18:43.048 [INFO    ] valve_05: Sensor read cycle complete
2026-05-01T18:18:43.193 [WARNING ] motor_02: Temperature elevated: 47.5°C — threshold 75°C
2026-05-01T18:18:43.383 [INFO    ] compressor_03: Sensor read cycle complete
2026-05-01T18:18:43.694 [INFO    ] compressor_03: Pressure normal: 54.54 bar
2026-05-01T18:18:43.717 [INFO    ] pump_01: Pressure normal: 91.74 bar
2026-05-01T18:18:44.051 [INFO    ] pump_01: Pressure normal: 48.67 bar
2026-05-01T18:18:44.195 [WARNING ] compressor_03: Buffer utilisation at 19%
2026-05-01T18:18:44.384 [WARNING ] conveyor_04: Vibration spike detected: 113.8 Hz
2026-05-01T18:18:44.695 [INFO    ] pump_01: Pressure normal: 97.67 bar
2026-05-01T18:18:44.719 [CRITICAL] compressor_03: EMERGENCY STOP triggered — safety interlock activated
2026-05-01T18:18:45.053 [WARNING ] compressor_03: Buffer utilisation at 88%
2026-05-01T18:18:45.196 [ERROR   ] pump_01: Communication error: CRC mismatch
2026-05-01T18:18:45.387 [WARNING ] compressor_03: Retry attempt 29 for register 0x0002
2026-05-01T18:18:45.696 [WARNING ] valve_05: Retry attempt 37 for register 0x0002
2026-05-01T18:18:45.721 [INFO    ] valve_05: RPM stable at 51
2026-05-01T18:18:46.055 [INFO    ] pump_01: Sensor read cycle complete
2026-05-01T18:18:46.197 [WARNING ] motor_02: Retry attempt 41 for register 0x0002
2026-05-01T18:18:46.390 [ERROR   ] motor_02: Communication error: CRC mismatch
2026-05-01T18:18:46.698 [WARNING ] valve_05: Response latency high: 59ms
2026-05-01T18:18:46.724 [WARNING ] motor_02: Buffer utilisation at 89%
2026-05-01T18:18:47.058 [INFO    ] pump_01: Pressure normal: 32.87 bar
2026-05-01T18:18:47.199 [CRITICAL] pump_01: EMERGENCY STOP triggered — safety interlock activated
2026-05-01T18:18:47.391 [INFO    ] motor_02: Pressure normal: 70.21 bar
2026-05-01T18:18:47.699 [WARNING ] compressor_03: Retry attempt 115 for register 0x0002
2026-05-01T18:18:47.725 [CRITICAL] conveyor_04: Catastrophic vibration: 13.6 Hz — shutting down
2026-05-01T18:18:48.059 [CRITICAL] conveyor_04: Power supply failure detected
2026-05-01T18:18:48.200 [ERROR   ] motor_02: Motor stall detected — RPM dropped to 103
2026-05-01T18:18:48.393 [INFO    ] compressor_03: Temperature within normal range: 104.0°C
2026-05-01T18:18:48.701 [CRITICAL] conveyor_04: Power supply failure detected
2026-05-01T18:18:48.727 [INFO    ] compressor_03: Sensor read cycle complete
2026-05-01T18:18:49.061 [WARNING ] pump_01: Retry attempt 29 for register 0x0002
2026-05-01T18:18:49.202 [INFO    ] conveyor_04: Temperature within normal range: 84.9°C
2026-05-01T18:18:49.395 [WARNING ] compressor_03: Retry attempt 58 for register 0x0002
2026-05-01T18:18:49.702 [INFO    ] valve_05: Sensor read cycle complete
2026-05-01T18:18:49.729 [WARNING ] pump_01: Vibration spike detected: 33.3 Hz
2026-05-01T18:18:50.063 [INFO    ] motor_02: RPM stable at 17
2026-05-01T18:18:50.203 [INFO    ] motor_02: Connection alive
2026-05-01T18:18:50.397 [WARNING ] pump_01: Buffer utilisation at 115%
2026-05-01T18:18:50.704 [INFO    ] valve_05: Temperature within normal range: 58.5°C
2026-05-01T18:18:50.731 [INFO    ] pump_01: Temperature within normal range: 22.7°C
2026-05-01T18:18:51.064 [INFO    ] conveyor_04: Sensor read cycle complete
2026-05-01T18:18:51.204 [ERROR   ] pump_01: Communication error: CRC mismatch
2026-05-01T18:18:51.398 [WARNING ] motor_02: Temperature elevated: 107.1°C — threshold 75°C
2026-05-01T18:18:51.705 [INFO    ] pump_01: Temperature within normal range: 14.1°C
2026-05-01T18:18:51.733 [ERROR   ] motor_02: Communication error: CRC mismatch
2026-05-01T18:18:52.067 [WARNING ] pump_01: Temperature elevated: 35.6°C — threshold 75°C
2026-05-01T18:18:52.206 [ERROR   ] valve_05: Communication error: CRC mismatch
2026-05-01T18:18:52.401 [INFO    ] conveyor_04: Connection alive
2026-05-01T18:18:52.707 [WARNING ] motor_02: Buffer utilisation at 77%
2026-05-01T18:18:52.735 [WARNING ] compressor_03: Retry attempt 99 for register 0x0002
2026-05-01T18:18:53.069 [INFO    ] compressor_03: Sensor read cycle complete
2026-05-01T18:18:53.207 [INFO    ] pump_01: Temperature within normal range: 106.5°C
2026-05-01T18:18:53.402 [WARNING ] pump_01: Response latency high: 112ms
2026-05-01T18:18:53.708 [INFO    ] motor_02: Connection alive
2026-05-01T18:18:53.737 [INFO    ] conveyor_04: System heartbeat OK
2026-05-01T18:18:54.070 [ERROR   ] pump_01: Communication error: CRC mismatch
2026-05-01T18:18:54.209 [INFO    ] conveyor_04: Sensor read cycle complete
2026-05-01T18:18:54.404 [CRITICAL] pump_01: EMERGENCY STOP triggered — safety interlock activated
2026-05-01T18:18:54.709 [WARNING ] motor_02: Retry attempt 30 for register 0x0002
2026-05-01T18:18:54.738 [INFO    ] pump_01: RPM stable at 30
2026-05-01T18:18:55.072 [INFO    ] pump_01: RPM stable at 60
2026-05-01T18:18:55.210 [INFO    ] valve_05: Sensor read cycle complete
2026-05-01T18:18:55.406 [INFO    ] motor_02: System heartbeat OK
2026-05-01T18:18:55.711 [INFO    ] compressor_03: RPM stable at 112
2026-05-01T18:18:55.740 [INFO    ] conveyor_04: Pressure normal: 45.20 bar
2026-05-01T18:18:56.074 [INFO    ] pump_01: Sensor read cycle complete
2026-05-01T18:18:56.212 [INFO    ] conveyor_04: RPM stable at 114
2026-05-01T18:18:56.408 [WARNING ] valve_05: Response latency high: 119ms
2026-05-01T18:18:56.713 [INFO    ] pump_01: System heartbeat OK
2026-05-01T18:18:56.742 [WARNING ] valve_05: Vibration spike detected: 80.1 Hz
2026-05-01T18:18:57.076 [WARNING ] motor_02: Buffer utilisation at 12%
2026-05-01T18:18:57.213 [INFO    ] compressor_03: System heartbeat OK
2026-05-01T18:18:57.410 [INFO    ] motor_02: Sensor read cycle complete
2026-05-01T18:18:57.714 [WARNING ] pump_01: Response latency high: 24ms
2026-05-01T18:18:57.744 [INFO    ] motor_02: RPM stable at 35
2026-05-01T18:18:58.078 [INFO    ] valve_05: Pressure normal: 66.37 bar
2026-05-01T18:18:58.215 [INFO    ] compressor_03: Connection alive
2026-05-01T18:18:58.412 [INFO    ] conveyor_04: Pressure normal: 53.75 bar
2026-05-01T18:18:58.716 [WARNING ] compressor_03: Temperature elevated: 90.1°C — threshold 75°C
2026-05-01T18:18:58.746 [INFO    ] pump_01: System heartbeat OK
2026-05-01T18:18:59.080 [CRITICAL] motor_02: Catastrophic vibration: 13.2 Hz — shutting down
2026-05-01T18:18:59.216 [INFO    ] pump_01: Temperature within normal range: 105.2°C
2026-05-01T18:18:59.414 [CRITICAL] motor_02: Power supply failure detected
2026-05-01T18:18:59.717 [INFO    ] motor_02: RPM stable at 101
2026-05-01T18:18:59.748 [INFO    ] conveyor_04: Sensor read cycle complete
2026-05-01T18:19:00.082 [INFO    ] pump_01: Sensor read cycle complete
2026-05-01T18:19:00.217 [INFO    ] pump_01: RPM stable at 109
2026-05-01T18:19:00.416 [INFO    ] pump_01: Connection alive
2026-05-01T18:19:00.718 [INFO    ] valve_05: System heartbeat OK
2026-05-01T18:19:00.750 [WARNING ] pump_01: Response latency high: 20ms
2026-05-01T18:19:01.084 [INFO    ] motor_02: RPM stable at 51
2026-05-01T18:19:01.219 [WARNING ] conveyor_04: Retry attempt 102 for register 0x0002
2026-05-01T18:19:01.418 [WARNING ] pump_01: Response latency high: 103ms
2026-05-01T18:19:01.719 [INFO    ] motor_02: RPM stable at 108
2026-05-01T18:19:01.753 [INFO    ] motor_02: RPM stable at 23
2026-05-01T18:19:02.086 [WARNING ] valve_05: Response latency high: 82ms
2026-05-01T18:19:02.220 [WARNING ] valve_05: Response latency high: 102ms
2026-05-01T18:19:02.420 [ERROR   ] conveyor_04: Over-temperature limit exceeded: 59.3°C
2026-05-01T18:19:02.720 [INFO    ] pump_01: Sensor read cycle complete
2026-05-01T18:19:02.754 [WARNING ] compressor_03: Temperature elevated: 40.8°C — threshold 75°C
2026-05-01T18:19:03.088 [INFO    ] valve_05: Temperature within normal range: 77.9°C
2026-05-01T18:19:03.221 [WARNING ] compressor_03: Response latency high: 33ms
2026-05-01T18:19:03.422 [INFO    ] compressor_03: RPM stable at 116
2026-05-01T18:19:03.722 [INFO    ] motor_02: RPM stable at 41
2026-05-01T18:19:03.756 [WARNING ] valve_05: Vibration spike detected: 64.4 Hz
2026-05-01T18:19:04.090 [CRITICAL] motor_02: EMERGENCY STOP triggered — safety interlock activated
2026-05-01T18:19:04.223 [INFO    ] motor_02: Connection alive
2026-05-01T18:19:04.424 [INFO    ] pump_01: RPM stable at 23
2026-05-01T18:19:04.723 [INFO    ] motor_02: Temperature within normal range: 55.8°C
2026-05-01T18:19:04.758 [INFO    ] motor_02: Sensor read cycle complete
2026-05-01T18:19:05.092 [WARNING ] conveyor_04: Retry attempt 117 for register 0x0002
2026-05-01T18:19:05.224 [INFO    ] conveyor_04: System heartbeat OK
2026-05-01T18:19:05.426 [INFO    ] motor_02: System heartbeat OK
2026-05-01T18:19:05.725 [ERROR   ] pump_01: Communication error: CRC mismatch
2026-05-01T18:19:05.759 [WARNING ] pump_01: Response latency high: 63ms
2026-05-01T18:19:06.093 [ERROR   ] pump_01: Sensor read FAILED — register 0x0003 timeout
2026-05-01T18:19:06.225 [INFO    ] compressor_03: System heartbeat OK
2026-05-01T18:19:06.427 [ERROR   ] motor_02: Sensor read FAILED — register 0x0003 timeout
2026-05-01T18:19:06.726 [INFO    ] conveyor_04: System heartbeat OK
2026-05-01T18:19:06.761 [INFO    ] valve_05: Temperature within normal range: 59.2°C
2026-05-01T18:19:07.095 [ERROR   ] valve_05: Over-temperature limit exceeded: 43.5°C
2026-05-01T18:19:07.227 [ERROR   ] valve_05: Communication error: CRC mismatch
2026-05-01T18:19:07.429 [CRITICAL] compressor_03: EMERGENCY STOP triggered — safety interlock activated
2026-05-01T18:19:07.727 [INFO    ] conveyor_04: Sensor read cycle complete
2026-05-01T18:19:07.763 [INFO    ] motor_02: System heartbeat OK
2026-05-01T18:19:08.097 [INFO    ] conveyor_04: Connection alive
2026-05-01T18:19:08.228 [ERROR   ] motor_02: Sensor read FAILED — register 0x0003 timeout
2026-05-01T18:19:08.430 [INFO    ] pump_01: System heartbeat OK
2026-05-01T18:19:08.729 [WARNING ] compressor_03: Buffer utilisation at 60%
2026-05-01T18:19:08.765 [ERROR   ] conveyor_04: Sensor read FAILED — register 0x0003 timeout
2026-05-01T18:19:09.099 [WARNING ] compressor_03: Response latency high: 51ms
2026-05-01T18:19:09.229 [INFO    ] motor_02: Connection alive
2026-05-01T18:19:09.432 [ERROR   ] conveyor_04: Sensor read FAILED — register 0x0003 timeout
2026-05-01T18:19:09.730 [INFO    ] valve_05: Sensor read cycle complete
2026-05-01T18:19:09.766 [INFO    ] valve_05: Sensor read cycle complete
2026-05-01T18:19:10.100 [INFO    ] pump_01: System heartbeat OK
2026-05-01T18:19:10.230 [ERROR   ] pump_01: Over-temperature limit exceeded: 25.0°C
2026-05-01T18:19:10.434 [INFO    ] valve_05: RPM stable at 47
2026-05-01T18:19:10.731 [INFO    ] valve_05: System heartbeat OK
2026-05-01T18:19:10.768 [INFO    ] pump_01: Connection alive
2026-05-01T18:19:11.102 [INFO    ] valve_05: Temperature within normal range: 74.4°C
2026-05-01T18:19:11.232 [INFO    ] conveyor_04: Sensor read cycle complete
2026-05-01T18:19:11.453 [WARNING ] compressor_03: Response latency high: 93ms
2026-05-01T18:19:11.733 [WARNING ] compressor_03: Temperature elevated: 90.9°C — threshold 75°C
2026-05-01T18:19:11.787 [CRITICAL] conveyor_04: EMERGENCY STOP triggered — safety interlock activated
2026-05-01T18:19:12.121 [INFO    ] pump_01: Temperature within normal range: 69.5°C
2026-05-01T18:19:12.233 [INFO    ] valve_05: Pressure normal: 14.76 bar
2026-05-01T18:19:12.455 [INFO    ] pump_01: Temperature within normal range: 28.1°C
2026-05-01T18:19:12.734 [INFO    ] valve_05: RPM stable at 15
2026-05-01T18:19:12.789 [INFO    ] pump_01: Pressure normal: 76.58 bar
2026-05-01T18:19:13.123 [INFO    ] conveyor_04: Connection alive
2026-05-01T18:19:13.234 [WARNING ] motor_02: Temperature elevated: 35.1°C — threshold 75°C
2026-05-01T18:19:13.456 [CRITICAL] motor_02: Power supply failure detected
2026-05-01T18:19:13.735 [INFO    ] valve_05: RPM stable at 41
2026-05-01T18:19:13.790 [ERROR   ] conveyor_04: Sensor read FAILED — register 0x0003 timeout
2026-05-01T18:19:14.124 [INFO    ] motor_02: System heartbeat OK
2026-05-01T18:19:14.235 [ERROR   ] conveyor_04: Sensor read FAILED — register 0x0003 timeout
2026-05-01T18:19:14.458 [WARNING ] motor_02: Buffer utilisation at 92%
2026-05-01T18:19:14.735 [WARNING ] pump_01: Vibration spike detected: 100.6 Hz
2026-05-01T18:19:14.792 [WARNING ] motor_02: Retry attempt 102 for register 0x0002
2026-05-01T18:19:15.126 [INFO    ] conveyor_04: System heartbeat OK
2026-05-01T18:19:15.236 [INFO    ] compressor_03: Pressure normal: 18.76 bar
2026-05-01T18:19:15.460 [ERROR   ] conveyor_04: Over-temperature limit exceeded: 96.1°C
2026-05-01T18:19:15.737 [WARNING ] compressor_03: Response latency high: 34ms
2026-05-01T18:19:15.794 [INFO    ] pump_01: Connection alive
2026-05-01T18:19:16.128 [WARNING ] compressor_03: Vibration spike detected: 23.2 Hz
2026-05-01T18:19:16.237 [WARNING ] pump_01: Vibration spike detected: 94.8 Hz
2026-05-01T18:19:16.462 [INFO    ] valve_05: Sensor read cycle complete
2026-05-01T18:19:16.738 [INFO    ] compressor_03: Sensor read cycle complete
2026-05-01T18:19:16.796 [CRITICAL] compressor_03: EMERGENCY STOP triggered — safety interlock activated
2026-05-01T18:19:17.130 [ERROR   ] valve_05: Sensor read FAILED — register 0x0003 timeout
2026-05-01T18:19:17.238 [INFO    ] valve_05: Pressure normal: 110.21 bar
2026-05-01T18:19:17.464 [INFO    ] valve_05: Connection alive
2026-05-01T18:19:17.739 [INFO    ] compressor_03: Pressure normal: 13.07 bar
2026-05-01T18:19:17.798 [CRITICAL] pump_01: EMERGENCY STOP triggered — safety interlock activated
2026-05-01T18:19:18.132 [INFO    ] motor_02: Pressure normal: 118.34 bar
2026-05-01T18:19:18.239 [INFO    ] valve_05: RPM stable at 108
2026-05-01T18:19:18.465 [WARNING ] conveyor_04: Retry attempt 56 for register 0x0002
2026-05-01T18:19:18.740 [INFO    ] pump_01: Temperature within normal range: 15.7°C
2026-05-01T18:19:18.799 [INFO    ] compressor_03: Temperature within normal range: 104.4°C
2026-05-01T18:19:19.133 [INFO    ] compressor_03: RPM stable at 50
2026-05-01T18:19:19.240 [ERROR   ] motor_02: Communication error: CRC mismatch
2026-05-01T18:19:19.466 [INFO    ] motor_02: System heartbeat OK
2026-05-01T18:19:19.741 [INFO    ] conveyor_04: System heartbeat OK
2026-05-01T18:19:19.800 [INFO    ] compressor_03: Temperature within normal range: 24.9°C
2026-05-01T18:19:20.134 [WARNING ] compressor_03: Buffer utilisation at 91%
2026-05-01T18:19:20.242 [INFO    ] pump_01: Connection alive
2026-05-01T18:19:20.468 [INFO    ] valve_05: System heartbeat OK
2026-05-01T18:19:20.742 [WARNING ] motor_02: Response latency high: 49ms
2026-05-01T18:19:20.802 [INFO    ] valve_05: Pressure normal: 89.30 bar
2026-05-01T18:19:21.136 [INFO    ] motor_02: RPM stable at 84
2026-05-01T18:19:21.243 [WARNING ] pump_01: Response latency high: 105ms
2026-05-01T18:19:21.469 [INFO    ] compressor_03: RPM stable at 54
2026-05-01T18:19:21.743 [WARNING ] compressor_03: Vibration spike detected: 111.2 Hz
2026-05-01T18:19:21.803 [WARNING ] conveyor_04: Retry attempt 14 for register 0x0002
2026-05-01T18:19:22.137 [CRITICAL] valve_05: Catastrophic vibration: 78.1 Hz — shutting down
2026-05-01T18:19:22.244 [CRITICAL] motor_02: EMERGENCY STOP triggered — safety interlock activated
2026-05-01T18:19:22.471 [WARNING ] valve_05: Retry attempt 69 for register 0x0002
2026-05-01T18:19:22.745 [INFO    ] valve_05: Temperature within normal range: 22.2°C
2026-05-01T18:19:22.804 [WARNING ] conveyor_04: Retry attempt 40 for register 0x0002
2026-05-01T18:19:23.138 [CRITICAL] compressor_03: Power supply failure detected
2026-05-01T18:19:23.245 [INFO    ] compressor_03: RPM stable at 26
2026-05-01T18:19:23.472 [INFO    ] valve_05: Connection alive
2026-05-01T18:19:23.746 [INFO    ] motor_02: Pressure normal: 22.71 bar
2026-05-01T18:19:23.806 [ERROR   ] motor_02: Over-temperature limit exceeded: 115.0°C
2026-05-01T18:19:24.140 [INFO    ] conveyor_04: RPM stable at 82
2026-05-01T18:19:24.247 [WARNING ] compressor_03: Vibration spike detected: 10.4 Hz
2026-05-01T18:19:24.474 [INFO    ] compressor_03: Sensor read cycle complete
2026-05-01T18:19:24.747 [INFO    ] conveyor_04: Temperature within normal range: 78.9°C
2026-05-01T18:19:24.808 [ERROR   ] conveyor_04: Sensor read FAILED — register 0x0003 timeout
2026-05-01T18:19:25.142 [INFO    ] compressor_03: System heartbeat OK
2026-05-01T18:19:25.248 [INFO    ] conveyor_04: Connection alive
2026-05-01T18:19:25.476 [CRITICAL] conveyor_04: EMERGENCY STOP triggered — safety interlock activated
2026-05-01T18:19:25.749 [INFO    ] conveyor_04: RPM stable at 63
2026-05-01T18:19:25.810 [INFO    ] pump_01: Temperature within normal range: 88.6°C
2026-05-01T18:19:26.144 [WARNING ] compressor_03: Retry attempt 25 for register 0x0002
2026-05-01T18:19:26.249 [CRITICAL] motor_02: Power supply failure detected
2026-05-01T18:19:26.478 [INFO    ] valve_05: System heartbeat OK
2026-05-01T18:19:26.750 [WARNING ] conveyor_04: Vibration spike detected: 117.3 Hz
2026-05-01T18:19:26.812 [INFO    ] motor_02: Pressure normal: 41.61 bar
2026-05-01T18:19:27.146 [INFO    ] pump_01: Temperature within normal range: 113.7°C
2026-05-01T18:19:27.251 [ERROR   ] motor_02: Communication error: CRC mismatch
2026-05-01T18:19:27.480 [ERROR   ] pump_01: Communication error: CRC mismatch
2026-05-01T18:19:27.751 [ERROR   ] compressor_03: Sensor read FAILED — register 0x0003 timeout
2026-05-01T18:19:27.814 [INFO    ] pump_01: Temperature within normal range: 101.4°C
2026-05-01T18:19:28.148 [WARNING ] pump_01: Response latency high: 111ms
2026-05-01T18:19:28.252 [INFO    ] pump_01: Sensor read cycle complete
2026-05-01T18:19:28.482 [ERROR   ] pump_01: Communication error: CRC mismatch
2026-05-01T18:19:28.752 [INFO    ] valve_05: Connection alive
2026-05-01T18:19:28.815 [WARNING ] conveyor_04: Vibration spike detected: 34.5 Hz
2026-05-01T18:19:29.149 [INFO    ] compressor_03: System heartbeat OK
2026-05-01T18:19:29.253 [CRITICAL] pump_01: EMERGENCY STOP triggered — safety interlock activated
2026-05-01T18:19:29.483 [INFO    ] motor_02: RPM stable at 11
2026-05-01T18:19:29.754 [WARNING ] valve_05: Retry attempt 94 for register 0x0002
2026-05-01T18:19:29.817 [WARNING ] compressor_03: Response latency high: 75ms
2026-05-01T18:19:30.151 [ERROR   ] motor_02: Motor stall detected — RPM dropped to 30
2026-05-01T18:19:30.255 [INFO    ] pump_01: RPM stable at 87
2026-05-01T18:19:30.485 [WARNING ] compressor_03: Vibration spike detected: 49.6 Hz
2026-05-01T18:19:30.755 [WARNING ] pump_01: Retry attempt 43 for register 0x0002
2026-05-01T18:19:30.819 [INFO    ] pump_01: Temperature within normal range: 117.2°C
2026-05-01T18:19:31.153 [CRITICAL] conveyor_04: Catastrophic vibration: 76.1 Hz — shutting down
2026-05-01T18:19:31.256 [WARNING ] conveyor_04: Vibration spike detected: 36.9 Hz
2026-05-01T18:19:31.487 [INFO    ] compressor_03: RPM stable at 14
2026-05-01T18:19:31.756 [INFO    ] pump_01: Temperature within normal range: 80.6°C
2026-05-01T18:19:31.820 [INFO    ] valve_05: RPM stable at 97
2026-05-01T18:19:32.154 [INFO    ] pump_01: Temperature within normal range: 19.4°C
2026-05-01T18:19:32.257 [INFO    ] conveyor_04: Temperature within normal range: 118.6°C
2026-05-01T18:19:32.488 [INFO    ] compressor_03: Connection alive
2026-05-01T18:19:32.757 [WARNING ] motor_02: Vibration spike detected: 105.7 Hz
2026-05-01T18:19:32.823 [INFO    ] conveyor_04: System heartbeat OK
2026-05-01T18:19:33.156 [INFO    ] motor_02: Temperature within normal range: 81.9°C
2026-05-01T18:19:33.258 [INFO    ] compressor_03: RPM stable at 29
2026-05-01T18:19:33.490 [INFO    ] conveyor_04: System heartbeat OK
2026-05-01T18:19:33.759 [ERROR   ] compressor_03: Over-temperature limit exceeded: 107.0°C
2026-05-01T18:19:33.824 [WARNING ] motor_02: Buffer utilisation at 36%
2026-05-01T18:19:34.158 [INFO    ] pump_01: Temperature within normal range: 10.4°C
2026-05-01T18:19:34.259 [INFO    ] pump_01: Sensor read cycle complete
2026-05-01T18:19:34.493 [INFO    ] conveyor_04: Temperature within normal range: 28.4°C
2026-05-01T18:19:34.760 [WARNING ] motor_02: Response latency high: 96ms
2026-05-01T18:19:34.827 [INFO    ] valve_05: Sensor read cycle complete
2026-05-01T18:19:35.161 [INFO    ] motor_02: Sensor read cycle complete
2026-05-01T18:19:35.261 [INFO    ] motor_02: RPM stable at 104
2026-05-01T18:19:35.495 [INFO    ] compressor_03: RPM stable at 22
2026-05-01T18:19:35.762 [WARNING ] motor_02: Retry attempt 69 for register 0x0002
2026-05-01T18:19:35.829 [CRITICAL] conveyor_04: EMERGENCY STOP triggered — safety interlock activated
2026-05-01T18:19:36.163 [INFO    ] compressor_03: Connection alive
2026-05-01T18:19:36.262 [ERROR   ] motor_02: Sensor read FAILED — register 0x0003 timeout
2026-05-01T18:19:36.497 [ERROR   ] pump_01: Communication error: CRC mismatch
2026-05-01T18:19:36.763 [INFO    ] conveyor_04: Connection alive
2026-05-01T18:19:36.831 [INFO    ] compressor_03: Pressure normal: 91.19 bar
2026-05-01T18:19:37.165 [INFO    ] pump_01: Pressure normal: 16.75 bar
2026-05-01T18:19:37.263 [INFO    ] compressor_03: Pressure normal: 49.46 bar
2026-05-01T18:19:37.499 [INFO    ] motor_02: Sensor read cycle complete
2026-05-01T18:19:37.764 [ERROR   ] motor_02: Communication error: CRC mismatch
2026-05-01T18:19:37.833 [INFO    ] motor_02: System heartbeat OK
2026-05-01T18:19:38.167 [INFO    ] valve_05: Sensor read cycle complete
2026-05-01T18:19:38.265 [WARNING ] conveyor_04: Temperature elevated: 80.9°C — threshold 75°C
2026-05-01T18:19:38.501 [WARNING ] pump_01: Buffer utilisation at 97%
2026-05-01T18:19:38.765 [INFO    ] pump_01: RPM stable at 71
2026-05-01T18:19:38.835 [WARNING ] pump_01: Vibration spike detected: 76.1 Hz
2026-05-01T18:19:39.169 [ERROR   ] pump_01: Over-temperature limit exceeded: 71.0°C
2026-05-01T18:19:39.266 [CRITICAL] motor_02: Power supply failure detected
2026-05-01T18:19:39.503 [INFO    ] valve_05: Connection alive
2026-05-01T18:19:39.767 [WARNING ] conveyor_04: Temperature elevated: 101.0°C — threshold 75°C
2026-05-01T18:19:39.837 [INFO    ] pump_01: Connection alive
2026-05-01T18:19:40.170 [INFO    ] motor_02: Sensor read cycle complete
2026-05-01T18:19:40.268 [INFO    ] conveyor_04: RPM stable at 79
2026-05-01T18:19:40.504 [INFO    ] valve_05: Sensor read cycle complete
2026-05-01T18:19:40.768 [INFO    ] motor_02: System heartbeat OK
2026-05-01T18:19:40.838 [INFO    ] conveyor_04: Pressure normal: 61.49 bar
2026-05-01T18:19:41.172 [INFO    ] pump_01: System heartbeat OK
2026-05-01T18:19:41.268 [WARNING ] compressor_03: Vibration spike detected: 29.4 Hz
2026-05-01T18:19:41.506 [INFO    ] compressor_03: Pressure normal: 44.22 bar
2026-05-01T18:19:41.769 [INFO    ] conveyor_04: Pressure normal: 14.56 bar
2026-05-01T18:19:41.840 [WARNING ] pump_01: Retry attempt 76 for register 0x0002
2026-05-01T18:19:42.174 [INFO    ] pump_01: Pressure normal: 49.94 bar
2026-05-01T18:19:42.270 [INFO    ] valve_05: Temperature within normal range: 89.2°C
2026-05-01T18:22:36.896 [INFO    ] pump_01: Temperature within normal range: 41.1°C
2026-05-01T18:22:37.146 [ERROR   ] compressor_03: Over-temperature limit exceeded: 28.2°C
2026-05-01T18:22:37.397 [INFO    ] conveyor_04: Connection alive
2026-05-01T18:22:37.648 [INFO    ] compressor_03: Sensor read cycle complete
2026-05-01T18:22:37.898 [CRITICAL] motor_02: Power supply failure detected
2026-05-01T18:22:38.149 [INFO    ] motor_02: System heartbeat OK
2026-05-01T18:22:38.400 [WARNING ] valve_05: Response latency high: 107ms
2026-05-01T18:22:38.651 [CRITICAL] pump_01: Catastrophic vibration: 77.9 Hz — shutting down
2026-05-01T18:22:38.902 [CRITICAL] compressor_03: Catastrophic vibration: 40.4 Hz — shutting down
2026-05-01T18:22:39.152 [INFO    ] compressor_03: RPM stable at 70
2026-05-01T18:22:39.403 [INFO    ] pump_01: Sensor read cycle complete
2026-05-01T18:22:39.654 [INFO    ] pump_01: Sensor read cycle complete
2026-05-01T18:22:39.904 [WARNING ] compressor_03: Vibration spike detected: 82.6 Hz
2026-05-01T18:22:40.155 [INFO    ] conveyor_04: RPM stable at 65
2026-05-01T18:22:40.406 [INFO    ] conveyor_04: Pressure normal: 40.77 bar
2026-05-01T18:22:40.657 [CRITICAL] motor_02: Power supply failure detected
2026-05-01T18:22:40.908 [INFO    ] pump_01: System heartbeat OK
2026-05-01T18:22:41.158 [INFO    ] conveyor_04: RPM stable at 58
2026-05-01T18:22:41.409 [INFO    ] compressor_03: Pressure normal: 11.76 bar
2026-05-01T18:22:41.660 [WARNING ] conveyor_04: Buffer utilisation at 27%
2026-05-01T18:22:41.911 [ERROR   ] valve_05: Sensor read FAILED — register 0x0003 timeout
2026-05-01T18:22:42.162 [INFO    ] conveyor_04: Pressure normal: 58.08 bar
2026-05-01T18:22:42.412 [INFO    ] conveyor_04: System heartbeat OK
2026-05-01T18:22:42.663 [INFO    ] pump_01: Pressure normal: 64.46 bar
2026-05-01T18:22:42.914 [WARNING ] compressor_03: Response latency high: 48ms
2026-05-01T18:22:43.165 [WARNING ] pump_01: Response latency high: 91ms
2026-05-01T18:22:43.416 [INFO    ] pump_01: Connection alive
2026-05-01T18:22:43.666 [INFO    ] valve_05: Temperature within normal range: 70.3°C
2026-05-01T18:22:43.917 [INFO    ] compressor_03: RPM stable at 106
2026-05-01T18:22:44.168 [WARNING ] pump_01: Retry attempt 32 for register 0x0002
2026-05-01T18:22:44.419 [WARNING ] conveyor_04: Temperature elevated: 105.9°C — threshold 75°C
2026-05-01T18:22:44.670 [CRITICAL] compressor_03: Power supply failure detected
2026-05-01T18:22:44.920 [WARNING ] compressor_03: Buffer utilisation at 103%
2026-05-01T18:22:45.171 [WARNING ] pump_01: Response latency high: 18ms
2026-05-01T18:22:45.422 [WARNING ] motor_02: Vibration spike detected: 103.7 Hz
2026-05-01T18:22:45.673 [ERROR   ] pump_01: Communication error: CRC mismatch
2026-05-01T18:22:45.923 [WARNING ] pump_01: Response latency high: 99ms
2026-05-01T18:22:46.174 [ERROR   ] pump_01: Communication error: CRC mismatch
2026-05-01T18:22:46.425 [CRITICAL] pump_01: EMERGENCY STOP triggered — safety interlock activated
2026-05-01T18:22:46.676 [INFO    ] conveyor_04: Connection alive
2026-05-01T18:22:46.926 [INFO    ] motor_02: Sensor read cycle complete
2026-05-01T18:22:47.177 [INFO    ] pump_01: Temperature within normal range: 72.1°C
2026-05-01T18:22:47.427 [INFO    ] pump_01: Pressure normal: 95.25 bar
2026-05-01T18:22:47.678 [WARNING ] pump_01: Vibration spike detected: 65.1 Hz
2026-05-01T18:22:47.928 [INFO    ] valve_05: Connection alive
2026-05-01T18:22:48.179 [WARNING ] conveyor_04: Temperature elevated: 85.6°C — threshold 75°C
2026-05-01T18:22:48.429 [INFO    ] motor_02: System heartbeat OK
2026-05-01T18:22:48.680 [WARNING ] compressor_03: Temperature elevated: 38.3°C — threshold 75°C
2026-05-01T18:22:48.930 [INFO    ] pump_01: Temperature within normal range: 15.5°C
2026-05-01T18:22:49.181 [ERROR   ] compressor_03: Motor stall detected — RPM dropped to 108
2026-05-01T18:22:49.431 [INFO    ] valve_05: Temperature within normal range: 15.2°C
2026-05-01T18:22:49.682 [INFO    ] pump_01: System heartbeat OK
2026-05-01T18:22:49.933 [WARNING ] motor_02: Vibration spike detected: 41.7 Hz
2026-05-01T18:22:50.183 [INFO    ] motor_02: Temperature within normal range: 113.5°C
2026-05-01T18:22:50.434 [ERROR   ] motor_02: Communication error: CRC mismatch
2026-05-01T18:22:50.684 [INFO    ] motor_02: RPM stable at 109
2026-05-01T18:22:50.935 [ERROR   ] motor_02: Over-temperature limit exceeded: 53.0°C
2026-05-01T18:22:51.185 [INFO    ] conveyor_04: Pressure normal: 97.25 bar
2026-05-01T18:22:51.436 [INFO    ] compressor_03: Pressure normal: 74.13 bar
2026-05-01T18:22:51.686 [INFO    ] conveyor_04: Pressure normal: 47.12 bar
2026-05-01T18:22:51.937 [INFO    ] pump_01: RPM stable at 108
2026-05-01T18:22:52.188 [INFO    ] conveyor_04: System heartbeat OK
2026-05-01T18:22:52.438 [INFO    ] valve_05: System heartbeat OK
2026-05-01T18:22:52.689 [INFO    ] valve_05: RPM stable at 79
2026-05-01T18:22:52.939 [CRITICAL] compressor_03: Power supply failure detected
2026-05-01T18:22:53.190 [ERROR   ] compressor_03: Motor stall detected — RPM dropped to 100
2026-05-01T18:22:53.440 [INFO    ] conveyor_04: Connection alive
2026-05-01T18:22:53.691 [INFO    ] pump_01: Pressure normal: 95.68 bar
2026-05-01T18:22:53.942 [INFO    ] valve_05: Sensor read cycle complete
2026-05-01T18:22:54.192 [INFO    ] motor_02: Connection alive
2026-05-01T18:22:54.443 [WARNING ] conveyor_04: Retry attempt 77 for register 0x0002
2026-05-01T18:22:54.694 [WARNING ] motor_02: Response latency high: 59ms
2026-05-01T18:22:54.944 [ERROR   ] pump_01: Communication error: CRC mismatch
2026-05-01T18:22:55.195 [INFO    ] compressor_03: RPM stable at 27
2026-05-01T18:22:55.446 [WARNING ] compressor_03: Response latency high: 67ms
2026-05-01T18:22:55.697 [INFO    ] pump_01: System heartbeat OK
2026-05-01T18:22:55.947 [INFO    ] motor_02: System heartbeat OK
2026-05-01T18:22:56.198 [ERROR   ] compressor_03: Over-temperature limit exceeded: 19.0°C
2026-05-01T18:22:56.448 [INFO    ] conveyor_04: Temperature within normal range: 24.2°C
2026-05-01T18:22:56.699 [INFO    ] valve_05: Connection alive
2026-05-01T18:22:56.949 [INFO    ] conveyor_04: Pressure normal: 106.87 bar
2026-05-01T18:22:57.200 [INFO    ] valve_05: Connection alive
2026-05-01T18:22:57.450 [INFO    ] compressor_03: Connection alive
2026-05-01T18:22:57.701 [ERROR   ] pump_01: Sensor read FAILED — register 0x0003 timeout
2026-05-01T18:22:57.952 [INFO    ] valve_05: Sensor read cycle complete
2026-05-01T18:22:58.202 [INFO    ] valve_05: Temperature within normal range: 80.2°C
2026-05-01T18:22:58.452 [INFO    ] conveyor_04: RPM stable at 44
2026-05-01T18:22:58.703 [WARNING ] pump_01: Response latency high: 13ms
2026-05-01T18:22:58.953 [INFO    ] conveyor_04: Pressure normal: 92.57 bar
2026-05-01T18:22:59.204 [INFO    ] valve_05: System heartbeat OK
2026-05-01T18:22:59.454 [INFO    ] valve_05: Temperature within normal range: 25.1°C
2026-05-01T18:22:59.705 [ERROR   ] conveyor_04: Sensor read FAILED — register 0x0003 timeout
2026-05-01T18:22:59.956 [INFO    ] pump_01: Sensor read cycle complete
2026-05-01T18:23:00.206 [INFO    ] compressor_03: Temperature within normal range: 69.1°C
2026-05-01T18:23:00.456 [WARNING ] pump_01: Vibration spike detected: 83.7 Hz
2026-05-01T18:23:00.707 [CRITICAL] compressor_03: Catastrophic vibration: 68.8 Hz — shutting down
2026-05-01T18:23:00.958 [WARNING ] compressor_03: Vibration spike detected: 78.7 Hz
2026-05-01T18:23:01.208 [WARNING ] conveyor_04: Temperature elevated: 25.5°C — threshold 75°C
2026-05-01T18:23:01.459 [INFO    ] valve_05: RPM stable at 67
2026-05-01T18:23:01.709 [WARNING ] compressor_03: Retry attempt 108 for register 0x0002
2026-05-01T18:23:01.960 [ERROR   ] pump_01: Motor stall detected — RPM dropped to 74
2026-05-01T18:23:02.211 [ERROR   ] compressor_03: Communication error: CRC mismatch
2026-05-01T18:23:02.461 [ERROR   ] pump_01: Communication error: CRC mismatch
2026-05-01T18:23:02.712 [INFO    ] valve_05: Pressure normal: 65.59 bar
2026-05-01T18:23:02.963 [WARNING ] pump_01: Response latency high: 23ms
2026-05-01T18:23:03.214 [INFO    ] pump_01: Temperature within normal range: 74.2°C
2026-05-01T18:23:03.465 [INFO    ] pump_01: Pressure normal: 43.63 bar
2026-05-01T18:23:03.716 [ERROR   ] pump_01: Sensor read FAILED — register 0x0003 timeout
2026-05-01T18:23:03.966 [WARNING ] pump_01: Buffer utilisation at 41%
2026-05-01T18:23:04.217 [INFO    ] motor_02: System heartbeat OK
2026-05-01T18:23:04.467 [WARNING ] valve_05: Temperature elevated: 112.4°C — threshold 75°C
2026-05-01T18:23:04.718 [INFO    ] compressor_03: RPM stable at 62
2026-05-01T18:23:04.969 [INFO    ] conveyor_04: Sensor read cycle complete
2026-05-01T18:23:05.220 [WARNING ] conveyor_04: Vibration spike detected: 47.9 Hz
2026-05-01T18:23:05.470 [ERROR   ] conveyor_04: Communication error: CRC mismatch
2026-05-01T18:23:05.721 [INFO    ] pump_01: Connection alive
2026-05-01T18:23:05.971 [INFO    ] conveyor_04: System heartbeat OK
2026-05-01T18:23:06.221 [INFO    ] valve_05: RPM stable at 36
2026-05-01T18:23:06.472 [WARNING ] pump_01: Vibration spike detected: 47.4 Hz
2026-05-01T18:23:06.722 [INFO    ] motor_02: RPM stable at 101
2026-05-01T18:23:06.973 [WARNING ] valve_05: Buffer utilisation at 111%
2026-05-01T18:23:07.223 [WARNING ] compressor_03: Retry attempt 81 for register 0x0002
2026-05-01T18:23:07.474 [INFO    ] pump_01: Pressure normal: 46.35 bar
2026-05-01T18:23:07.724 [INFO    ] motor_02: RPM stable at 40
2026-05-01T18:23:07.975 [INFO    ] pump_01: Sensor read cycle complete
2026-05-01T18:23:08.226 [INFO    ] compressor_03: Connection alive
2026-05-01T18:23:08.476 [ERROR   ] motor_02: Motor stall detected — RPM dropped to 53
2026-05-01T18:23:08.727 [ERROR   ] valve_05: Communication error: CRC mismatch
2026-05-01T18:23:08.978 [WARNING ] pump_01: Buffer utilisation at 43%
2026-05-01T18:23:09.229 [ERROR   ] valve_05: Sensor read FAILED — register 0x0003 timeout
2026-05-01T18:23:09.479 [INFO    ] motor_02: Sensor read cycle complete
2026-05-01T18:23:09.729 [ERROR   ] motor_02: Sensor read FAILED — register 0x0003 timeout
2026-05-01T18:23:09.980 [INFO    ] pump_01: Connection alive
2026-05-01T18:23:10.230 [INFO    ] pump_01: Connection alive
2026-05-01T18:23:10.481 [INFO    ] conveyor_04: Pressure normal: 47.70 bar
2026-05-01T18:23:10.731 [INFO    ] motor_02: Temperature within normal range: 81.6°C
2026-05-01T18:23:10.982 [WARNING ] valve_05: Temperature elevated: 98.8°C — threshold 75°C
2026-05-01T18:23:11.233 [CRITICAL] compressor_03: Power supply failure detected
2026-05-01T18:23:11.483 [WARNING ] compressor_03: Temperature elevated: 19.1°C — threshold 75°C
2026-05-01T18:23:11.734 [INFO    ] pump_01: Sensor read cycle complete
2026-05-01T18:23:11.985 [WARNING ] compressor_03: Vibration spike detected: 89.8 Hz
2026-05-01T18:23:12.235 [INFO    ] conveyor_04: Temperature within normal range: 76.5°C
2026-05-01T18:23:12.486 [INFO    ] valve_05: Temperature within normal range: 105.4°C
2026-05-01T18:23:12.737 [INFO    ] compressor_03: System heartbeat OK
2026-05-01T18:23:12.987 [INFO    ] compressor_03: Connection alive
2026-05-01T18:23:13.238 [INFO    ] valve_05: Sensor read cycle complete
2026-05-01T18:23:13.489 [WARNING ] compressor_03: Response latency high: 13ms
2026-05-01T18:23:13.739 [ERROR   ] pump_01: Motor stall detected — RPM dropped to 111
2026-05-01T18:23:13.990 [WARNING ] conveyor_04: Vibration spike detected: 84.5 Hz
2026-05-01T18:23:14.240 [INFO    ] pump_01: Connection alive
2026-05-01T18:23:14.491 [WARNING ] conveyor_04: Vibration spike detected: 110.3 Hz
2026-05-01T18:23:14.741 [WARNING ] valve_05: Temperature elevated: 20.4°C — threshold 75°C
2026-05-01T18:23:14.992 [INFO    ] conveyor_04: Pressure normal: 106.04 bar
2026-05-01T18:23:15.242 [INFO    ] motor_02: Pressure normal: 58.85 bar
2026-05-01T18:23:15.493 [INFO    ] valve_05: System heartbeat OK
2026-05-01T18:23:15.744 [WARNING ] valve_05: Vibration spike detected: 11.0 Hz
2026-05-01T18:23:15.994 [INFO    ] motor_02: RPM stable at 13
2026-05-01T18:23:16.245 [ERROR   ] motor_02: Over-temperature limit exceeded: 71.1°C
2026-05-01T18:23:16.496 [ERROR   ] compressor_03: Over-temperature limit exceeded: 43.1°C
2026-05-01T18:23:16.746 [WARNING ] motor_02: Vibration spike detected: 11.2 Hz
2026-05-01T18:23:16.997 [INFO    ] compressor_03: Connection alive
2026-05-01T18:23:17.247 [INFO    ] pump_01: System heartbeat OK
2026-05-01T18:23:17.498 [WARNING ] compressor_03: Vibration spike detected: 30.8 Hz
2026-05-01T18:23:17.749 [INFO    ] motor_02: Temperature within normal range: 75.5°C
2026-05-01T18:23:17.999 [INFO    ] motor_02: Connection alive
2026-05-01T18:23:18.250 [WARNING ] valve_05: Buffer utilisation at 97%
2026-05-01T18:23:18.500 [WARNING ] valve_05: Retry attempt 17 for register 0x0002
2026-05-01T18:23:18.751 [INFO    ] conveyor_04: Pressure normal: 75.46 bar
2026-05-01T18:23:19.001 [INFO    ] valve_05: Temperature within normal range: 105.7°C
2026-05-01T18:23:19.252 [WARNING ] compressor_03: Vibration spike detected: 32.6 Hz
2026-05-01T18:23:19.502 [INFO    ] conveyor_04: RPM stable at 45
2026-05-01T18:23:19.753 [INFO    ] conveyor_04: Temperature within normal range: 53.3°C
2026-05-01T18:23:20.003 [WARNING ] valve_05: Temperature elevated: 12.6°C — threshold 75°C
2026-05-01T18:23:20.254 [WARNING ] valve_05: Response latency high: 58ms
2026-05-01T18:23:20.505 [INFO    ] conveyor_04: Temperature within normal range: 41.1°C
2026-05-01T18:23:20.756 [INFO    ] pump_01: Pressure normal: 14.86 bar
2026-05-01T18:23:21.006 [WARNING ] motor_02: Vibration spike detected: 63.7 Hz
2026-05-01T18:23:21.257 [INFO    ] compressor_03: Pressure normal: 55.12 bar
2026-05-01T18:23:21.507 [INFO    ] motor_02: Pressure normal: 116.00 bar
2026-05-01T18:23:21.758 [INFO    ] valve_05: Temperature within normal range: 43.6°C
2026-05-01T18:23:22.008 [INFO    ] conveyor_04: Sensor read cycle complete
2026-05-01T18:23:22.259 [ERROR   ] compressor_03: Motor stall detected — RPM dropped to 11
2026-05-01T18:23:22.509 [INFO    ] valve_05: Connection alive
2026-05-01T18:23:22.760 [INFO    ] compressor_03: System heartbeat OK
2026-05-01T18:23:23.011 [INFO    ] conveyor_04: Pressure normal: 49.84 bar
2026-05-01T18:23:23.262 [WARNING ] pump_01: Response latency high: 53ms
2026-05-01T18:23:23.512 [INFO    ] pump_01: RPM stable at 112
2026-05-01T18:23:23.763 [WARNING ] motor_02: Buffer utilisation at 41%
2026-05-01T18:23:24.014 [INFO    ] valve_05: System heartbeat OK
2026-05-01T18:23:24.264 [ERROR   ] pump_01: Communication error: CRC mismatch
2026-05-01T18:23:24.515 [INFO    ] motor_02: Sensor read cycle complete
2026-05-01T18:23:24.766 [ERROR   ] valve_05: Communication error: CRC mismatch
2026-05-01T18:23:25.016 [WARNING ] motor_02: Retry attempt 67 for register 0x0002
2026-05-01T18:23:25.267 [WARNING ] compressor_03: Temperature elevated: 58.3°C — threshold 75°C
2026-05-01T18:23:25.517 [WARNING ] pump_01: Response latency high: 53ms
2026-05-01T18:23:25.768 [INFO    ] valve_05: Temperature within normal range: 52.4°C
2026-05-01T18:23:26.019 [WARNING ] valve_05: Vibration spike detected: 97.2 Hz
2026-05-01T18:23:26.270 [INFO    ] valve_05: Pressure normal: 82.09 bar
2026-05-01T18:23:26.521 [WARNING ] compressor_03: Vibration spike detected: 73.0 Hz
2026-05-01T18:23:26.772 [WARNING ] valve_05: Temperature elevated: 73.7°C — threshold 75°C
2026-05-01T18:23:27.023 [INFO    ] valve_05: Temperature within normal range: 29.0°C
2026-05-01T18:23:27.273 [INFO    ] compressor_03: Sensor read cycle complete
2026-05-01T18:23:27.524 [INFO    ] motor_02: System heartbeat OK
2026-05-01T18:23:27.775 [INFO    ] conveyor_04: Connection alive
2026-05-01T18:23:28.026 [WARNING ] motor_02: Retry attempt 36 for register 0x0002
2026-05-01T18:23:28.276 [INFO    ] compressor_03: Pressure normal: 59.83 bar
2026-05-01T18:23:28.527 [WARNING ] motor_02: Response latency high: 22ms
2026-05-01T18:23:28.778 [INFO    ] compressor_03: System heartbeat OK
2026-05-01T18:23:29.028 [INFO    ] pump_01: Connection alive
2026-05-01T18:23:29.279 [INFO    ] conveyor_04: Temperature within normal range: 53.5°C
2026-05-01T18:23:29.529 [INFO    ] conveyor_04: Connection alive
2026-05-01T18:23:29.780 [ERROR   ] conveyor_04: Motor stall detected — RPM dropped to 109
2026-05-01T18:23:30.030 [INFO    ] compressor_03: RPM stable at 85
2026-05-01T18:23:30.281 [INFO    ] compressor_03: Temperature within normal range: 62.7°C
2026-05-01T18:23:30.532 [WARNING ] valve_05: Response latency high: 17ms
2026-05-01T18:23:30.783 [INFO    ] conveyor_04: System heartbeat OK
2026-05-01T18:23:31.033 [INFO    ] compressor_03: Connection alive
2026-05-01T18:23:31.284 [INFO    ] conveyor_04: Connection alive
2026-05-01T18:23:31.534 [CRITICAL] pump_01: Power supply failure detected
2026-05-01T18:23:31.785 [ERROR   ] conveyor_04: Motor stall detected — RPM dropped to 68
2026-05-01T18:23:32.035 [INFO    ] conveyor_04: Pressure normal: 108.80 bar
2026-05-01T18:23:32.286 [WARNING ] pump_01: Response latency high: 58ms
2026-05-01T18:23:32.536 [WARNING ] compressor_03: Response latency high: 53ms
2026-05-01T18:23:32.787 [INFO    ] compressor_03: RPM stable at 22
2026-05-01T18:23:33.039 [ERROR   ] valve_05: Over-temperature limit exceeded: 79.2°C
2026-05-01T18:23:33.290 [WARNING ] valve_05: Response latency high: 88ms
2026-05-01T18:23:33.540 [INFO    ] pump_01: System heartbeat OK
2026-05-01T18:23:33.791 [WARNING ] motor_02: Temperature elevated: 105.9°C — threshold 75°C
2026-05-01T18:23:34.042 [WARNING ] valve_05: Vibration spike detected: 115.1 Hz
2026-05-01T18:23:34.292 [INFO    ] motor_02: System heartbeat OK
2026-05-01T18:23:34.543 [INFO    ] pump_01: Temperature within normal range: 48.2°C
2026-05-01T18:23:34.794 [INFO    ] pump_01: RPM stable at 60
2026-05-01T18:23:35.044 [ERROR   ] pump_01: Communication error: CRC mismatch
2026-05-01T18:23:35.295 [INFO    ] conveyor_04: System heartbeat OK
2026-05-01T18:23:35.546 [INFO    ] valve_05: RPM stable at 51
2026-05-01T18:23:35.796 [INFO    ] pump_01: Temperature within normal range: 78.8°C
2026-05-01T18:23:36.047 [WARNING ] valve_05: Vibration spike detected: 19.0 Hz
2026-05-01T18:23:36.298 [WARNING ] conveyor_04: Temperature elevated: 17.9°C — threshold 75°C
2026-05-01T18:23:36.549 [CRITICAL] pump_01: Catastrophic vibration: 115.8 Hz — shutting down
2026-05-01T18:23:36.799 [CRITICAL] pump_01: EMERGENCY STOP triggered — safety interlock activated
2026-05-01T18:23:37.049 [CRITICAL] compressor_03: EMERGENCY STOP triggered — safety interlock activated
2026-05-01T18:23:37.300 [INFO    ] pump_01: RPM stable at 87
2026-05-01T18:23:37.551 [INFO    ] pump_01: Connection alive
2026-05-01T18:23:37.801 [WARNING ] pump_01: Response latency high: 79ms
2026-05-01T18:23:38.052 [INFO    ] pump_01: System heartbeat OK
2026-05-01T18:23:38.302 [INFO    ] conveyor_04: Pressure normal: 69.69 bar
2026-05-01T18:23:38.553 [INFO    ] pump_01: Sensor read cycle complete
2026-05-01T18:23:38.803 [WARNING ] conveyor_04: Retry attempt 87 for register 0x0002
2026-05-01T18:23:39.054 [INFO    ] conveyor_04: RPM stable at 36
2026-05-01T18:23:39.305 [INFO    ] valve_05: Temperature within normal range: 83.9°C
2026-05-01T18:23:39.555 [INFO    ] valve_05: Connection alive
2026-05-01T18:23:39.805 [INFO    ] valve_05: Pressure normal: 76.79 bar
2026-05-01T18:23:40.056 [INFO    ] motor_02: Sensor read cycle complete
2026-05-01T18:23:40.306 [WARNING ] conveyor_04: Buffer utilisation at 78%
2026-05-01T18:23:40.556 [WARNING ] valve_05: Retry attempt 57 for register 0x0002
2026-05-01T18:23:40.807 [ERROR   ] compressor_03: Over-temperature limit exceeded: 116.0°C
2026-05-01T18:23:41.058 [WARNING ] conveyor_04: Retry attempt 49 for register 0x0002
2026-05-01T18:23:41.308 [INFO    ] pump_01: Connection alive
2026-05-01T18:23:41.558 [INFO    ] compressor_03: Sensor read cycle complete
2026-05-01T18:23:41.809 [CRITICAL] conveyor_04: Catastrophic vibration: 88.1 Hz — shutting down
2026-05-01T18:23:42.060 [INFO    ] conveyor_04: Pressure normal: 25.67 bar
2026-05-01T18:23:42.310 [INFO    ] compressor_03: Sensor read cycle complete
2026-05-01T18:23:42.561 [INFO    ] compressor_03: Pressure normal: 23.23 bar
2026-05-01T18:23:42.811 [CRITICAL] compressor_03: Power supply failure detected
2026-05-01T18:23:43.062 [INFO    ] valve_05: RPM stable at 116
2026-05-01T18:23:43.313 [INFO    ] conveyor_04: Sensor read cycle complete
2026-05-01T18:23:43.563 [INFO    ] conveyor_04: Sensor read cycle complete
2026-05-01T18:23:43.814 [CRITICAL] motor_02: EMERGENCY STOP triggered — safety interlock activated
2026-05-01T18:23:44.065 [ERROR   ] compressor_03: Sensor read FAILED — register 0x0003 timeout
2026-05-01T18:23:44.316 [WARNING ] pump_01: Buffer utilisation at 120%
2026-05-01T18:23:44.566 [WARNING ] pump_01: Response latency high: 69ms
2026-05-01T18:23:44.816 [INFO    ] pump_01: RPM stable at 24
2026-05-01T18:23:45.067 [WARNING ] compressor_03: Temperature elevated: 31.5°C — threshold 75°C
2026-05-01T18:23:45.317 [INFO    ] conveyor_04: System heartbeat OK
2026-05-01T18:23:45.568 [INFO    ] valve_05: Sensor read cycle complete
2026-05-01T18:23:45.819 [INFO    ] conveyor_04: Connection alive
2026-05-01T18:23:46.069 [INFO    ] pump_01: Temperature within normal range: 15.0°C
2026-05-01T18:23:46.320 [INFO    ] compressor_03: Connection alive
2026-05-01T18:23:46.571 [INFO    ] compressor_03: Temperature within normal range: 74.5°C
2026-05-01T18:23:46.821 [WARNING ] valve_05: Buffer utilisation at 42%
2026-05-01T18:23:47.072 [CRITICAL] conveyor_04: EMERGENCY STOP triggered — safety interlock activated
2026-05-01T18:23:47.322 [WARNING ] compressor_03: Retry attempt 99 for register 0x0002
2026-05-01T18:23:47.573 [INFO    ] valve_05: Pressure normal: 53.39 bar
2026-05-01T18:23:47.824 [WARNING ] compressor_03: Buffer utilisation at 41%
2026-05-01T18:23:48.074 [ERROR   ] compressor_03: Communication error: CRC mismatch
2026-05-01T18:23:48.325 [CRITICAL] motor_02: EMERGENCY STOP triggered — safety interlock activated
2026-05-01T18:23:48.575 [ERROR   ] conveyor_04: Communication error: CRC mismatch
2026-05-01T18:23:48.826 [WARNING ] pump_01: Buffer utilisation at 71%
2026-05-01T18:23:49.076 [INFO    ] conveyor_04: Connection alive
2026-05-01T18:23:49.327 [WARNING ] motor_02: Response latency high: 23ms
2026-05-01T18:23:49.577 [INFO    ] conveyor_04: Sensor read cycle complete
2026-05-01T18:23:49.828 [CRITICAL] pump_01: Power supply failure detected
2026-05-01T18:23:50.078 [INFO    ] conveyor_04: Temperature within normal range: 80.3°C
2026-05-01T18:23:50.329 [WARNING ] conveyor_04: Temperature elevated: 10.2°C — threshold 75°C
2026-05-01T18:23:50.579 [WARNING ] conveyor_04: Response latency high: 119ms
2026-05-01T18:23:50.830 [WARNING ] motor_02: Response latency high: 79ms
2026-05-01T18:23:51.081 [INFO    ] pump_01: System heartbeat OK
2026-05-01T18:23:51.331 [WARNING ] conveyor_04: Temperature elevated: 103.3°C — threshold 75°C
2026-05-01T18:23:51.582 [INFO    ] conveyor_04: RPM stable at 55
2026-05-01T18:23:51.833 [INFO    ] motor_02: Connection alive
2026-05-01T18:23:52.083 [INFO    ] motor_02: Connection alive
2026-05-01T18:23:52.334 [INFO    ] compressor_03: Sensor read cycle complete
2026-05-01T18:23:52.585 [INFO    ] compressor_03: RPM stable at 93
2026-05-01T18:23:52.836 [WARNING ] motor_02: Response latency high: 70ms
2026-05-01T18:23:53.087 [WARNING ] valve_05: Retry attempt 62 for register 0x0002
2026-05-01T18:23:53.338 [WARNING ] compressor_03: Buffer utilisation at 27%
2026-05-01T18:23:53.589 [INFO    ] valve_05: Pressure normal: 30.36 bar
2026-05-01T18:23:53.839 [INFO    ] valve_05: System heartbeat OK
2026-05-01T18:23:54.090 [WARNING ] valve_05: Buffer utilisation at 52%
2026-05-01T18:23:54.341 [WARNING ] valve_05: Retry attempt 33 for register 0x0002
2026-05-01T18:23:54.592 [INFO    ] conveyor_04: RPM stable at 102
2026-05-01T18:23:54.842 [WARNING ] pump_01: Response latency high: 60ms
2026-05-01T18:23:55.093 [INFO    ] conveyor_04: System heartbeat OK
2026-05-01T18:23:55.343 [WARNING ] valve_05: Retry attempt 38 for register 0x0002
2026-05-01T18:23:55.594 [INFO    ] motor_02: Temperature within normal range: 109.2°C
2026-05-01T18:23:55.844 [INFO    ] compressor_03: Sensor read cycle complete
2026-05-01T18:23:56.095 [WARNING ] compressor_03: Buffer utilisation at 29%
2026-05-01T18:23:56.346 [CRITICAL] valve_05: Catastrophic vibration: 12.2 Hz — shutting down
2026-05-01T18:23:56.597 [CRITICAL] conveyor_04: EMERGENCY STOP triggered — safety interlock activated
2026-05-01T18:23:56.847 [INFO    ] compressor_03: RPM stable at 55
2026-05-01T18:23:57.098 [INFO    ] motor_02: Pressure normal: 43.36 bar
2026-05-01T18:23:57.348 [ERROR   ] valve_05: Sensor read FAILED — register 0x0003 timeout
2026-05-01T18:23:57.599 [ERROR   ] valve_05: Sensor read FAILED — register 0x0003 timeout
2026-05-01T18:23:57.850 [INFO    ] valve_05: Pressure normal: 108.53 bar
2026-05-01T18:23:58.100 [CRITICAL] compressor_03: EMERGENCY STOP triggered — safety interlock activated
2026-05-01T18:23:58.351 [INFO    ] compressor_03: Connection alive
2026-05-01T18:23:58.602 [WARNING ] compressor_03: Buffer utilisation at 38%
2026-05-01T18:23:58.852 [WARNING ] motor_02: Vibration spike detected: 14.0 Hz
2026-05-01T18:23:59.102 [INFO    ] motor_02: Pressure normal: 23.24 bar
2026-05-01T18:23:59.353 [ERROR   ] motor_02: Motor stall detected — RPM dropped to 51
2026-05-01T18:23:59.603 [WARNING ] motor_02: Response latency high: 23ms
2026-05-01T18:23:59.854 [INFO    ] valve_05: RPM stable at 88
2026-05-01T18:24:00.105 [INFO    ] pump_01: Sensor read cycle complete
2026-05-01T18:24:00.356 [INFO    ] compressor_03: Sensor read cycle complete
2026-05-01T18:24:00.606 [INFO    ] valve_05: RPM stable at 97
2026-05-01T18:24:00.857 [WARNING ] valve_05: Temperature elevated: 67.8°C — threshold 75°C
2026-05-01T18:24:01.107 [WARNING ] pump_01: Buffer utilisation at 21%
2026-05-01T18:24:01.358 [WARNING ] compressor_03: Vibration spike detected: 118.9 Hz
2026-05-01T18:24:01.608 [WARNING ] valve_05: Response latency high: 41ms
2026-05-01T18:24:01.859 [INFO    ] conveyor_04: Temperature within normal range: 62.0°C
2026-05-01T18:24:02.109 [INFO    ] conveyor_04: Sensor read cycle complete
2026-05-01T18:24:02.360 [INFO    ] valve_05: Sensor read cycle complete
2026-05-01T18:24:02.610 [INFO    ] compressor_03: RPM stable at 47
2026-05-01T18:24:02.861 [CRITICAL] valve_05: Power supply failure detected
2026-05-01T18:24:03.112 [INFO    ] motor_02: Pressure normal: 13.68 bar
2026-05-01T18:24:03.362 [INFO    ] conveyor_04: Connection alive
2026-05-01T18:24:03.613 [INFO    ] valve_05: Connection alive
2026-05-01T18:24:03.864 [CRITICAL] valve_05: Power supply failure detected
2026-05-01T18:24:04.114 [WARNING ] conveyor_04: Buffer utilisation at 107%
2026-05-01T18:24:04.365 [INFO    ] motor_02: Pressure normal: 91.06 bar
2026-05-01T18:24:04.615 [WARNING ] conveyor_04: Temperature elevated: 86.5°C — threshold 75°C
2026-05-01T18:24:04.866 [INFO    ] compressor_03: Sensor read cycle complete
2026-05-01T18:24:05.117 [INFO    ] pump_01: Pressure normal: 91.06 bar
2026-05-01T18:24:05.367 [INFO    ] motor_02: Temperature within normal range: 38.7°C
2026-05-01T18:24:05.618 [WARNING ] valve_05: Temperature elevated: 102.8°C — threshold 75°C
2026-05-01T18:24:05.869 [INFO    ] motor_02: Sensor read cycle complete
2026-05-01T18:24:06.120 [INFO    ] pump_01: Connection alive
2026-05-01T18:24:06.370 [ERROR   ] pump_01: Over-temperature limit exceeded: 24.9°C
2026-05-01T18:24:06.621 [ERROR   ] compressor_03: Over-temperature limit exceeded: 31.1°C
2026-05-01T18:24:06.872 [INFO    ] valve_05: Connection alive
2026-05-01T18:24:07.122 [ERROR   ] compressor_03: Motor stall detected — RPM dropped to 64
2026-05-01T18:24:07.373 [INFO    ] pump_01: RPM stable at 82
2026-05-01T18:24:07.624 [WARNING ] compressor_03: Temperature elevated: 15.7°C — threshold 75°C
2026-05-01T18:24:07.874 [CRITICAL] compressor_03: Catastrophic vibration: 36.8 Hz — shutting down
2026-05-01T18:24:08.125 [INFO    ] valve_05: System heartbeat OK
2026-05-01T18:24:08.375 [WARNING ] motor_02: Vibration spike detected: 75.1 Hz
2026-05-01T18:24:08.625 [INFO    ] motor_02: Pressure normal: 96.22 bar
2026-05-01T18:24:08.876 [INFO    ] conveyor_04: RPM stable at 39
2026-05-01T18:24:09.126 [WARNING ] conveyor_04: Buffer utilisation at 82%
2026-05-01T18:24:09.377 [INFO    ] compressor_03: Sensor read cycle complete
2026-05-01T18:24:09.628 [WARNING ] pump_01: Vibration spike detected: 119.2 Hz
2026-05-01T18:24:09.878 [INFO    ] compressor_03: Sensor read cycle complete
2026-05-01T18:24:10.129 [INFO    ] valve_05: RPM stable at 119
2026-05-01T18:24:10.380 [ERROR   ] conveyor_04: Over-temperature limit exceeded: 89.1°C
2026-05-01T18:24:10.631 [INFO    ] compressor_03: Temperature within normal range: 81.6°C
2026-05-01T18:24:10.881 [INFO    ] pump_01: RPM stable at 30
2026-05-01T18:24:11.132 [WARNING ] conveyor_04: Temperature elevated: 81.4°C — threshold 75°C
2026-05-01T18:24:11.382 [ERROR   ] pump_01: Communication error: CRC mismatch
2026-05-01T18:24:11.633 [INFO    ] conveyor_04: Temperature within normal range: 77.9°C
2026-05-01T18:24:11.884 [INFO    ] valve_05: Connection alive
2026-05-01T18:24:12.134 [WARNING ] conveyor_04: Buffer utilisation at 32%
2026-05-01T18:24:12.385 [INFO    ] motor_02: RPM stable at 56
2026-05-01T18:24:12.636 [INFO    ] pump_01: Pressure normal: 107.42 bar
2026-05-01T18:24:12.886 [INFO    ] motor_02: Sensor read cycle complete
2026-05-01T18:24:13.137 [INFO    ] conveyor_04: System heartbeat OK
2026-05-01T18:24:13.387 [WARNING ] conveyor_04: Temperature elevated: 55.2°C — threshold 75°C
2026-05-01T18:24:13.638 [INFO    ] valve_05: Connection alive
2026-05-01T18:24:13.889 [INFO    ] compressor_03: System heartbeat OK
2026-05-01T18:24:14.139 [INFO    ] conveyor_04: System heartbeat OK
2026-05-01T18:24:14.390 [WARNING ] pump_01: Retry attempt 56 for register 0x0002
2026-05-01T18:24:14.640 [INFO    ] motor_02: Connection alive
2026-05-01T18:24:14.891 [WARNING ] motor_02: Buffer utilisation at 82%
2026-05-01T18:24:15.142 [WARNING ] valve_05: Retry attempt 76 for register 0x0002
2026-05-01T18:24:15.392 [INFO    ] conveyor_04: Sensor read cycle complete
2026-05-01T18:24:15.642 [INFO    ] motor_02: Sensor read cycle complete
2026-05-01T18:24:15.894 [ERROR   ] motor_02: Sensor read FAILED — register 0x0003 timeout
2026-05-01T18:24:16.144 [WARNING ] valve_05: Temperature elevated: 23.8°C — threshold 75°C
2026-05-01T18:24:16.395 [INFO    ] compressor_03: Temperature within normal range: 28.2°C
2026-05-01T18:24:16.645 [INFO    ] conveyor_04: Pressure normal: 33.43 bar
2026-05-01T18:24:16.896 [INFO    ] conveyor_04: RPM stable at 52
2026-05-01T18:24:17.146 [INFO    ] conveyor_04: System heartbeat OK
2026-05-01T18:24:17.397 [INFO    ] valve_05: Connection alive
2026-05-01T18:24:17.648 [WARNING ] conveyor_04: Temperature elevated: 118.4°C — threshold 75°C
2026-05-01T18:24:17.898 [WARNING ] motor_02: Response latency high: 10ms
2026-05-01T18:24:18.149 [WARNING ] valve_05: Retry attempt 73 for register 0x0002
2026-05-01T18:24:18.400 [INFO    ] motor_02: Connection alive
2026-05-01T18:24:18.651 [INFO    ] pump_01: Pressure normal: 86.01 bar
2026-05-01T18:24:18.902 [INFO    ] motor_02: Pressure normal: 101.15 bar
2026-05-01T18:24:19.153 [INFO    ] compressor_03: Sensor read cycle complete
2026-05-01T18:24:19.403 [INFO    ] compressor_03: Sensor read cycle complete
2026-05-01T18:24:19.654 [INFO    ] compressor_03: Connection alive
2026-05-01T18:24:19.904 [INFO    ] pump_01: Sensor read cycle complete
2026-05-01T18:24:20.155 [INFO    ] valve_05: Pressure normal: 49.01 bar
2026-05-01T18:24:20.406 [INFO    ] conveyor_04: Sensor read cycle complete
2026-05-01T18:24:20.656 [INFO    ] pump_01: Pressure normal: 92.65 bar
2026-05-01T18:24:20.907 [WARNING ] valve_05: Buffer utilisation at 52%
2026-05-01T18:24:21.158 [INFO    ] motor_02: Temperature within normal range: 100.8°C
2026-05-01T18:24:21.409 [WARNING ] motor_02: Retry attempt 78 for register 0x0002
2026-05-01T18:24:21.660 [INFO    ] conveyor_04: Connection alive
2026-05-01T18:24:21.910 [INFO    ] valve_05: Sensor read cycle complete
2026-05-01T18:24:22.161 [INFO    ] pump_01: Connection alive
2026-05-01T18:24:22.411 [WARNING ] pump_01: Vibration spike detected: 52.0 Hz
2026-05-01T18:24:22.662 [INFO    ] compressor_03: Sensor read cycle complete
2026-05-01T18:24:22.912 [CRITICAL] pump_01: Power supply failure detected
2026-05-01T18:24:23.163 [WARNING ] valve_05: Retry attempt 41 for register 0x0002
2026-05-01T18:24:23.414 [WARNING ] valve_05: Buffer utilisation at 82%
2026-05-01T18:24:23.665 [WARNING ] conveyor_04: Buffer utilisation at 97%
2026-05-01T18:24:23.915 [INFO    ] conveyor_04: Pressure normal: 49.88 bar
2026-05-01T18:24:24.166 [INFO    ] compressor_03: RPM stable at 50
2026-05-01T18:24:24.416 [WARNING ] conveyor_04: Retry attempt 106 for register 0x0002
2026-05-01T18:24:24.667 [INFO    ] pump_01: Pressure normal: 104.18 bar
2026-05-01T18:24:24.917 [ERROR   ] pump_01: Motor stall detected — RPM dropped to 67
2026-05-01T18:24:25.168 [WARNING ] motor_02: Response latency high: 12ms
2026-05-01T18:24:25.418 [ERROR   ] motor_02: Motor stall detected — RPM dropped to 14
2026-05-01T18:24:25.669 [INFO    ] pump_01: Pressure normal: 58.30 bar
2026-05-01T18:24:25.920 [INFO    ] compressor_03: Sensor read cycle complete
2026-05-01T18:24:26.170 [ERROR   ] conveyor_04: Over-temperature limit exceeded: 16.9°C
2026-05-01T18:24:26.421 [WARNING ] compressor_03: Vibration spike detected: 98.1 Hz
2026-05-01T18:24:26.671 [WARNING ] pump_01: Vibration spike detected: 76.4 Hz
2026-05-01T18:24:26.922 [INFO    ] compressor_03: Connection alive
2026-05-01T18:24:27.172 [INFO    ] pump_01: System heartbeat OK
2026-05-01T18:24:27.423 [INFO    ] pump_01: Connection alive
2026-05-01T18:24:27.674 [INFO    ] pump_01: Connection alive
2026-05-01T18:24:27.924 [WARNING ] pump_01: Vibration spike detected: 38.3 Hz
2026-05-01T18:24:28.175 [INFO    ] pump_01: RPM stable at 27
2026-05-01T18:24:28.425 [WARNING ] valve_05: Retry attempt 118 for register 0x0002
2026-05-01T18:24:28.676 [CRITICAL] valve_05: Power supply failure detected
2026-05-01T18:24:28.927 [INFO    ] compressor_03: RPM stable at 14
2026-05-01T18:24:29.177 [ERROR   ] motor_02: Sensor read FAILED — register 0x0003 timeout
2026-05-01T18:24:29.428 [INFO    ] pump_01: Sensor read cycle complete
2026-05-01T18:24:29.679 [WARNING ] valve_05: Buffer utilisation at 16%
2026-05-01T18:24:29.930 [INFO    ] motor_02: Connection alive
2026-05-01T18:24:30.181 [WARNING ] motor_02: Buffer utilisation at 22%
2026-05-01T18:24:30.431 [INFO    ] conveyor_04: Connection alive
2026-05-01T18:24:30.682 [INFO    ] valve_05: Sensor read cycle complete
2026-05-01T18:24:30.932 [INFO    ] compressor_03: RPM stable at 118
2026-05-01T18:24:31.183 [INFO    ] motor_02: Temperature within normal range: 106.9°C
2026-05-01T18:24:31.433 [INFO    ] conveyor_04: Connection alive
2026-05-01T18:24:31.684 [INFO    ] motor_02: Temperature within normal range: 100.8°C
2026-05-01T18:24:31.934 [CRITICAL] motor_02: EMERGENCY STOP triggered — safety interlock activated
2026-05-01T18:24:32.185 [WARNING ] compressor_03: Vibration spike detected: 52.3 Hz
2026-05-01T18:24:32.436 [INFO    ] motor_02: Temperature within normal range: 57.6°C
2026-05-01T18:24:32.686 [INFO    ] compressor_03: System heartbeat OK
2026-05-01T18:24:32.937 [INFO    ] compressor_03: Temperature within normal range: 68.8°C
2026-05-01T18:24:33.188 [ERROR   ] valve_05: Motor stall detected — RPM dropped to 56
2026-05-01T18:24:33.439 [INFO    ] pump_01: Sensor read cycle complete
2026-05-01T18:24:33.690 [INFO    ] valve_05: RPM stable at 88
2026-05-01T18:24:33.940 [WARNING ] motor_02: Vibration spike detected: 58.1 Hz
2026-05-01T18:24:34.191 [WARNING ] motor_02: Vibration spike detected: 91.1 Hz
2026-05-01T18:24:34.441 [INFO    ] pump_01: Pressure normal: 77.91 bar
2026-05-01T18:24:34.692 [ERROR   ] valve_05: Over-temperature limit exceeded: 14.7°C
2026-05-01T18:24:34.943 [INFO    ] pump_01: Sensor read cycle complete
2026-05-01T18:24:35.194 [ERROR   ] compressor_03: Motor stall detected — RPM dropped to 17
2026-05-01T18:24:35.444 [INFO    ] compressor_03: System heartbeat OK
2026-05-01T18:24:35.695 [INFO    ] motor_02: RPM stable at 91
2026-05-01T18:24:35.945 [INFO    ] conveyor_04: RPM stable at 16
2026-05-01T18:24:36.196 [ERROR   ] valve_05: Over-temperature limit exceeded: 19.0°C
2026-05-01T18:24:36.447 [INFO    ] motor_02: Temperature within normal range: 106.0°C
2026-05-01T18:24:36.697 [INFO    ] conveyor_04: Sensor read cycle complete
2026-05-01T18:24:36.947 [CRITICAL] motor_02: Catastrophic vibration: 96.8 Hz — shutting down
2026-05-01T18:24:37.198 [INFO    ] motor_02: Connection alive
2026-05-01T18:24:37.449 [INFO    ] motor_02: Sensor read cycle complete
2026-05-01T18:24:37.700 [ERROR   ] motor_02: Over-temperature limit exceeded: 18.8°C
2026-05-01T18:24:37.950 [INFO    ] pump_01: Temperature within normal range: 94.8°C
2026-05-01T18:24:38.201 [INFO    ] conveyor_04: Sensor read cycle complete
2026-05-01T18:24:38.452 [WARNING ] motor_02: Retry attempt 47 for register 0x0002
2026-05-01T18:24:38.702 [INFO    ] pump_01: Pressure normal: 46.03 bar
2026-05-01T18:24:38.953 [INFO    ] valve_05: Connection alive
2026-05-01T18:24:39.204 [WARNING ] motor_02: Buffer utilisation at 78%
2026-05-01T18:24:39.454 [INFO    ] motor_02: Connection alive
2026-05-01T18:24:39.704 [WARNING ] pump_01: Temperature elevated: 10.7°C — threshold 75°C
2026-05-01T18:24:39.955 [CRITICAL] motor_02: EMERGENCY STOP triggered — safety interlock activated
2026-05-01T18:24:40.206 [CRITICAL] conveyor_04: Power supply failure detected
2026-05-01T18:24:40.456 [INFO    ] motor_02: System heartbeat OK
2026-05-01T18:24:40.707 [INFO    ] conveyor_04: Sensor read cycle complete
2026-05-01T18:24:40.957 [WARNING ] motor_02: Retry attempt 86 for register 0x0002
2026-05-01T18:24:41.208 [INFO    ] compressor_03: Pressure normal: 29.26 bar
2026-05-01T18:24:41.458 [INFO    ] motor_02: Pressure normal: 64.10 bar
2026-05-01T18:24:41.709 [INFO    ] pump_01: Temperature within normal range: 66.2°C
2026-05-01T18:24:41.960 [INFO    ] compressor_03: RPM stable at 44
2026-05-01T18:24:42.210 [WARNING ] pump_01: Temperature elevated: 57.8°C — threshold 75°C
2026-05-01T18:24:42.461 [INFO    ] conveyor_04: RPM stable at 106
2026-05-01T18:24:42.712 [WARNING ] pump_01: Vibration spike detected: 47.1 Hz
2026-05-01T18:24:42.962 [WARNING ] valve_05: Vibration spike detected: 23.3 Hz
2026-05-01T18:24:43.213 [INFO    ] valve_05: Connection alive
2026-05-01T18:24:43.463 [WARNING ] conveyor_04: Buffer utilisation at 20%
2026-05-01T18:24:43.714 [ERROR   ] pump_01: Motor stall detected — RPM dropped to 11
2026-05-01T18:24:43.964 [INFO    ] conveyor_04: Temperature within normal range: 64.4°C
2026-05-01T18:24:44.215 [INFO    ] compressor_03: Pressure normal: 109.91 bar
2026-05-01T18:24:44.466 [INFO    ] motor_02: System heartbeat OK
2026-05-01T18:24:44.716 [INFO    ] valve_05: Temperature within normal range: 108.3°C
2026-05-01T18:24:44.966 [INFO    ] conveyor_04: Temperature within normal range: 12.5°C
2026-05-01T18:24:45.217 [WARNING ] compressor_03: Retry attempt 111 for register 0x0002
2026-05-01T18:24:45.467 [INFO    ] compressor_03: Connection alive
2026-05-01T18:24:45.718 [WARNING ] compressor_03: Response latency high: 91ms
2026-05-01T18:24:45.969 [WARNING ] conveyor_04: Vibration spike detected: 106.9 Hz
2026-05-01T18:24:46.219 [INFO    ] motor_02: Pressure normal: 58.27 bar
2026-05-01T18:24:46.470 [WARNING ] valve_05: Vibration spike detected: 117.8 Hz
2026-05-01T18:24:46.721 [INFO    ] valve_05: Temperature within normal range: 83.7°C
2026-05-01T18:24:46.971 [INFO    ] pump_01: Sensor read cycle complete
2026-05-01T18:24:47.222 [INFO    ] motor_02: Pressure normal: 81.81 bar
2026-05-01T18:24:47.472 [ERROR   ] conveyor_04: Motor stall detected — RPM dropped to 92
2026-05-01T18:24:47.723 [CRITICAL] motor_02: Power supply failure detected
2026-05-01T18:24:47.973 [WARNING ] valve_05: Response latency high: 33ms
2026-05-01T18:24:48.224 [INFO    ] motor_02: RPM stable at 49
2026-05-01T18:24:48.475 [CRITICAL] valve_05: Power supply failure detected
2026-05-01T18:24:48.725 [WARNING ] compressor_03: Buffer utilisation at 111%
2026-05-01T18:24:48.975 [INFO    ] motor_02: Sensor read cycle complete
2026-05-01T18:24:49.226 [INFO    ] conveyor_04: Sensor read cycle complete
2026-05-01T18:24:49.477 [INFO    ] motor_02: System heartbeat OK
2026-05-01T18:24:49.728 [INFO    ] conveyor_04: Sensor read cycle complete
2026-05-01T18:24:49.979 [INFO    ] valve_05: System heartbeat OK
2026-05-01T18:24:50.229 [WARNING ] compressor_03: Vibration spike detected: 110.5 Hz
2026-05-01T18:24:50.480 [WARNING ] compressor_03: Vibration spike detected: 110.0 Hz
2026-05-01T18:24:50.731 [WARNING ] valve_05: Vibration spike detected: 89.5 Hz
2026-05-01T18:24:50.982 [INFO    ] pump_01: Connection alive
2026-05-01T18:24:51.232 [INFO    ] motor_02: RPM stable at 49
2026-05-01T18:24:51.483 [INFO    ] valve_05: Connection alive
2026-05-01T18:24:51.733 [INFO    ] pump_01: Sensor read cycle complete
2026-05-01T18:24:51.984 [INFO    ] valve_05: RPM stable at 13
2026-05-01T18:24:52.234 [INFO    ] compressor_03: Connection alive
2026-05-01T18:24:52.485 [WARNING ] pump_01: Vibration spike detected: 17.0 Hz
2026-05-01T18:24:52.736 [INFO    ] conveyor_04: Temperature within normal range: 21.4°C
2026-05-01T18:24:52.986 [WARNING ] conveyor_04: Buffer utilisation at 111%
2026-05-01T18:24:53.237 [WARNING ] conveyor_04: Response latency high: 20ms
2026-05-01T18:24:53.488 [INFO    ] motor_02: Connection alive
2026-05-01T18:24:53.738 [INFO    ] compressor_03: RPM stable at 54
2026-05-01T18:24:53.989 [CRITICAL] pump_01: Power supply failure detected
2026-05-01T18:24:54.239 [INFO    ] pump_01: Temperature within normal range: 94.5°C
2026-05-01T18:24:54.490 [WARNING ] compressor_03: Vibration spike detected: 69.2 Hz
2026-05-01T18:24:54.740 [WARNING ] compressor_03: Vibration spike detected: 105.8 Hz
2026-05-01T18:24:54.991 [INFO    ] motor_02: Sensor read cycle complete
2026-05-01T18:24:55.242 [ERROR   ] pump_01: Sensor read FAILED — register 0x0003 timeout
2026-05-01T18:24:55.492 [WARNING ] conveyor_04: Retry attempt 104 for register 0x0002
2026-05-01T18:24:55.743 [INFO    ] motor_02: Pressure normal: 64.91 bar
2026-05-01T18:24:55.993 [INFO    ] conveyor_04: Sensor read cycle complete
2026-05-01T18:24:56.244 [INFO    ] valve_05: Pressure normal: 14.94 bar
2026-05-01T18:24:56.495 [INFO    ] pump_01: Connection alive
2026-05-01T18:24:56.745 [CRITICAL] motor_02: EMERGENCY STOP triggered — safety interlock activated
2026-05-01T18:24:56.996 [INFO    ] compressor_03: Pressure normal: 76.06 bar
2026-05-01T18:24:57.247 [WARNING ] motor_02: Vibration spike detected: 69.7 Hz
2026-05-01T18:24:57.497 [INFO    ] pump_01: Temperature within normal range: 80.7°C
2026-05-01T18:24:57.748 [WARNING ] compressor_03: Response latency high: 15ms
2026-05-01T18:24:57.999 [INFO    ] pump_01: RPM stable at 100
2026-05-01T18:24:58.249 [ERROR   ] pump_01: Over-temperature limit exceeded: 68.2°C
2026-05-01T18:24:58.500 [WARNING ] conveyor_04: Vibration spike detected: 108.0 Hz
2026-05-01T18:24:58.751 [ERROR   ] pump_01: Sensor read FAILED — register 0x0003 timeout
2026-05-01T18:24:59.001 [INFO    ] compressor_03: System heartbeat OK
2026-05-01T18:24:59.253 [INFO    ] compressor_03: Sensor read cycle complete
2026-05-01T18:24:59.503 [INFO    ] compressor_03: RPM stable at 55
2026-05-01T18:24:59.754 [INFO    ] conveyor_04: Connection alive
2026-05-01T18:25:00.005 [INFO    ] pump_01: Sensor read cycle complete
2026-05-01T18:25:00.255 [WARNING ] valve_05: Vibration spike detected: 42.1 Hz
2026-05-01T18:25:00.506 [WARNING ] motor_02: Response latency high: 38ms
2026-05-01T18:25:00.756 [INFO    ] compressor_03: Pressure normal: 27.78 bar
2026-05-01T18:25:01.007 [WARNING ] conveyor_04: Temperature elevated: 62.8°C — threshold 75°C
2026-05-01T18:25:01.258 [INFO    ] pump_01: RPM stable at 10
2026-05-01T18:25:01.509 [INFO    ] pump_01: System heartbeat OK
2026-05-01T18:25:01.759 [INFO    ] motor_02: Pressure normal: 51.92 bar
2026-05-01T18:25:02.010 [INFO    ] conveyor_04: Connection alive
2026-05-01T18:25:02.261 [INFO    ] conveyor_04: System heartbeat OK
2026-05-01T18:25:02.511 [WARNING ] motor_02: Response latency high: 36ms
2026-05-01T18:25:02.762 [INFO    ] pump_01: Temperature within normal range: 33.0°C
2026-05-01T18:25:03.012 [INFO    ] valve_05: Sensor read cycle complete
2026-05-01T18:25:03.263 [CRITICAL] compressor_03: Power supply failure detected
2026-05-01T18:25:03.514 [ERROR   ] compressor_03: Sensor read FAILED — register 0x0003 timeout
2026-05-01T18:25:03.764 [INFO    ] compressor_03: Pressure normal: 35.93 bar
2026-05-01T18:25:04.015 [INFO    ] compressor_03: RPM stable at 20
2026-05-01T18:25:04.266 [INFO    ] valve_05: System heartbeat OK
2026-05-01T18:25:04.516 [WARNING ] valve_05: Temperature elevated: 74.6°C — threshold 75°C
2026-05-01T18:25:04.767 [WARNING ] pump_01: Temperature elevated: 32.1°C — threshold 75°C
2026-05-01T18:25:05.018 [INFO    ] conveyor_04: Temperature within normal range: 47.6°C
2026-05-01T18:25:05.269 [INFO    ] motor_02: System heartbeat OK
2026-05-01T18:25:05.519 [INFO    ] compressor_03: Temperature within normal range: 102.8°C
2026-05-01T18:25:05.770 [INFO    ] pump_01: RPM stable at 91
2026-05-01T18:25:06.020 [WARNING ] valve_05: Response latency high: 112ms
2026-05-01T18:25:06.271 [INFO    ] valve_05: Temperature within normal range: 20.3°C
2026-05-01T18:25:06.522 [INFO    ] motor_02: Sensor read cycle complete
2026-05-01T18:25:06.772 [WARNING ] pump_01: Vibration spike detected: 19.5 Hz
2026-05-01T18:25:07.023 [WARNING ] motor_02: Buffer utilisation at 119%
2026-05-01T18:25:07.273 [INFO    ] motor_02: Temperature within normal range: 80.6°C
2026-05-01T18:25:07.524 [INFO    ] motor_02: Connection alive
2026-05-01T18:25:07.775 [CRITICAL] conveyor_04: EMERGENCY STOP triggered — safety interlock activated
2026-05-01T18:25:08.025 [WARNING ] compressor_03: Temperature elevated: 54.9°C — threshold 75°C
2026-05-01T18:25:08.276 [INFO    ] motor_02: Sensor read cycle complete
2026-05-01T18:25:08.527 [WARNING ] motor_02: Retry attempt 103 for register 0x0002
2026-05-01T18:25:08.778 [INFO    ] conveyor_04: Temperature within normal range: 88.4°C
2026-05-01T18:25:09.028 [WARNING ] compressor_03: Vibration spike detected: 57.9 Hz
2026-05-01T18:25:09.279 [INFO    ] pump_01: Connection alive
2026-05-01T18:25:09.530 [WARNING ] valve_05: Buffer utilisation at 98%
2026-05-01T18:25:09.781 [INFO    ] valve_05: RPM stable at 99
2026-05-01T18:25:10.031 [INFO    ] compressor_03: RPM stable at 33
2026-05-01T18:25:10.282 [INFO    ] compressor_03: Temperature within normal range: 94.2°C
2026-05-01T18:25:10.532 [INFO    ] motor_02: Sensor read cycle complete
2026-05-01T18:25:10.783 [INFO    ] valve_05: Temperature within normal range: 105.0°C
2026-05-01T18:25:11.034 [WARNING ] conveyor_04: Retry attempt 70 for register 0x0002
2026-05-01T18:25:11.284 [WARNING ] conveyor_04: Vibration spike detected: 67.8 Hz
2026-05-01T18:25:11.535 [INFO    ] motor_02: Connection alive
2026-05-01T18:25:11.786 [ERROR   ] compressor_03: Sensor read FAILED — register 0x0003 timeout
2026-05-01T18:25:12.037 [ERROR   ] valve_05: Sensor read FAILED — register 0x0003 timeout
2026-05-01T18:25:12.287 [WARNING ] compressor_03: Buffer utilisation at 67%
2026-05-01T18:25:12.538 [WARNING ] motor_02: Retry attempt 61 for register 0x0002
2026-05-01T18:25:12.789 [WARNING ] pump_01: Temperature elevated: 76.7°C — threshold 75°C
2026-05-01T18:25:13.039 [WARNING ] motor_02: Retry attempt 17 for register 0x0002
2026-05-01T18:25:13.290 [INFO    ] compressor_03: Connection alive
2026-05-01T18:25:13.540 [ERROR   ] pump_01: Communication error: CRC mismatch
2026-05-01T18:25:13.791 [INFO    ] pump_01: System heartbeat OK
2026-05-01T18:25:14.041 [ERROR   ] pump_01: Communication error: CRC mismatch
2026-05-01T18:25:14.292 [ERROR   ] pump_01: Motor stall detected — RPM dropped to 26
2026-05-01T18:25:14.544 [INFO    ] valve_05: RPM stable at 55
2026-05-01T18:25:14.794 [INFO    ] conveyor_04: RPM stable at 92
2026-05-01T18:25:15.046 [WARNING ] pump_01: Response latency high: 110ms
2026-05-01T18:25:15.297 [WARNING ] valve_05: Temperature elevated: 11.7°C — threshold 75°C
2026-05-01T18:25:15.547 [WARNING ] pump_01: Response latency high: 28ms
2026-05-01T18:25:15.798 [INFO    ] pump_01: Sensor read cycle complete
2026-05-01T18:25:16.049 [WARNING ] pump_01: Response latency high: 20ms
2026-05-01T18:25:16.299 [INFO    ] conveyor_04: Pressure normal: 53.49 bar
2026-05-01T18:25:16.551 [INFO    ] motor_02: Pressure normal: 35.23 bar
2026-05-01T18:25:16.802 [INFO    ] motor_02: System heartbeat OK
2026-05-01T18:25:17.053 [INFO    ] motor_02: Connection alive
2026-05-01T18:25:17.303 [WARNING ] valve_05: Vibration spike detected: 22.2 Hz
2026-05-01T18:25:17.554 [INFO    ] motor_02: Pressure normal: 98.68 bar
2026-05-01T18:25:17.805 [INFO    ] conveyor_04: RPM stable at 43
2026-05-01T18:25:18.055 [WARNING ] motor_02: Vibration spike detected: 81.6 Hz
2026-05-01T18:25:18.305 [INFO    ] pump_01: System heartbeat OK
2026-05-01T18:25:18.556 [WARNING ] pump_01: Buffer utilisation at 33%
2026-05-01T18:25:18.810 [INFO    ] conveyor_04: System heartbeat OK
2026-05-01T18:25:19.060 [INFO    ] motor_02: Sensor read cycle complete
2026-05-01T18:25:19.311 [CRITICAL] pump_01: Catastrophic vibration: 68.8 Hz — shutting down
2026-05-01T18:25:19.562 [ERROR   ] compressor_03: Sensor read FAILED — register 0x0003 timeout
2026-05-01T18:25:19.812 [WARNING ] pump_01: Temperature elevated: 45.3°C — threshold 75°C
2026-05-01T18:25:20.063 [INFO    ] pump_01: RPM stable at 47
2026-05-01T18:25:20.315 [INFO    ] motor_02: Pressure normal: 77.69 bar
2026-05-01T18:25:20.566 [CRITICAL] compressor_03: Power supply failure detected
2026-05-01T18:25:20.817 [WARNING ] compressor_03: Temperature elevated: 106.7°C — threshold 75°C
2026-05-01T18:25:21.067 [ERROR   ] pump_01: Motor stall detected — RPM dropped to 101
2026-05-01T18:25:21.318 [INFO    ] compressor_03: Temperature within normal range: 39.2°C
2026-05-01T18:25:21.569 [INFO    ] pump_01: System heartbeat OK
2026-05-01T18:25:21.819 [ERROR   ] valve_05: Motor stall detected — RPM dropped to 112
2026-05-01T18:25:22.070 [INFO    ] valve_05: Pressure normal: 104.21 bar
2026-05-01T18:25:22.321 [INFO    ] valve_05: Temperature within normal range: 35.0°C
2026-05-01T18:25:22.574 [CRITICAL] conveyor_04: EMERGENCY STOP triggered — safety interlock activated
2026-05-01T18:25:22.828 [ERROR   ] motor_02: Communication error: CRC mismatch
2026-05-01T18:25:23.079 [INFO    ] motor_02: Sensor read cycle complete
2026-05-01T18:25:23.329 [INFO    ] conveyor_04: Connection alive
2026-05-01T18:25:23.582 [CRITICAL] motor_02: Power supply failure detected
2026-05-01T18:25:23.833 [CRITICAL] compressor_03: Catastrophic vibration: 27.0 Hz — shutting down
2026-05-01T18:25:24.083 [ERROR   ] conveyor_04: Communication error: CRC mismatch
2026-05-01T18:25:24.334 [INFO    ] conveyor_04: RPM stable at 115
2026-05-01T18:25:24.584 [INFO    ] valve_05: Temperature within normal range: 33.1°C
2026-05-01T18:25:24.835 [INFO    ] conveyor_04: Sensor read cycle complete
2026-05-01T18:25:25.085 [ERROR   ] motor_02: Over-temperature limit exceeded: 83.8°C
2026-05-01T18:25:25.336 [WARNING ] motor_02: Buffer utilisation at 71%
2026-05-01T18:25:25.588 [INFO    ] pump_01: Temperature within normal range: 107.2°C
2026-05-01T18:25:25.839 [INFO    ] conveyor_04: RPM stable at 90
2026-05-01T18:25:26.090 [WARNING ] motor_02: Retry attempt 37 for register 0x0002
2026-05-01T18:25:26.340 [INFO    ] motor_02: Temperature within normal range: 10.6°C
2026-05-01T18:25:26.591 [WARNING ] valve_05: Buffer utilisation at 112%
2026-05-01T18:25:26.841 [WARNING ] compressor_03: Retry attempt 28 for register 0x0002
2026-05-01T18:25:27.092 [INFO    ] pump_01: Pressure normal: 58.90 bar
2026-05-01T18:25:27.342 [INFO    ] compressor_03: System heartbeat OK
2026-05-01T18:25:27.593 [INFO    ] pump_01: RPM stable at 111
2026-05-01T18:25:27.844 [ERROR   ] compressor_03: Over-temperature limit exceeded: 34.0°C
2026-05-01T18:25:28.095 [INFO    ] motor_02: Connection alive
2026-05-01T18:25:28.346 [INFO    ] motor_02: Connection alive
2026-05-01T18:25:28.596 [WARNING ] compressor_03: Vibration spike detected: 45.5 Hz
2026-05-01T18:25:28.847 [INFO    ] pump_01: Pressure normal: 110.31 bar
2026-05-01T18:25:29.098 [WARNING ] pump_01: Buffer utilisation at 41%
2026-05-01T18:25:29.348 [ERROR   ] pump_01: Sensor read FAILED — register 0x0003 timeout
2026-05-01T18:25:29.599 [INFO    ] pump_01: RPM stable at 22
2026-05-01T18:25:29.850 [INFO    ] motor_02: Pressure normal: 45.26 bar
2026-05-01T18:25:30.100 [INFO    ] pump_01: RPM stable at 58
2026-05-01T18:25:30.352 [INFO    ] motor_02: Temperature within normal range: 22.0°C
2026-05-01T18:25:30.603 [INFO    ] pump_01: Temperature within normal range: 47.9°C
2026-05-01T18:25:30.854 [INFO    ] pump_01: Sensor read cycle complete
2026-05-01T18:25:31.104 [WARNING ] conveyor_04: Temperature elevated: 30.9°C — threshold 75°C
2026-05-01T18:25:31.355 [INFO    ] compressor_03: Temperature within normal range: 94.4°C
2026-05-01T18:25:31.606 [WARNING ] pump_01: Vibration spike detected: 53.6 Hz
2026-05-01T18:25:31.857 [WARNING ] motor_02: Buffer utilisation at 100%
2026-05-01T18:25:32.107 [WARNING ] compressor_03: Response latency high: 17ms
2026-05-01T18:25:32.359 [WARNING ] compressor_03: Response latency high: 12ms
2026-05-01T18:25:32.610 [CRITICAL] compressor_03: Power supply failure detected
2026-05-01T18:25:32.861 [WARNING ] conveyor_04: Vibration spike detected: 82.1 Hz
2026-05-01T18:25:33.112 [INFO    ] valve_05: RPM stable at 44
2026-05-01T18:25:33.364 [INFO    ] motor_02: Sensor read cycle complete
2026-05-01T18:25:33.614 [INFO    ] pump_01: Pressure normal: 90.35 bar
2026-05-01T18:25:33.865 [WARNING ] valve_05: Buffer utilisation at 60%
2026-05-01T18:25:34.115 [ERROR   ] motor_02: Sensor read FAILED — register 0x0003 timeout
2026-05-01T18:25:34.366 [ERROR   ] valve_05: Over-temperature limit exceeded: 113.3°C
2026-05-01T18:25:34.616 [WARNING ] conveyor_04: Response latency high: 109ms
2026-05-01T18:25:34.868 [INFO    ] valve_05: System heartbeat OK
2026-05-01T18:25:35.120 [WARNING ] compressor_03: Vibration spike detected: 74.9 Hz
2026-05-01T18:25:35.370 [WARNING ] valve_05: Vibration spike detected: 100.4 Hz
2026-05-01T18:25:35.621 [ERROR   ] valve_05: Over-temperature limit exceeded: 17.6°C
2026-05-01T18:25:35.871 [INFO    ] valve_05: RPM stable at 87
2026-05-01T18:25:36.122 [ERROR   ] pump_01: Over-temperature limit exceeded: 48.9°C
2026-05-01T18:25:36.372 [INFO    ] compressor_03: RPM stable at 111
2026-05-01T18:25:36.623 [INFO    ] pump_01: Temperature within normal range: 58.3°C
2026-05-01T18:25:36.873 [INFO    ] compressor_03: Connection alive
2026-05-01T18:25:37.125 [WARNING ] valve_05: Retry attempt 101 for register 0x0002
2026-05-01T18:25:37.376 [INFO    ] valve_05: System heartbeat OK
2026-05-01T18:25:37.626 [INFO    ] compressor_03: System heartbeat OK
2026-05-01T18:25:37.877 [WARNING ] motor_02: Buffer utilisation at 48%
2026-05-01T18:25:38.128 [ERROR   ] motor_02: Sensor read FAILED — register 0x0003 timeout
2026-05-01T18:25:38.379 [INFO    ] valve_05: RPM stable at 83
2026-05-01T18:25:38.629 [INFO    ] conveyor_04: Pressure normal: 114.16 bar
2026-05-01T18:25:38.880 [INFO    ] motor_02: Connection alive
2026-05-01T18:25:39.130 [INFO    ] pump_01: Sensor read cycle complete
2026-05-01T18:25:39.384 [INFO    ] motor_02: System heartbeat OK
2026-05-01T18:25:39.635 [ERROR   ] compressor_03: Sensor read FAILED — register 0x0003 timeout
2026-05-01T18:25:39.886 [WARNING ] pump_01: Vibration spike detected: 43.2 Hz
2026-05-01T18:25:40.137 [WARNING ] conveyor_04: Vibration spike detected: 69.3 Hz
2026-05-01T18:25:40.387 [CRITICAL] pump_01: Catastrophic vibration: 119.6 Hz — shutting down
2026-05-01T18:25:40.638 [CRITICAL] valve_05: EMERGENCY STOP triggered — safety interlock activated
2026-05-01T18:25:40.888 [INFO    ] conveyor_04: System heartbeat OK
2026-05-01T18:25:41.140 [WARNING ] compressor_03: Temperature elevated: 36.3°C — threshold 75°C
2026-05-01T18:25:41.391 [INFO    ] motor_02: Pressure normal: 105.24 bar
2026-05-01T18:25:41.642 [INFO    ] motor_02: Sensor read cycle complete
2026-05-01T18:25:41.893 [ERROR   ] pump_01: Sensor read FAILED — register 0x0003 timeout
2026-05-01T18:25:42.144 [ERROR   ] conveyor_04: Sensor read FAILED — register 0x0003 timeout
2026-05-01T18:25:42.394 [INFO    ] pump_01: Connection alive
2026-05-01T18:25:42.645 [INFO    ] compressor_03: Sensor read cycle complete
2026-05-01T18:25:42.896 [INFO    ] compressor_03: System heartbeat OK
2026-05-01T18:25:43.149 [ERROR   ] conveyor_04: Sensor read FAILED — register 0x0003 timeout
2026-05-01T18:25:43.400 [WARNING ] pump_01: Temperature elevated: 79.7°C — threshold 75°C
2026-05-01T18:25:43.650 [INFO    ] pump_01: Sensor read cycle complete
2026-05-01T18:25:43.902 [INFO    ] valve_05: RPM stable at 66
2026-05-01T18:25:44.153 [INFO    ] pump_01: RPM stable at 59
2026-05-01T18:25:44.403 [ERROR   ] pump_01: Communication error: CRC mismatch
2026-05-01T18:25:44.654 [WARNING ] pump_01: Response latency high: 79ms
2026-05-01T18:25:44.905 [WARNING ] pump_01: Buffer utilisation at 13%
2026-05-01T18:25:45.157 [INFO    ] conveyor_04: System heartbeat OK
2026-05-01T18:25:45.407 [INFO    ] motor_02: Connection alive
2026-05-01T18:25:45.658 [INFO    ] valve_05: Temperature within normal range: 117.7°C
2026-05-01T18:25:45.909 [CRITICAL] compressor_03: Catastrophic vibration: 51.4 Hz — shutting down
2026-05-01T18:25:46.160 [CRITICAL] compressor_03: Catastrophic vibration: 61.6 Hz — shutting down
2026-05-01T18:25:46.410 [INFO    ] compressor_03: Connection alive
2026-05-01T18:25:46.661 [WARNING ] valve_05: Retry attempt 111 for register 0x0002
2026-05-01T18:25:46.913 [INFO    ] motor_02: System heartbeat OK
2026-05-01T18:25:47.164 [INFO    ] compressor_03: RPM stable at 50
2026-05-01T18:25:47.415 [INFO    ] motor_02: Connection alive
2026-05-01T18:25:47.665 [INFO    ] conveyor_04: Temperature within normal range: 31.9°C
2026-05-01T18:25:47.916 [INFO    ] pump_01: Temperature within normal range: 118.3°C
2026-05-01T18:25:48.167 [INFO    ] pump_01: System heartbeat OK
2026-05-01T18:25:48.417 [INFO    ] compressor_03: System heartbeat OK
2026-05-01T18:25:48.668 [WARNING ] valve_05: Retry attempt 48 for register 0x0002
2026-05-01T18:25:48.920 [INFO    ] compressor_03: Connection alive
2026-05-01T18:25:49.171 [CRITICAL] compressor_03: Catastrophic vibration: 10.6 Hz — shutting down
2026-05-01T18:25:49.423 [INFO    ] motor_02: RPM stable at 67
2026-05-01T18:25:49.674 [INFO    ] valve_05: System heartbeat OK
2026-05-01T18:25:49.924 [INFO    ] pump_01: Temperature within normal range: 50.3°C
2026-05-01T18:25:50.175 [INFO    ] conveyor_04: Connection alive
2026-05-01T18:25:50.426 [INFO    ] pump_01: System heartbeat OK
2026-05-01T18:25:50.677 [WARNING ] valve_05: Response latency high: 118ms
2026-05-01T18:25:50.930 [INFO    ] pump_01: Pressure normal: 66.07 bar
2026-05-01T18:25:51.181 [CRITICAL] conveyor_04: Catastrophic vibration: 40.0 Hz — shutting down
2026-05-01T18:25:51.431 [WARNING ] conveyor_04: Response latency high: 36ms
2026-05-01T18:25:51.682 [INFO    ] valve_05: Sensor read cycle complete
2026-05-01T18:25:51.933 [INFO    ] pump_01: Temperature within normal range: 116.8°C
2026-05-01T18:25:52.183 [INFO    ] conveyor_04: Pressure normal: 101.88 bar
2026-05-01T18:25:52.434 [INFO    ] conveyor_04: Temperature within normal range: 118.9°C
2026-05-01T18:25:52.685 [INFO    ] valve_05: System heartbeat OK
2026-05-01T18:25:52.937 [WARNING ] valve_05: Response latency high: 62ms
2026-05-01T18:25:53.187 [INFO    ] compressor_03: RPM stable at 31
2026-05-01T18:25:53.438 [INFO    ] compressor_03: System heartbeat OK
2026-05-01T18:25:53.689 [INFO    ] pump_01: Temperature within normal range: 49.3°C
2026-05-01T18:25:53.939 [INFO    ] valve_05: Connection alive
2026-05-01T18:25:54.190 [WARNING ] valve_05: Temperature elevated: 74.5°C — threshold 75°C
2026-05-01T18:25:54.441 [INFO    ] conveyor_04: RPM stable at 10
2026-05-01T18:25:54.691 [ERROR   ] conveyor_04: Sensor read FAILED — register 0x0003 timeout
2026-05-01T18:25:54.946 [INFO    ] pump_01: Temperature within normal range: 73.0°C
2026-05-01T18:25:55.197 [ERROR   ] conveyor_04: Motor stall detected — RPM dropped to 98
2026-05-01T18:25:55.447 [INFO    ] motor_02: Pressure normal: 66.46 bar
2026-05-01T18:25:55.698 [INFO    ] conveyor_04: Sensor read cycle complete
2026-05-01T18:25:55.948 [INFO    ] motor_02: Pressure normal: 51.79 bar
2026-05-01T18:25:56.201 [INFO    ] compressor_03: Connection alive
2026-05-01T18:25:56.451 [INFO    ] valve_05: Pressure normal: 119.73 bar
2026-05-01T18:25:56.702 [WARNING ] conveyor_04: Buffer utilisation at 100%
2026-05-01T18:25:56.953 [WARNING ] conveyor_04: Vibration spike detected: 83.8 Hz
2026-05-01T18:25:57.203 [INFO    ] motor_02: System heartbeat OK
2026-05-01T18:25:57.454 [ERROR   ] pump_01: Over-temperature limit exceeded: 48.3°C
2026-05-01T18:25:57.704 [ERROR   ] compressor_03: Sensor read FAILED — register 0x0003 timeout
2026-05-01T18:25:57.955 [INFO    ] motor_02: RPM stable at 53
2026-05-01T18:25:58.205 [ERROR   ] pump_01: Over-temperature limit exceeded: 91.5°C
2026-05-01T18:25:58.457 [INFO    ] valve_05: Connection alive
2026-05-01T18:25:58.710 [WARNING ] motor_02: Buffer utilisation at 107%
2026-05-01T18:25:58.961 [INFO    ] compressor_03: Pressure normal: 111.66 bar
2026-05-01T18:25:59.212 [CRITICAL] motor_02: EMERGENCY STOP triggered — safety interlock activated
2026-05-01T18:25:59.462 [WARNING ] compressor_03: Response latency high: 70ms
2026-05-01T18:25:59.713 [ERROR   ] conveyor_04: Communication error: CRC mismatch
2026-05-01T18:25:59.963 [WARNING ] motor_02: Buffer utilisation at 37%
2026-05-01T18:26:00.216 [INFO    ] compressor_03: System heartbeat OK
2026-05-01T18:26:00.467 [INFO    ] pump_01: Temperature within normal range: 65.2°C
2026-05-01T18:26:00.717 [ERROR   ] pump_01: Motor stall detected — RPM dropped to 91
2026-05-01T18:26:00.968 [WARNING ] pump_01: Buffer utilisation at 25%
2026-05-01T18:26:01.219 [INFO    ] motor_02: Temperature within normal range: 38.9°C
2026-05-01T18:26:01.470 [INFO    ] compressor_03: Pressure normal: 114.49 bar
2026-05-01T18:26:01.720 [INFO    ] pump_01: Temperature within normal range: 63.1°C
2026-05-01T18:26:01.971 [INFO    ] pump_01: Temperature within normal range: 49.9°C
2026-05-01T18:26:02.222 [INFO    ] pump_01: Connection alive
2026-05-01T18:26:02.475 [INFO    ] valve_05: System heartbeat OK
2026-05-01T18:26:02.726 [WARNING ] compressor_03: Response latency high: 109ms
2026-05-01T18:26:02.977 [WARNING ] compressor_03: Response latency high: 51ms
2026-05-01T18:26:03.228 [INFO    ] pump_01: Connection alive
2026-05-01T18:26:03.478 [CRITICAL] pump_01: EMERGENCY STOP triggered — safety interlock activated
2026-05-01T18:26:03.729 [INFO    ] conveyor_04: Temperature within normal range: 112.9°C
2026-05-01T18:26:03.981 [CRITICAL] conveyor_04: Power supply failure detected
2026-05-01T18:26:04.232 [ERROR   ] conveyor_04: Sensor read FAILED — register 0x0003 timeout
2026-05-01T18:26:04.483 [WARNING ] valve_05: Vibration spike detected: 64.1 Hz
2026-05-01T18:26:04.734 [INFO    ] valve_05: Temperature within normal range: 22.0°C
2026-05-01T18:26:04.985 [INFO    ] valve_05: Connection alive
2026-05-01T18:26:05.235 [WARNING ] conveyor_04: Buffer utilisation at 71%
2026-05-01T18:26:05.486 [INFO    ] motor_02: Pressure normal: 102.80 bar
2026-05-01T18:26:05.736 [WARNING ] motor_02: Temperature elevated: 86.2°C — threshold 75°C
2026-05-01T18:26:05.987 [ERROR   ] pump_01: Over-temperature limit exceeded: 69.6°C
2026-05-01T18:26:06.239 [INFO    ] valve_05: Connection alive
2026-05-01T18:26:06.490 [INFO    ] conveyor_04: Temperature within normal range: 85.0°C
2026-05-01T18:26:06.741 [INFO    ] compressor_03: Sensor read cycle complete
2026-05-01T18:26:06.991 [INFO    ] pump_01: Sensor read cycle complete
2026-05-01T18:26:07.242 [INFO    ] conveyor_04: System heartbeat OK
2026-05-01T18:26:07.493 [ERROR   ] compressor_03: Communication error: CRC mismatch
2026-05-01T18:26:07.743 [INFO    ] motor_02: Pressure normal: 117.19 bar
2026-05-01T18:26:07.994 [INFO    ] motor_02: RPM stable at 71
2026-05-01T18:26:08.247 [INFO    ] conveyor_04: Connection alive
2026-05-01T18:26:08.498 [INFO    ] valve_05: RPM stable at 103
2026-05-01T18:26:08.748 [WARNING ] valve_05: Response latency high: 91ms
2026-05-01T18:26:08.999 [ERROR   ] pump_01: Communication error: CRC mismatch
2026-05-01T18:26:09.249 [CRITICAL] valve_05: EMERGENCY STOP triggered — safety interlock activated
2026-05-01T18:26:09.501 [INFO    ] compressor_03: Pressure normal: 30.82 bar
2026-05-01T18:26:09.751 [ERROR   ] motor_02: Communication error: CRC mismatch
2026-05-01T18:26:10.002 [INFO    ] compressor_03: System heartbeat OK
2026-05-01T18:26:10.256 [CRITICAL] conveyor_04: EMERGENCY STOP triggered — safety interlock activated
2026-05-01T18:26:10.507 [INFO    ] valve_05: Pressure normal: 47.31 bar
2026-05-01T18:26:10.757 [CRITICAL] compressor_03: EMERGENCY STOP triggered — safety interlock activated
2026-05-01T18:26:11.008 [WARNING ] motor_02: Temperature elevated: 73.0°C — threshold 75°C
2026-05-01T18:26:11.258 [INFO    ] motor_02: Sensor read cycle complete
2026-05-01T18:26:11.509 [WARNING ] compressor_03: Buffer utilisation at 88%
2026-05-01T18:26:11.760 [WARNING ] pump_01: Vibration spike detected: 44.1 Hz
2026-05-01T18:26:12.012 [WARNING ] compressor_03: Temperature elevated: 66.2°C — threshold 75°C
2026-05-01T18:26:12.263 [CRITICAL] motor_02: Power supply failure detected
2026-05-01T18:26:12.514 [INFO    ] pump_01: Pressure normal: 94.04 bar
2026-05-01T18:26:12.764 [INFO    ] compressor_03: Pressure normal: 93.62 bar
2026-05-01T18:26:13.015 [WARNING ] conveyor_04: Buffer utilisation at 120%
2026-05-01T18:26:13.267 [INFO    ] conveyor_04: System heartbeat OK
2026-05-01T18:26:13.518 [INFO    ] conveyor_04: Temperature within normal range: 107.2°C
2026-05-01T18:26:13.769 [INFO    ] conveyor_04: System heartbeat OK
2026-05-01T18:26:14.021 [INFO    ] valve_05: Connection alive
2026-05-01T18:26:14.272 [INFO    ] conveyor_04: Connection alive
2026-05-01T18:26:14.523 [INFO    ] pump_01: System heartbeat OK
2026-05-01T18:26:14.773 [ERROR   ] compressor_03: Motor stall detected — RPM dropped to 73
2026-05-01T18:26:15.029 [ERROR   ] compressor_03: Motor stall detected — RPM dropped to 80
2026-05-01T18:26:15.281 [INFO    ] compressor_03: RPM stable at 60
2026-05-01T18:26:15.531 [INFO    ] compressor_03: RPM stable at 63
2026-05-01T18:26:15.782 [ERROR   ] conveyor_04: Motor stall detected — RPM dropped to 92
2026-05-01T18:26:16.034 [WARNING ] compressor_03: Retry attempt 33 for register 0x0002
2026-05-01T18:26:16.284 [WARNING ] motor_02: Vibration spike detected: 65.0 Hz
2026-05-01T18:26:16.535 [INFO    ] compressor_03: Sensor read cycle complete
2026-05-01T18:26:16.785 [INFO    ] conveyor_04: Pressure normal: 28.97 bar
2026-05-01T18:26:17.036 [INFO    ] motor_02: Temperature within normal range: 104.4°C
2026-05-01T18:26:17.286 [WARNING ] motor_02: Temperature elevated: 30.6°C — threshold 75°C
2026-05-01T18:26:17.537 [INFO    ] conveyor_04: Temperature within normal range: 36.8°C
2026-05-01T18:26:17.788 [INFO    ] conveyor_04: System heartbeat OK
2026-05-01T18:26:18.038 [INFO    ] pump_01: System heartbeat OK
2026-05-01T18:26:18.289 [INFO    ] pump_01: Pressure normal: 92.91 bar
2026-05-01T18:26:18.543 [INFO    ] pump_01: Sensor read cycle complete
2026-05-01T18:26:18.794 [INFO    ] pump_01: Temperature within normal range: 10.0°C
2026-05-01T18:26:19.045 [WARNING ] compressor_03: Buffer utilisation at 14%
2026-05-01T18:26:19.296 [INFO    ] valve_05: System heartbeat OK
2026-05-01T18:26:19.546 [INFO    ] valve_05: RPM stable at 102
2026-05-01T18:26:19.798 [INFO    ] compressor_03: Connection alive
2026-05-01T18:26:20.051 [ERROR   ] compressor_03: Over-temperature limit exceeded: 34.0°C
2026-05-01T18:26:20.302 [WARNING ] valve_05: Buffer utilisation at 115%
2026-05-01T18:26:20.554 [INFO    ] valve_05: Connection alive
2026-05-01T18:26:20.805 [ERROR   ] pump_01: Over-temperature limit exceeded: 102.1°C
2026-05-01T18:26:21.058 [INFO    ] pump_01: Temperature within normal range: 40.7°C
2026-05-01T18:26:21.309 [INFO    ] valve_05: Connection alive
2026-05-01T18:26:21.560 [ERROR   ] pump_01: Motor stall detected — RPM dropped to 70
2026-05-01T18:26:21.811 [INFO    ] motor_02: System heartbeat OK
2026-05-01T18:26:22.061 [WARNING ] compressor_03: Retry attempt 103 for register 0x0002
2026-05-01T18:26:22.312 [ERROR   ] valve_05: Motor stall detected — RPM dropped to 81
2026-05-01T18:26:22.563 [WARNING ] pump_01: Buffer utilisation at 96%
2026-05-01T18:26:22.815 [INFO    ] valve_05: Connection alive
2026-05-01T18:26:23.067 [INFO    ] valve_05: Sensor read cycle complete
2026-05-01T18:26:23.318 [INFO    ] compressor_03: Temperature within normal range: 115.2°C
2026-05-01T18:26:23.569 [INFO    ] motor_02: Pressure normal: 37.74 bar
2026-05-01T18:26:23.819 [ERROR   ] conveyor_04: Over-temperature limit exceeded: 80.3°C
2026-05-01T18:26:24.070 [INFO    ] conveyor_04: Temperature within normal range: 67.3°C
2026-05-01T18:26:24.323 [INFO    ] compressor_03: System heartbeat OK
2026-05-01T18:26:24.574 [INFO    ] motor_02: System heartbeat OK
2026-05-01T18:26:24.825 [INFO    ] valve_05: Pressure normal: 98.34 bar
2026-05-01T18:26:25.075 [ERROR   ] compressor_03: Communication error: CRC mismatch
2026-05-01T18:26:25.326 [INFO    ] motor_02: Sensor read cycle complete
2026-05-01T18:26:25.577 [WARNING ] compressor_03: Temperature elevated: 107.3°C — threshold 75°C
2026-05-01T18:26:25.827 [WARNING ] compressor_03: Response latency high: 52ms
2026-05-01T18:26:26.080 [INFO    ] conveyor_04: Sensor read cycle complete
2026-05-01T18:26:26.331 [INFO    ] motor_02: Pressure normal: 21.40 bar
2026-05-01T18:26:26.581 [ERROR   ] conveyor_04: Sensor read FAILED — register 0x0003 timeout
2026-05-01T18:26:26.832 [INFO    ] compressor_03: System heartbeat OK
2026-05-01T18:26:27.082 [INFO    ] compressor_03: RPM stable at 62
2026-05-01T18:26:27.333 [INFO    ] valve_05: System heartbeat OK
2026-05-01T18:26:27.584 [INFO    ] compressor_03: Pressure normal: 25.26 bar
2026-05-01T18:26:27.835 [ERROR   ] valve_05: Over-temperature limit exceeded: 27.9°C
2026-05-01T18:26:28.087 [INFO    ] motor_02: Pressure normal: 68.26 bar
2026-05-01T18:26:28.338 [INFO    ] valve_05: Temperature within normal range: 78.4°C
2026-05-01T18:26:28.590 [INFO    ] compressor_03: Sensor read cycle complete
2026-05-01T18:26:28.850 [INFO    ] valve_05: Sensor read cycle complete
2026-05-01T18:26:29.101 [INFO    ] compressor_03: RPM stable at 17
2026-05-01T18:26:29.353 [INFO    ] pump_01: Temperature within normal range: 38.2°C
2026-05-01T18:26:29.605 [WARNING ] valve_05: Temperature elevated: 33.0°C — threshold 75°C
2026-05-01T18:26:29.855 [INFO    ] conveyor_04: RPM stable at 12
2026-05-01T18:26:30.106 [WARNING ] valve_05: Retry attempt 80 for register 0x0002
2026-05-01T18:26:30.357 [INFO    ] pump_01: System heartbeat OK
2026-05-01T18:26:30.607 [INFO    ] compressor_03: Temperature within normal range: 86.2°C
2026-05-01T18:26:30.858 [ERROR   ] motor_02: Over-temperature limit exceeded: 24.4°C
2026-05-01T18:26:31.109 [INFO    ] motor_02: Connection alive
2026-05-01T18:26:31.362 [INFO    ] valve_05: Sensor read cycle complete
2026-05-01T18:26:31.613 [WARNING ] pump_01: Vibration spike detected: 82.5 Hz
2026-05-01T18:26:31.864 [INFO    ] compressor_03: RPM stable at 37
2026-05-01T18:26:32.118 [WARNING ] pump_01: Retry attempt 35 for register 0x0002
2026-05-01T18:26:32.369 [INFO    ] motor_02: RPM stable at 105
2026-05-01T18:26:32.620 [WARNING ] valve_05: Temperature elevated: 54.3°C — threshold 75°C
2026-05-01T18:26:32.871 [INFO    ] conveyor_04: Connection alive
2026-05-01T18:26:33.122 [INFO    ] motor_02: Sensor read cycle complete
2026-05-01T18:26:33.372 [INFO    ] conveyor_04: Connection alive
2026-05-01T18:26:33.623 [INFO    ] pump_01: Connection alive
2026-05-01T18:26:33.874 [INFO    ] conveyor_04: Temperature within normal range: 56.6°C
2026-05-01T18:26:34.125 [WARNING ] pump_01: Retry attempt 38 for register 0x0002
2026-05-01T18:26:34.378 [CRITICAL] valve_05: Power supply failure detected
2026-05-01T18:26:34.629 [INFO    ] valve_05: Temperature within normal range: 81.2°C
2026-05-01T18:26:34.880 [WARNING ] motor_02: Temperature elevated: 87.2°C — threshold 75°C
2026-05-01T18:26:35.131 [WARNING ] valve_05: Retry attempt 19 for register 0x0002
2026-05-01T18:26:35.382 [INFO    ] valve_05: Sensor read cycle complete
2026-05-01T18:26:35.633 [INFO    ] conveyor_04: Connection alive
2026-05-01T18:26:35.886 [INFO    ] pump_01: RPM stable at 32
2026-05-01T18:26:36.137 [WARNING ] valve_05: Vibration spike detected: 28.0 Hz
2026-05-01T18:26:36.388 [INFO    ] motor_02: Pressure normal: 40.76 bar
2026-05-01T18:26:36.639 [WARNING ] conveyor_04: Buffer utilisation at 18%
2026-05-01T18:26:36.889 [WARNING ] compressor_03: Retry attempt 88 for register 0x0002
2026-05-01T18:26:37.145 [WARNING ] conveyor_04: Buffer utilisation at 18%
2026-05-01T18:26:37.396 [WARNING ] compressor_03: Temperature elevated: 63.2°C — threshold 75°C
2026-05-01T18:26:37.646 [WARNING ] valve_05: Response latency high: 55ms
2026-05-01T18:26:37.897 [WARNING ] compressor_03: Temperature elevated: 59.2°C — threshold 75°C
2026-05-01T18:26:38.151 [CRITICAL] motor_02: EMERGENCY STOP triggered — safety interlock activated
2026-05-01T18:26:38.401 [WARNING ] valve_05: Temperature elevated: 63.9°C — threshold 75°C
2026-05-01T18:26:38.652 [ERROR   ] conveyor_04: Over-temperature limit exceeded: 85.4°C
2026-05-01T18:26:38.903 [ERROR   ] motor_02: Communication error: CRC mismatch
2026-05-01T18:26:39.154 [INFO    ] compressor_03: Temperature within normal range: 32.9°C
2026-05-01T18:26:39.404 [WARNING ] motor_02: Vibration spike detected: 91.6 Hz
2026-05-01T18:26:39.655 [WARNING ] motor_02: Retry attempt 37 for register 0x0002
2026-05-01T18:26:39.906 [INFO    ] motor_02: Connection alive
2026-05-01T18:26:40.161 [WARNING ] conveyor_04: Vibration spike detected: 119.3 Hz
2026-05-01T18:26:40.415 [WARNING ] motor_02: Response latency high: 108ms
2026-05-01T18:26:40.666 [INFO    ] compressor_03: Connection alive
2026-05-01T18:26:40.917 [ERROR   ] valve_05: Communication error: CRC mismatch
2026-05-01T18:26:41.168 [WARNING ] pump_01: Response latency high: 98ms
2026-05-01T18:26:41.419 [INFO    ] conveyor_04: System heartbeat OK
2026-05-01T18:26:41.669 [INFO    ] motor_02: Pressure normal: 74.29 bar
2026-05-01T18:26:41.920 [WARNING ] valve_05: Retry attempt 67 for register 0x0002
2026-05-01T18:26:42.175 [WARNING ] motor_02: Temperature elevated: 90.8°C — threshold 75°C
2026-05-01T18:26:42.426 [INFO    ] pump_01: RPM stable at 15
2026-05-01T18:26:42.677 [ERROR   ] pump_01: Over-temperature limit exceeded: 76.6°C
2026-05-01T18:26:42.928 [WARNING ] pump_01: Vibration spike detected: 80.1 Hz
2026-05-01T18:26:43.185 [CRITICAL] compressor_03: Power supply failure detected
2026-05-01T18:26:43.436 [CRITICAL] conveyor_04: Catastrophic vibration: 110.6 Hz — shutting down
2026-05-01T18:26:43.686 [INFO    ] motor_02: Connection alive
2026-05-01T18:26:43.946 [INFO    ] conveyor_04: Sensor read cycle complete
2026-05-01T18:26:44.200 [CRITICAL] conveyor_04: Catastrophic vibration: 106.6 Hz — shutting down
2026-05-01T18:26:44.450 [INFO    ] motor_02: RPM stable at 116
2026-05-01T18:26:44.702 [WARNING ] conveyor_04: Temperature elevated: 53.7°C — threshold 75°C
2026-05-01T18:26:44.952 [INFO    ] conveyor_04: Temperature within normal range: 77.1°C
2026-05-01T18:26:45.205 [ERROR   ] compressor_03: Sensor read FAILED — register 0x0003 timeout
2026-05-01T18:26:45.456 [CRITICAL] conveyor_04: Catastrophic vibration: 44.8 Hz — shutting down
2026-05-01T18:26:45.707 [INFO    ] valve_05: Pressure normal: 99.43 bar
2026-05-01T18:26:45.959 [INFO    ] compressor_03: RPM stable at 77
2026-05-01T18:26:46.210 [ERROR   ] compressor_03: Over-temperature limit exceeded: 95.5°C
2026-05-01T18:26:46.462 [INFO    ] motor_02: Temperature within normal range: 70.9°C
2026-05-01T18:26:46.714 [INFO    ] compressor_03: Connection alive
2026-05-01T18:26:46.965 [WARNING ] conveyor_04: Retry attempt 69 for register 0x0002
2026-05-01T18:26:47.216 [INFO    ] conveyor_04: RPM stable at 31
2026-05-01T18:26:47.467 [WARNING ] compressor_03: Retry attempt 91 for register 0x0002
2026-05-01T18:26:47.718 [WARNING ] conveyor_04: Temperature elevated: 19.1°C — threshold 75°C
2026-05-01T18:26:47.969 [INFO    ] valve_05: System heartbeat OK
2026-05-01T18:26:48.224 [INFO    ] valve_05: Connection alive
2026-05-01T18:26:48.475 [INFO    ] conveyor_04: Temperature within normal range: 13.7°C
2026-05-01T18:26:48.726 [INFO    ] motor_02: Sensor read cycle complete
2026-05-01T18:26:48.980 [INFO    ] pump_01: Temperature within normal range: 78.7°C
2026-05-01T18:26:49.235 [WARNING ] compressor_03: Retry attempt 82 for register 0x0002
2026-05-01T18:26:49.486 [INFO    ] compressor_03: Sensor read cycle complete
2026-05-01T18:26:49.738 [WARNING ] conveyor_04: Vibration spike detected: 88.0 Hz
2026-05-01T18:26:49.989 [WARNING ] compressor_03: Retry attempt 38 for register 0x0002
2026-05-01T18:26:50.240 [INFO    ] conveyor_04: Temperature within normal range: 111.3°C
2026-05-01T18:26:50.491 [INFO    ] valve_05: Temperature within normal range: 98.3°C
2026-05-01T18:26:50.741 [WARNING ] compressor_03: Response latency high: 106ms
2026-05-01T18:26:50.992 [CRITICAL] pump_01: Power supply failure detected
2026-05-01T18:26:51.244 [WARNING ] pump_01: Vibration spike detected: 69.2 Hz
2026-05-01T18:26:51.499 [WARNING ] motor_02: Response latency high: 81ms
2026-05-01T18:26:51.750 [WARNING ] motor_02: Response latency high: 96ms
2026-05-01T18:26:52.000 [INFO    ] conveyor_04: Temperature within normal range: 55.4°C
2026-05-01T18:26:52.252 [INFO    ] compressor_03: Pressure normal: 92.43 bar
2026-05-01T18:26:52.504 [INFO    ] valve_05: Pressure normal: 13.82 bar
2026-05-01T18:26:52.754 [WARNING ] motor_02: Buffer utilisation at 53%
2026-05-01T18:26:53.004 [INFO    ] pump_01: Pressure normal: 89.63 bar
2026-05-01T18:26:53.255 [WARNING ] pump_01: Buffer utilisation at 69%
2026-05-01T18:26:53.505 [ERROR   ] conveyor_04: Communication error: CRC mismatch
2026-05-01T18:26:53.756 [INFO    ] compressor_03: Temperature within normal range: 113.1°C
2026-05-01T18:26:54.007 [WARNING ] conveyor_04: Temperature elevated: 41.8°C — threshold 75°C
2026-05-01T18:26:54.257 [WARNING ] valve_05: Temperature elevated: 69.7°C — threshold 75°C
2026-05-01T18:26:54.510 [INFO    ] valve_05: Sensor read cycle complete
2026-05-01T18:26:54.763 [INFO    ] valve_05: Pressure normal: 54.39 bar
2026-05-01T18:26:55.013 [WARNING ] compressor_03: Buffer utilisation at 50%
2026-05-01T18:26:55.264 [ERROR   ] conveyor_04: Sensor read FAILED — register 0x0003 timeout
2026-05-01T18:26:55.521 [WARNING ] compressor_03: Response latency high: 61ms
2026-05-01T18:26:55.772 [ERROR   ] valve_05: Motor stall detected — RPM dropped to 69
2026-05-01T18:26:56.023 [INFO    ] conveyor_04: Temperature within normal range: 97.1°C
2026-05-01T18:26:56.274 [INFO    ] pump_01: Connection alive
2026-05-01T18:26:56.525 [INFO    ] conveyor_04: System heartbeat OK
2026-05-01T18:26:56.776 [INFO    ] motor_02: Sensor read cycle complete
2026-05-01T18:26:57.027 [WARNING ] compressor_03: Temperature elevated: 22.0°C — threshold 75°C
2026-05-01T18:26:57.279 [ERROR   ] pump_01: Communication error: CRC mismatch
2026-05-01T18:26:57.529 [ERROR   ] motor_02: Communication error: CRC mismatch
2026-05-01T18:26:57.780 [WARNING ] conveyor_04: Retry attempt 41 for register 0x0002
2026-05-01T18:26:58.031 [INFO    ] pump_01: Pressure normal: 47.70 bar
2026-05-01T18:26:58.284 [CRITICAL] valve_05: EMERGENCY STOP triggered — safety interlock activated
2026-05-01T18:26:58.534 [CRITICAL] pump_01: Power supply failure detected
2026-05-01T18:26:58.785 [INFO    ] motor_02: Connection alive
2026-05-01T18:26:59.036 [WARNING ] compressor_03: Vibration spike detected: 73.0 Hz
2026-05-01T18:26:59.286 [WARNING ] conveyor_04: Vibration spike detected: 68.9 Hz
2026-05-01T18:26:59.539 [INFO    ] compressor_03: Pressure normal: 56.75 bar
2026-05-01T18:26:59.792 [INFO    ] motor_02: RPM stable at 21
2026-05-01T18:27:00.044 [ERROR   ] motor_02: Over-temperature limit exceeded: 87.4°C
2026-05-01T18:27:00.300 [ERROR   ] conveyor_04: Sensor read FAILED — register 0x0003 timeout
2026-05-01T18:27:00.550 [INFO    ] valve_05: Sensor read cycle complete
2026-05-01T18:27:00.801 [CRITICAL] motor_02: Power supply failure detected
2026-05-01T18:27:01.052 [CRITICAL] compressor_03: Power supply failure detected
2026-05-01T18:27:01.303 [ERROR   ] motor_02: Over-temperature limit exceeded: 89.3°C
2026-05-01T18:27:01.554 [INFO    ] pump_01: RPM stable at 99
2026-05-01T18:27:01.804 [WARNING ] compressor_03: Buffer utilisation at 59%
2026-05-01T18:27:02.058 [WARNING ] compressor_03: Vibration spike detected: 93.7 Hz
2026-05-01T18:27:02.309 [WARNING ] motor_02: Temperature elevated: 76.0°C — threshold 75°C
2026-05-01T18:27:02.560 [CRITICAL] conveyor_04: EMERGENCY STOP triggered — safety interlock activated
2026-05-01T18:27:02.811 [INFO    ] pump_01: System heartbeat OK
2026-05-01T18:27:03.062 [CRITICAL] conveyor_04: Power supply failure detected
2026-05-01T18:27:03.314 [INFO    ] compressor_03: RPM stable at 42
2026-05-01T18:27:03.566 [ERROR   ] compressor_03: Communication error: CRC mismatch
2026-05-01T18:27:03.818 [WARNING ] valve_05: Response latency high: 29ms
2026-05-01T18:27:04.069 [INFO    ] conveyor_04: System heartbeat OK
2026-05-01T18:27:04.320 [INFO    ] pump_01: System heartbeat OK
2026-05-01T18:27:04.573 [INFO    ] valve_05: RPM stable at 66
2026-05-01T18:27:04.823 [INFO    ] conveyor_04: RPM stable at 66
2026-05-01T18:27:05.074 [WARNING ] compressor_03: Vibration spike detected: 75.9 Hz
2026-05-01T18:27:05.325 [ERROR   ] pump_01: Motor stall detected — RPM dropped to 119
2026-05-01T18:27:05.575 [WARNING ] motor_02: Temperature elevated: 48.8°C — threshold 75°C
2026-05-01T18:27:05.826 [CRITICAL] conveyor_04: Catastrophic vibration: 40.3 Hz — shutting down
2026-05-01T18:27:06.076 [CRITICAL] motor_02: Catastrophic vibration: 82.0 Hz — shutting down
2026-05-01T18:27:06.327 [ERROR   ] valve_05: Sensor read FAILED — register 0x0003 timeout
2026-05-01T18:27:06.581 [INFO    ] pump_01: RPM stable at 77
2026-05-01T18:27:06.832 [WARNING ] valve_05: Buffer utilisation at 50%
2026-05-01T18:27:07.083 [INFO    ] valve_05: Sensor read cycle complete
2026-05-01T18:27:07.334 [INFO    ] motor_02: RPM stable at 105
2026-05-01T18:27:07.585 [WARNING ] valve_05: Response latency high: 58ms
2026-05-01T18:27:07.840 [ERROR   ] pump_01: Motor stall detected — RPM dropped to 49
2026-05-01T18:27:08.090 [ERROR   ] motor_02: Motor stall detected — RPM dropped to 53
2026-05-01T18:27:08.341 [ERROR   ] motor_02: Motor stall detected — RPM dropped to 106
2026-05-01T18:27:08.592 [ERROR   ] pump_01: Sensor read FAILED — register 0x0003 timeout
2026-05-01T18:27:08.843 [WARNING ] compressor_03: Response latency high: 67ms
2026-05-01T18:27:09.095 [ERROR   ] conveyor_04: Communication error: CRC mismatch
2026-05-01T18:27:09.347 [INFO    ] pump_01: Pressure normal: 61.52 bar
2026-05-01T18:27:09.598 [ERROR   ] pump_01: Motor stall detected — RPM dropped to 67
2026-05-01T18:27:09.848 [ERROR   ] compressor_03: Motor stall detected — RPM dropped to 14
2026-05-01T18:27:10.099 [WARNING ] valve_05: Buffer utilisation at 28%
2026-05-01T18:27:10.351 [WARNING ] valve_05: Temperature elevated: 53.9°C — threshold 75°C
2026-05-01T18:27:10.605 [INFO    ] conveyor_04: Temperature within normal range: 43.5°C
2026-05-01T18:27:10.855 [WARNING ] compressor_03: Temperature elevated: 76.2°C — threshold 75°C
2026-05-01T18:27:11.106 [INFO    ] motor_02: System heartbeat OK
2026-05-01T18:27:11.357 [INFO    ] motor_02: Temperature within normal range: 34.5°C
2026-05-01T18:27:11.608 [INFO    ] pump_01: Sensor read cycle complete
2026-05-01T18:27:11.862 [WARNING ] pump_01: Response latency high: 13ms
2026-05-01T18:27:12.113 [ERROR   ] pump_01: Motor stall detected — RPM dropped to 43
2026-05-01T18:27:12.364 [INFO    ] valve_05: Sensor read cycle complete
2026-05-01T18:27:12.615 [INFO    ] valve_05: System heartbeat OK
2026-05-01T18:27:12.870 [CRITICAL] motor_02: EMERGENCY STOP triggered — safety interlock activated
2026-05-01T18:27:13.122 [ERROR   ] pump_01: Sensor read FAILED — register 0x0003 timeout
2026-05-01T18:27:13.372 [WARNING ] compressor_03: Vibration spike detected: 78.9 Hz
2026-05-01T18:27:13.628 [CRITICAL] motor_02: Power supply failure detected
2026-05-01T18:27:13.880 [INFO    ] pump_01: Pressure normal: 50.24 bar
2026-05-01T18:27:14.131 [INFO    ] valve_05: Pressure normal: 16.73 bar
2026-05-01T18:27:14.381 [INFO    ] valve_05: Temperature within normal range: 83.4°C
2026-05-01T18:27:14.632 [INFO    ] valve_05: System heartbeat OK
2026-05-01T18:27:14.885 [INFO    ] compressor_03: Sensor read cycle complete
2026-05-01T18:27:15.137 [ERROR   ] pump_01: Motor stall detected — RPM dropped to 57
2026-05-01T18:27:15.388 [INFO    ] motor_02: Pressure normal: 108.16 bar
2026-05-01T18:27:15.638 [WARNING ] compressor_03: Response latency high: 78ms
2026-05-01T18:27:15.889 [INFO    ] valve_05: Temperature within normal range: 119.7°C
2026-05-01T18:27:16.140 [WARNING ] conveyor_04: Vibration spike detected: 28.1 Hz
2026-05-01T18:27:16.393 [WARNING ] pump_01: Retry attempt 22 for register 0x0002
2026-05-01T18:27:16.644 [ERROR   ] compressor_03: Communication error: CRC mismatch
2026-05-01T18:27:16.895 [INFO    ] pump_01: Sensor read cycle complete
2026-05-01T18:27:17.145 [INFO    ] motor_02: System heartbeat OK
2026-05-01T18:27:17.396 [WARNING ] conveyor_04: Vibration spike detected: 11.5 Hz
2026-05-01T18:27:17.647 [INFO    ] compressor_03: RPM stable at 39
2026-05-01T18:27:17.898 [WARNING ] conveyor_04: Vibration spike detected: 55.3 Hz
2026-05-01T18:27:18.157 [WARNING ] conveyor_04: Retry attempt 22 for register 0x0002
2026-05-01T18:27:18.409 [INFO    ] conveyor_04: RPM stable at 109
2026-05-01T18:27:18.662 [INFO    ] valve_05: Connection alive
2026-05-01T18:27:18.913 [ERROR   ] compressor_03: Communication error: CRC mismatch
2026-05-01T18:27:19.168 [INFO    ] valve_05: Pressure normal: 111.74 bar
2026-05-01T18:27:19.419 [WARNING ] valve_05: Response latency high: 112ms
2026-05-01T18:27:19.670 [WARNING ] pump_01: Response latency high: 45ms
2026-05-01T18:27:19.920 [INFO    ] valve_05: RPM stable at 108
2026-05-01T18:27:20.175 [INFO    ] pump_01: RPM stable at 111
2026-05-01T18:27:20.425 [WARNING ] valve_05: Vibration spike detected: 68.7 Hz
2026-05-01T18:27:20.676 [WARNING ] motor_02: Vibration spike detected: 42.5 Hz
2026-05-01T18:27:20.929 [INFO    ] conveyor_04: System heartbeat OK
2026-05-01T18:27:21.182 [ERROR   ] compressor_03: Over-temperature limit exceeded: 90.3°C
2026-05-01T18:27:21.433 [INFO    ] compressor_03: RPM stable at 85
2026-05-01T18:27:21.684 [INFO    ] pump_01: RPM stable at 51
2026-05-01T18:27:21.935 [INFO    ] compressor_03: Connection alive
2026-05-01T18:27:22.185 [CRITICAL] conveyor_04: EMERGENCY STOP triggered — safety interlock activated
2026-05-01T18:27:22.436 [INFO    ] motor_02: Connection alive
2026-05-01T18:27:22.687 [INFO    ] motor_02: RPM stable at 56
2026-05-01T18:27:22.939 [CRITICAL] motor_02: Power supply failure detected
2026-05-01T18:27:23.190 [INFO    ] compressor_03: Sensor read cycle complete
2026-05-01T18:27:23.441 [INFO    ] conveyor_04: Sensor read cycle complete
2026-05-01T18:27:23.694 [INFO    ] pump_01: Temperature within normal range: 32.9°C
2026-05-01T18:27:23.945 [INFO    ] motor_02: Temperature within normal range: 13.1°C
2026-05-01T18:27:24.199 [INFO    ] pump_01: Pressure normal: 118.42 bar
2026-05-01T18:27:24.450 [INFO    ] compressor_03: Connection alive
2026-05-01T18:27:24.703 [WARNING ] pump_01: Retry attempt 91 for register 0x0002
2026-05-01T18:27:24.956 [INFO    ] valve_05: Temperature within normal range: 55.6°C
2026-05-01T18:27:25.207 [INFO    ] compressor_03: Temperature within normal range: 49.0°C
2026-05-01T18:27:25.458 [INFO    ] motor_02: RPM stable at 113
2026-05-01T18:27:25.708 [INFO    ] compressor_03: Temperature within normal range: 117.3°C
2026-05-01T18:27:25.959 [CRITICAL] motor_02: EMERGENCY STOP triggered — safety interlock activated
2026-05-01T18:27:26.210 [CRITICAL] valve_05: EMERGENCY STOP triggered — safety interlock activated
2026-05-01T18:27:26.460 [ERROR   ] motor_02: Sensor read FAILED — register 0x0003 timeout
2026-05-01T18:27:26.718 [WARNING ] compressor_03: Response latency high: 95ms
2026-05-01T18:27:26.975 [INFO    ] valve_05: Pressure normal: 118.90 bar
2026-05-01T18:27:27.225 [CRITICAL] valve_05: EMERGENCY STOP triggered — safety interlock activated
2026-05-01T18:27:27.476 [INFO    ] valve_05: System heartbeat OK
2026-05-01T18:27:27.727 [ERROR   ] valve_05: Communication error: CRC mismatch
2026-05-01T18:27:27.979 [INFO    ] motor_02: System heartbeat OK
2026-05-01T18:27:28.231 [INFO    ] valve_05: RPM stable at 18
2026-05-01T18:27:28.482 [INFO    ] pump_01: Temperature within normal range: 118.0°C
2026-05-01T18:27:28.733 [INFO    ] pump_01: RPM stable at 102
2026-05-01T18:27:28.984 [INFO    ] compressor_03: Pressure normal: 67.15 bar
2026-05-01T18:27:29.237 [WARNING ] conveyor_04: Response latency high: 99ms
2026-05-01T18:27:29.490 [INFO    ] motor_02: Sensor read cycle complete
2026-05-01T18:27:29.740 [INFO    ] valve_05: Temperature within normal range: 96.3°C
2026-05-01T18:27:29.991 [INFO    ] conveyor_04: System heartbeat OK
2026-05-01T18:27:30.242 [WARNING ] motor_02: Buffer utilisation at 16%
2026-05-01T18:27:30.496 [INFO    ] compressor_03: RPM stable at 69
2026-05-01T18:27:30.750 [INFO    ] pump_01: System heartbeat OK
2026-05-01T18:27:31.001 [WARNING ] motor_02: Vibration spike detected: 105.9 Hz
2026-05-01T18:27:31.256 [INFO    ] compressor_03: Connection alive
2026-05-01T18:27:31.508 [INFO    ] valve_05: Sensor read cycle complete
2026-05-01T18:27:31.759 [CRITICAL] valve_05: EMERGENCY STOP triggered — safety interlock activated
2026-05-01T18:27:32.010 [INFO    ] valve_05: RPM stable at 36
2026-05-01T18:27:32.261 [INFO    ] compressor_03: Temperature within normal range: 44.3°C
2026-05-01T18:27:32.512 [CRITICAL] motor_02: Power supply failure detected
2026-05-01T18:27:32.763 [WARNING ] pump_01: Vibration spike detected: 31.2 Hz
2026-05-01T18:27:33.021 [INFO    ] compressor_03: Temperature within normal range: 19.6°C
2026-05-01T18:27:33.275 [INFO    ] pump_01: Connection alive
2026-05-01T18:27:33.525 [INFO    ] conveyor_04: Sensor read cycle complete
2026-05-01T18:27:33.779 [INFO    ] conveyor_04: Connection alive
2026-05-01T18:27:34.030 [INFO    ] motor_02: System heartbeat OK
2026-05-01T18:27:34.280 [WARNING ] motor_02: Temperature elevated: 35.2°C — threshold 75°C
2026-05-01T18:27:34.531 [INFO    ] pump_01: Connection alive
2026-05-01T18:27:34.782 [INFO    ] pump_01: Sensor read cycle complete
2026-05-01T18:27:35.033 [INFO    ] compressor_03: Pressure normal: 51.89 bar
2026-05-01T18:27:35.286 [INFO    ] pump_01: Temperature within normal range: 112.1°C
2026-05-01T18:27:35.537 [INFO    ] valve_05: System heartbeat OK
2026-05-01T18:27:35.787 [INFO    ] valve_05: Sensor read cycle complete
2026-05-01T18:27:36.038 [WARNING ] valve_05: Response latency high: 58ms
2026-05-01T18:27:36.288 [WARNING ] valve_05: Retry attempt 67 for register 0x0002
2026-05-01T18:27:36.543 [INFO    ] compressor_03: System heartbeat OK
2026-05-01T18:27:36.793 [INFO    ] motor_02: Temperature within normal range: 40.4°C
2026-05-01T18:27:37.044 [INFO    ] pump_01: RPM stable at 114
2026-05-01T18:27:37.295 [INFO    ] motor_02: Temperature within normal range: 26.2°C
2026-05-01T18:27:37.546 [WARNING ] valve_05: Response latency high: 45ms
2026-05-01T18:27:37.797 [WARNING ] motor_02: Response latency high: 69ms
2026-05-01T18:27:38.051 [WARNING ] motor_02: Vibration spike detected: 116.7 Hz
2026-05-01T18:27:38.302 [INFO    ] pump_01: System heartbeat OK
2026-05-01T18:27:38.553 [WARNING ] motor_02: Retry attempt 71 for register 0x0002
2026-05-01T18:27:38.803 [WARNING ] conveyor_04: Vibration spike detected: 95.3 Hz
2026-05-01T18:27:39.053 [INFO    ] pump_01: Sensor read cycle complete
2026-05-01T18:27:39.304 [INFO    ] motor_02: Pressure normal: 113.90 bar
2026-05-01T18:27:39.554 [WARNING ] valve_05: Temperature elevated: 54.1°C — threshold 75°C
2026-05-01T18:27:39.805 [INFO    ] compressor_03: Sensor read cycle complete
2026-05-01T18:27:40.059 [INFO    ] valve_05: RPM stable at 111
2026-05-01T18:27:40.310 [INFO    ] motor_02: RPM stable at 110
2026-05-01T18:27:40.561 [INFO    ] conveyor_04: System heartbeat OK
2026-05-01T18:27:40.813 [ERROR   ] motor_02: Sensor read FAILED — register 0x0003 timeout
2026-05-01T18:27:41.067 [INFO    ] conveyor_04: Sensor read cycle complete
2026-05-01T18:27:41.319 [WARNING ] valve_05: Buffer utilisation at 114%
2026-05-01T18:27:41.570 [INFO    ] valve_05: Sensor read cycle complete
2026-05-01T18:27:41.826 [INFO    ] conveyor_04: RPM stable at 111
2026-05-01T18:27:42.077 [INFO    ] compressor_03: Temperature within normal range: 21.1°C
2026-05-01T18:27:42.329 [INFO    ] motor_02: System heartbeat OK
2026-05-01T18:27:42.585 [ERROR   ] valve_05: Over-temperature limit exceeded: 113.9°C
2026-05-01T18:27:42.835 [ERROR   ] compressor_03: Over-temperature limit exceeded: 117.2°C
2026-05-01T18:27:43.086 [INFO    ] motor_02: RPM stable at 34
2026-05-01T18:27:43.337 [INFO    ] motor_02: System heartbeat OK
2026-05-01T18:27:43.589 [INFO    ] motor_02: RPM stable at 27
2026-05-01T18:27:43.840 [INFO    ] conveyor_04: RPM stable at 84
2026-05-01T18:27:44.091 [INFO    ] motor_02: Pressure normal: 79.81 bar
2026-05-01T18:27:44.341 [WARNING ] compressor_03: Vibration spike detected: 14.2 Hz
2026-05-01T18:27:44.592 [INFO    ] conveyor_04: Temperature within normal range: 15.9°C
2026-05-01T18:27:44.842 [INFO    ] pump_01: Temperature within normal range: 98.6°C
2026-05-01T18:27:45.093 [INFO    ] pump_01: RPM stable at 52
2026-05-01T18:27:45.343 [INFO    ] valve_05: RPM stable at 32
2026-05-01T18:27:45.596 [ERROR   ] motor_02: Over-temperature limit exceeded: 65.5°C
2026-05-01T18:27:45.848 [INFO    ] valve_05: RPM stable at 111
2026-05-01T18:27:46.099 [INFO    ] pump_01: Temperature within normal range: 60.5°C
2026-05-01T18:27:46.350 [INFO    ] compressor_03: Sensor read cycle complete
2026-05-01T18:27:46.601 [CRITICAL] motor_02: EMERGENCY STOP triggered — safety interlock activated
2026-05-01T18:27:46.852 [INFO    ] compressor_03: Temperature within normal range: 35.3°C
2026-05-01T18:27:47.103 [WARNING ] motor_02: Temperature elevated: 74.0°C — threshold 75°C
2026-05-01T18:27:47.354 [INFO    ] valve_05: Pressure normal: 17.36 bar
2026-05-01T18:27:47.609 [INFO    ] compressor_03: Sensor read cycle complete
2026-05-01T18:27:47.862 [ERROR   ] motor_02: Communication error: CRC mismatch
2026-05-01T18:27:48.117 [INFO    ] pump_01: Temperature within normal range: 24.4°C
2026-05-01T18:27:48.368 [WARNING ] compressor_03: Retry attempt 82 for register 0x0002
2026-05-01T18:27:48.619 [ERROR   ] motor_02: Sensor read FAILED — register 0x0003 timeout
2026-05-01T18:27:48.871 [INFO    ] pump_01: Connection alive
2026-05-01T18:27:49.125 [CRITICAL] conveyor_04: Catastrophic vibration: 67.4 Hz — shutting down
2026-05-01T18:27:49.376 [CRITICAL] motor_02: EMERGENCY STOP triggered — safety interlock activated
2026-05-01T18:27:49.627 [INFO    ] valve_05: RPM stable at 37
2026-05-01T18:27:49.878 [WARNING ] pump_01: Retry attempt 38 for register 0x0002
2026-05-01T18:27:50.128 [WARNING ] valve_05: Temperature elevated: 66.5°C — threshold 75°C
2026-05-01T18:27:50.379 [INFO    ] compressor_03: RPM stable at 61
2026-05-01T18:27:50.630 [INFO    ] valve_05: Temperature within normal range: 113.0°C
2026-05-01T18:27:50.881 [ERROR   ] valve_05: Communication error: CRC mismatch
2026-05-01T18:27:51.132 [INFO    ] pump_01: Temperature within normal range: 33.2°C
2026-05-01T18:27:51.383 [INFO    ] pump_01: Temperature within normal range: 67.7°C
2026-05-01T18:27:51.640 [ERROR   ] conveyor_04: Motor stall detected — RPM dropped to 94
2026-05-01T18:27:51.890 [INFO    ] valve_05: Connection alive
2026-05-01T18:27:52.141 [INFO    ] conveyor_04: RPM stable at 110
2026-05-01T18:27:52.392 [WARNING ] compressor_03: Buffer utilisation at 47%
2026-05-01T18:27:52.643 [CRITICAL] pump_01: Power supply failure detected
2026-05-01T18:27:52.895 [INFO    ] motor_02: Sensor read cycle complete
2026-05-01T18:27:53.146 [WARNING ] motor_02: Retry attempt 80 for register 0x0002
2026-05-01T18:27:53.397 [INFO    ] motor_02: Pressure normal: 45.67 bar
2026-05-01T18:27:53.648 [INFO    ] valve_05: System heartbeat OK
2026-05-01T18:27:53.905 [INFO    ] pump_01: Sensor read cycle complete
2026-05-01T18:27:54.156 [INFO    ] valve_05: Sensor read cycle complete
2026-05-01T18:27:54.407 [ERROR   ] conveyor_04: Over-temperature limit exceeded: 53.3°C
2026-05-01T18:27:54.658 [INFO    ] pump_01: Pressure normal: 79.24 bar
2026-05-01T18:27:54.911 [WARNING ] conveyor_04: Buffer utilisation at 119%
2026-05-01T18:27:55.161 [INFO    ] motor_02: Connection alive
2026-05-01T18:27:55.412 [INFO    ] valve_05: Sensor read cycle complete
2026-05-01T18:27:55.663 [ERROR   ] compressor_03: Over-temperature limit exceeded: 41.2°C
2026-05-01T18:27:55.913 [ERROR   ] motor_02: Communication error: CRC mismatch
2026-05-01T18:27:56.164 [INFO    ] conveyor_04: Temperature within normal range: 108.7°C
2026-05-01T18:27:56.415 [INFO    ] motor_02: RPM stable at 39
2026-05-01T18:27:56.666 [INFO    ] motor_02: Pressure normal: 36.80 bar
2026-05-01T18:27:56.921 [INFO    ] compressor_03: Pressure normal: 24.98 bar
2026-05-01T18:27:57.174 [INFO    ] conveyor_04: Sensor read cycle complete
2026-05-01T18:27:57.427 [INFO    ] motor_02: Pressure normal: 14.84 bar
2026-05-01T18:27:57.679 [INFO    ] conveyor_04: Temperature within normal range: 44.7°C
2026-05-01T18:27:57.930 [INFO    ] valve_05: RPM stable at 74
2026-05-01T18:27:58.180 [ERROR   ] valve_05: Communication error: CRC mismatch
2026-05-01T18:27:58.431 [WARNING ] valve_05: Retry attempt 82 for register 0x0002
2026-05-01T18:27:58.685 [ERROR   ] motor_02: Motor stall detected — RPM dropped to 43
2026-05-01T18:27:58.938 [INFO    ] motor_02: System heartbeat OK
2026-05-01T18:27:59.190 [INFO    ] compressor_03: RPM stable at 101
2026-05-01T18:27:59.443 [WARNING ] valve_05: Retry attempt 13 for register 0x0002
2026-05-01T18:27:59.697 [INFO    ] valve_05: Pressure normal: 80.98 bar
2026-05-01T18:27:59.947 [CRITICAL] pump_01: Power supply failure detected
2026-05-01T18:28:00.199 [INFO    ] valve_05: System heartbeat OK
2026-05-01T18:28:00.453 [INFO    ] pump_01: System heartbeat OK
2026-05-01T18:28:00.704 [INFO    ] valve_05: Connection alive
2026-05-01T18:28:00.957 [INFO    ] valve_05: Sensor read cycle complete
2026-05-01T18:28:01.209 [WARNING ] valve_05: Temperature elevated: 81.6°C — threshold 75°C
2026-05-01T18:28:01.461 [INFO    ] compressor_03: RPM stable at 90
2026-05-01T18:28:01.713 [INFO    ] compressor_03: Pressure normal: 85.88 bar
2026-05-01T18:28:01.965 [WARNING ] conveyor_04: Retry attempt 69 for register 0x0002
2026-05-01T18:28:02.216 [WARNING ] compressor_03: Buffer utilisation at 74%
2026-05-01T18:28:02.467 [INFO    ] compressor_03: System heartbeat OK
2026-05-01T18:28:02.718 [CRITICAL] motor_02: EMERGENCY STOP triggered — safety interlock activated
2026-05-01T18:28:02.969 [WARNING ] compressor_03: Vibration spike detected: 91.1 Hz
2026-05-01T18:28:03.219 [INFO    ] valve_05: RPM stable at 109
2026-05-01T18:28:03.470 [INFO    ] compressor_03: System heartbeat OK
2026-05-01T18:28:03.725 [CRITICAL] compressor_03: EMERGENCY STOP triggered — safety interlock activated
2026-05-01T18:28:03.976 [CRITICAL] valve_05: Power supply failure detected
2026-05-01T18:28:04.227 [WARNING ] valve_05: Response latency high: 109ms
2026-05-01T18:28:04.477 [INFO    ] valve_05: Connection alive
2026-05-01T18:28:04.730 [WARNING ] conveyor_04: Buffer utilisation at 21%
2026-05-01T18:28:04.982 [CRITICAL] conveyor_04: Power supply failure detected
2026-05-01T18:28:05.233 [INFO    ] conveyor_04: System heartbeat OK
2026-05-01T18:28:05.484 [WARNING ] motor_02: Temperature elevated: 33.5°C — threshold 75°C
2026-05-01T18:28:05.734 [CRITICAL] motor_02: Power supply failure detected
2026-05-01T18:28:05.989 [WARNING ] motor_02: Response latency high: 24ms
2026-05-01T18:28:06.240 [INFO    ] pump_01: Sensor read cycle complete
2026-05-01T18:28:06.491 [ERROR   ] compressor_03: Communication error: CRC mismatch
2026-05-01T18:28:06.742 [WARNING ] conveyor_04: Vibration spike detected: 82.4 Hz
2026-05-01T18:28:06.993 [INFO    ] valve_05: Connection alive
2026-05-01T18:28:07.246 [WARNING ] pump_01: Buffer utilisation at 65%
2026-05-01T18:28:07.496 [INFO    ] compressor_03: Pressure normal: 62.54 bar
2026-05-01T18:28:07.747 [INFO    ] motor_02: Temperature within normal range: 40.9°C
2026-05-01T18:28:07.999 [WARNING ] compressor_03: Vibration spike detected: 92.4 Hz
2026-05-01T18:28:08.253 [ERROR   ] conveyor_04: Sensor read FAILED — register 0x0003 timeout
2026-05-01T18:28:08.504 [INFO    ] pump_01: Pressure normal: 15.32 bar
2026-05-01T18:28:08.755 [WARNING ] valve_05: Temperature elevated: 39.7°C — threshold 75°C
2026-05-01T18:28:09.005 [INFO    ] compressor_03: Pressure normal: 17.43 bar
2026-05-01T18:28:09.257 [INFO    ] valve_05: Sensor read cycle complete
2026-05-01T18:28:09.507 [INFO    ] conveyor_04: Connection alive
2026-05-01T18:28:09.758 [INFO    ] compressor_03: System heartbeat OK
2026-05-01T18:28:10.012 [INFO    ] conveyor_04: Pressure normal: 61.84 bar
2026-05-01T18:28:10.263 [WARNING ] conveyor_04: Response latency high: 48ms
2026-05-01T18:28:10.513 [INFO    ] pump_01: Pressure normal: 48.45 bar
2026-05-01T18:28:10.764 [CRITICAL] pump_01: Power supply failure detected
2026-05-01T18:28:11.015 [INFO    ] motor_02: RPM stable at 74
2026-05-01T18:28:11.266 [INFO    ] pump_01: RPM stable at 103
2026-05-01T18:28:11.519 [INFO    ] pump_01: Temperature within normal range: 20.6°C
2026-05-01T18:28:11.770 [INFO    ] conveyor_04: Temperature within normal range: 56.1°C
2026-05-01T18:28:12.020 [WARNING ] compressor_03: Buffer utilisation at 93%
2026-05-01T18:28:12.271 [ERROR   ] pump_01: Communication error: CRC mismatch
2026-05-01T18:28:12.521 [CRITICAL] pump_01: EMERGENCY STOP triggered — safety interlock activated
2026-05-01T18:28:12.772 [INFO    ] valve_05: Pressure normal: 19.56 bar
2026-05-01T18:28:13.023 [INFO    ] pump_01: RPM stable at 20
2026-05-01T18:28:13.273 [INFO    ] pump_01: System heartbeat OK
2026-05-01T18:28:13.524 [WARNING ] conveyor_04: Temperature elevated: 79.4°C — threshold 75°C
2026-05-01T18:28:13.776 [INFO    ] valve_05: Sensor read cycle complete
2026-05-01T18:28:14.027 [CRITICAL] compressor_03: Catastrophic vibration: 98.2 Hz — shutting down
2026-05-01T18:28:14.278 [ERROR   ] conveyor_04: Over-temperature limit exceeded: 32.8°C
2026-05-01T18:28:14.529 [INFO    ] compressor_03: Pressure normal: 73.48 bar
2026-05-01T18:28:14.779 [WARNING ] motor_02: Temperature elevated: 73.7°C — threshold 75°C
2026-05-01T18:28:15.030 [INFO    ] motor_02: RPM stable at 63
2026-05-01T18:28:15.280 [CRITICAL] conveyor_04: Power supply failure detected
2026-05-01T18:28:15.531 [CRITICAL] pump_01: Power supply failure detected
2026-05-01T18:28:15.782 [INFO    ] compressor_03: System heartbeat OK
2026-05-01T18:28:16.035 [INFO    ] pump_01: Sensor read cycle complete
2026-05-01T18:28:16.286 [WARNING ] conveyor_04: Retry attempt 83 for register 0x0002
2026-05-01T18:28:16.538 [INFO    ] valve_05: System heartbeat OK
2026-05-01T18:28:16.788 [INFO    ] motor_02: Sensor read cycle complete
2026-05-01T18:28:17.041 [INFO    ] conveyor_04: Connection alive
2026-05-01T18:28:17.292 [ERROR   ] valve_05: Sensor read FAILED — register 0x0003 timeout
2026-05-01T18:28:17.543 [WARNING ] compressor_03: Vibration spike detected: 39.3 Hz
2026-05-01T18:28:17.793 [INFO    ] motor_02: RPM stable at 13
2026-05-01T18:28:18.044 [INFO    ] pump_01: Connection alive
2026-05-01T18:28:18.295 [INFO    ] pump_01: RPM stable at 26
2026-05-01T18:28:18.546 [INFO    ] compressor_03: Sensor read cycle complete
2026-05-01T18:28:18.796 [ERROR   ] compressor_03: Communication error: CRC mismatch
2026-05-01T18:28:19.051 [INFO    ] pump_01: System heartbeat OK
2026-05-01T18:28:19.301 [INFO    ] valve_05: RPM stable at 24
2026-05-01T18:28:19.552 [WARNING ] motor_02: Temperature elevated: 36.8°C — threshold 75°C
2026-05-01T18:28:19.803 [INFO    ] motor_02: System heartbeat OK
2026-05-01T18:28:20.053 [INFO    ] pump_01: System heartbeat OK
2026-05-01T18:28:20.304 [INFO    ] valve_05: RPM stable at 15
2026-05-01T18:28:20.554 [INFO    ] valve_05: Connection alive
2026-05-01T18:28:20.807 [INFO    ] compressor_03: Temperature within normal range: 113.9°C
2026-05-01T18:28:21.058 [INFO    ] motor_02: Temperature within normal range: 62.0°C
2026-05-01T18:28:21.309 [INFO    ] pump_01: Temperature within normal range: 49.3°C
2026-05-01T18:28:21.559 [ERROR   ] motor_02: Motor stall detected — RPM dropped to 107
2026-05-01T18:28:21.810 [CRITICAL] motor_02: Power supply failure detected
2026-05-01T18:28:22.061 [INFO    ] pump_01: RPM stable at 95
2026-05-01T18:28:22.312 [INFO    ] compressor_03: Temperature within normal range: 111.6°C
2026-05-01T18:28:22.563 [INFO    ] motor_02: Temperature within normal range: 60.2°C
2026-05-01T18:28:22.817 [WARNING ] valve_05: Vibration spike detected: 53.0 Hz
2026-05-01T18:28:23.068 [WARNING ] valve_05: Buffer utilisation at 58%
2026-05-01T18:28:23.319 [WARNING ] pump_01: Temperature elevated: 27.8°C — threshold 75°C
2026-05-01T18:28:23.569 [WARNING ] conveyor_04: Buffer utilisation at 50%
2026-05-01T18:28:23.823 [WARNING ] valve_05: Buffer utilisation at 66%
2026-05-01T18:28:24.073 [ERROR   ] motor_02: Motor stall detected — RPM dropped to 79
2026-05-01T18:28:24.324 [INFO    ] compressor_03: Temperature within normal range: 81.3°C
2026-05-01T18:28:24.575 [INFO    ] compressor_03: System heartbeat OK
2026-05-01T18:28:24.825 [WARNING ] valve_05: Vibration spike detected: 55.2 Hz
2026-05-01T18:28:25.076 [WARNING ] motor_02: Response latency high: 71ms
2026-05-01T18:28:25.326 [ERROR   ] motor_02: Communication error: CRC mismatch
2026-05-01T18:28:25.578 [INFO    ] valve_05: RPM stable at 97
2026-05-01T18:28:25.830 [INFO    ] valve_05: Pressure normal: 54.10 bar
2026-05-01T18:28:26.081 [WARNING ] motor_02: Response latency high: 119ms
2026-05-01T18:28:26.332 [ERROR   ] compressor_03: Communication error: CRC mismatch
2026-05-01T18:28:26.583 [CRITICAL] conveyor_04: Power supply failure detected
2026-05-01T18:28:26.834 [WARNING ] compressor_03: Temperature elevated: 11.1°C — threshold 75°C
2026-05-01T18:28:27.084 [INFO    ] pump_01: Pressure normal: 54.37 bar
2026-05-01T18:28:27.338 [INFO    ] compressor_03: Temperature within normal range: 42.4°C
2026-05-01T18:28:27.589 [WARNING ] motor_02: Retry attempt 42 for register 0x0002
2026-05-01T18:28:27.840 [INFO    ] compressor_03: Sensor read cycle complete
2026-05-01T18:28:28.091 [INFO    ] conveyor_04: RPM stable at 24
2026-05-01T18:28:28.342 [INFO    ] pump_01: System heartbeat OK
2026-05-01T18:28:28.592 [CRITICAL] compressor_03: EMERGENCY STOP triggered — safety interlock activated
2026-05-01T18:28:28.846 [INFO    ] motor_02: Sensor read cycle complete
2026-05-01T18:28:29.096 [WARNING ] motor_02: Response latency high: 107ms
2026-05-01T18:28:29.347 [WARNING ] pump_01: Buffer utilisation at 108%
2026-05-01T18:28:29.598 [WARNING ] motor_02: Vibration spike detected: 67.9 Hz
2026-05-01T18:28:29.849 [INFO    ] pump_01: Sensor read cycle complete
2026-05-01T18:28:30.099 [WARNING ] conveyor_04: Buffer utilisation at 11%
2026-05-01T18:28:30.350 [INFO    ] conveyor_04: Pressure normal: 66.23 bar
2026-05-01T18:28:30.601 [INFO    ] compressor_03: Sensor read cycle complete
2026-05-01T18:28:30.852 [WARNING ] pump_01: Temperature elevated: 99.5°C — threshold 75°C
2026-05-01T18:28:31.102 [INFO    ] valve_05: RPM stable at 96
2026-05-01T18:28:31.353 [INFO    ] compressor_03: Sensor read cycle complete
2026-05-01T18:28:31.604 [WARNING ] pump_01: Buffer utilisation at 55%
2026-05-01T18:28:31.854 [WARNING ] conveyor_04: Temperature elevated: 43.5°C — threshold 75°C
2026-05-01T18:28:32.105 [WARNING ] motor_02: Vibration spike detected: 58.7 Hz
2026-05-01T18:28:32.355 [WARNING ] motor_02: Response latency high: 100ms
2026-05-01T18:28:32.606 [INFO    ] motor_02: RPM stable at 69
2026-05-01T18:28:32.856 [INFO    ] valve_05: Sensor read cycle complete
2026-05-01T18:28:33.107 [WARNING ] pump_01: Temperature elevated: 37.0°C — threshold 75°C
2026-05-01T18:28:33.359 [INFO    ] pump_01: System heartbeat OK
2026-05-01T18:28:33.610 [WARNING ] valve_05: Vibration spike detected: 106.2 Hz
2026-05-01T18:28:33.861 [ERROR   ] conveyor_04: Communication error: CRC mismatch
2026-05-01T18:28:34.111 [INFO    ] conveyor_04: Temperature within normal range: 51.5°C
2026-05-01T18:28:34.363 [INFO    ] compressor_03: RPM stable at 14
2026-05-01T18:28:34.614 [INFO    ] valve_05: Sensor read cycle complete
2026-05-01T18:28:34.864 [WARNING ] valve_05: Retry attempt 50 for register 0x0002
2026-05-01T18:28:35.118 [WARNING ] valve_05: Buffer utilisation at 62%
2026-05-01T18:28:35.369 [INFO    ] motor_02: Sensor read cycle complete
2026-05-01T18:28:35.619 [INFO    ] motor_02: Sensor read cycle complete
2026-05-01T18:28:35.870 [ERROR   ] conveyor_04: Over-temperature limit exceeded: 41.8°C
2026-05-01T18:28:36.121 [WARNING ] pump_01: Buffer utilisation at 110%
2026-05-01T18:28:36.371 [ERROR   ] valve_05: Sensor read FAILED — register 0x0003 timeout
2026-05-01T18:28:36.622 [INFO    ] pump_01: Sensor read cycle complete
2026-05-01T18:28:36.873 [WARNING ] conveyor_04: Temperature elevated: 56.4°C — threshold 75°C
2026-05-01T18:28:37.124 [INFO    ] compressor_03: RPM stable at 113
2026-05-01T18:28:37.375 [WARNING ] conveyor_04: Buffer utilisation at 110%
2026-05-01T18:28:37.626 [WARNING ] motor_02: Temperature elevated: 100.1°C — threshold 75°C
2026-05-01T18:28:37.876 [CRITICAL] motor_02: Power supply failure detected
2026-05-01T18:28:38.127 [INFO    ] compressor_03: RPM stable at 59
2026-05-01T18:28:38.378 [INFO    ] pump_01: Temperature within normal range: 85.5°C
2026-05-01T18:28:38.629 [ERROR   ] valve_05: Over-temperature limit exceeded: 29.8°C
2026-05-01T18:28:38.880 [INFO    ] compressor_03: RPM stable at 87
2026-05-01T18:28:39.130 [WARNING ] compressor_03: Response latency high: 79ms
2026-05-01T18:28:39.380 [WARNING ] compressor_03: Vibration spike detected: 53.0 Hz
2026-05-01T18:28:39.632 [ERROR   ] valve_05: Communication error: CRC mismatch
2026-05-01T18:28:39.883 [INFO    ] compressor_03: Connection alive
2026-05-01T18:28:40.134 [WARNING ] valve_05: Vibration spike detected: 87.7 Hz
2026-05-01T18:28:40.386 [INFO    ] valve_05: Pressure normal: 105.95 bar
2026-05-01T18:28:40.636 [INFO    ] valve_05: RPM stable at 74
2026-05-01T18:28:40.887 [INFO    ] valve_05: Temperature within normal range: 80.7°C
2026-05-01T18:28:41.137 [ERROR   ] conveyor_04: Over-temperature limit exceeded: 72.6°C
2026-05-01T18:28:41.388 [INFO    ] pump_01: Connection alive
2026-05-01T18:28:41.640 [INFO    ] valve_05: System heartbeat OK
2026-05-01T18:28:41.891 [ERROR   ] motor_02: Sensor read FAILED — register 0x0003 timeout
2026-05-01T18:28:42.141 [INFO    ] compressor_03: Temperature within normal range: 52.3°C
2026-05-01T18:28:42.392 [WARNING ] conveyor_04: Response latency high: 110ms
2026-05-01T18:28:42.642 [INFO    ] compressor_03: Connection alive
2026-05-01T18:28:42.893 [ERROR   ] valve_05: Over-temperature limit exceeded: 32.1°C
2026-05-01T18:28:43.143 [INFO    ] pump_01: Temperature within normal range: 27.5°C
2026-05-01T18:28:43.394 [INFO    ] pump_01: System heartbeat OK
2026-05-01T18:28:43.644 [ERROR   ] valve_05: Over-temperature limit exceeded: 48.5°C
2026-05-01T18:28:43.896 [WARNING ] motor_02: Buffer utilisation at 59%
2026-05-01T18:28:44.147 [INFO    ] compressor_03: Sensor read cycle complete
2026-05-01T18:28:44.397 [INFO    ] pump_01: System heartbeat OK
2026-05-01T18:28:44.648 [CRITICAL] compressor_03: Catastrophic vibration: 48.7 Hz — shutting down
2026-05-01T18:28:44.899 [INFO    ] compressor_03: RPM stable at 53
2026-05-01T18:28:45.149 [ERROR   ] compressor_03: Motor stall detected — RPM dropped to 45
2026-05-01T18:28:45.400 [INFO    ] compressor_03: System heartbeat OK
2026-05-01T18:28:45.651 [INFO    ] conveyor_04: Pressure normal: 57.07 bar
2026-05-01T18:28:45.901 [INFO    ] conveyor_04: Pressure normal: 58.85 bar
2026-05-01T18:28:46.154 [WARNING ] motor_02: Vibration spike detected: 70.1 Hz
2026-05-01T18:28:46.405 [INFO    ] motor_02: RPM stable at 25
2026-05-01T18:28:46.656 [INFO    ] conveyor_04: Sensor read cycle complete
2026-05-01T18:28:46.907 [INFO    ] compressor_03: System heartbeat OK
2026-05-01T18:28:47.157 [INFO    ] conveyor_04: Temperature within normal range: 119.1°C
2026-05-01T18:28:47.410 [ERROR   ] motor_02: Sensor read FAILED — register 0x0003 timeout
2026-05-01T18:28:47.661 [ERROR   ] conveyor_04: Over-temperature limit exceeded: 105.1°C
2026-05-01T18:28:47.912 [INFO    ] valve_05: Connection alive
2026-05-01T18:28:48.163 [INFO    ] conveyor_04: System heartbeat OK
2026-05-01T18:28:48.413 [INFO    ] pump_01: Temperature within normal range: 88.6°C
2026-05-01T18:28:48.664 [INFO    ] conveyor_04: Temperature within normal range: 80.3°C
2026-05-01T18:28:48.915 [INFO    ] motor_02: Temperature within normal range: 10.5°C
2026-05-01T18:28:49.170 [ERROR   ] conveyor_04: Over-temperature limit exceeded: 70.7°C
2026-05-01T18:28:49.420 [ERROR   ] motor_02: Over-temperature limit exceeded: 112.6°C
2026-05-01T18:28:49.670 [INFO    ] motor_02: RPM stable at 67
2026-05-01T18:28:49.921 [INFO    ] valve_05: System heartbeat OK
2026-05-01T18:28:50.171 [INFO    ] pump_01: Temperature within normal range: 52.6°C
2026-05-01T18:28:50.422 [ERROR   ] compressor_03: Over-temperature limit exceeded: 54.2°C
2026-05-01T18:28:50.672 [WARNING ] valve_05: Temperature elevated: 27.6°C — threshold 75°C
2026-05-01T18:28:50.923 [INFO    ] pump_01: System heartbeat OK
2026-05-01T18:28:51.173 [INFO    ] conveyor_04: Sensor read cycle complete
2026-05-01T18:28:51.424 [INFO    ] pump_01: Sensor read cycle complete
2026-05-01T18:28:51.676 [INFO    ] motor_02: System heartbeat OK
2026-05-01T18:28:51.927 [ERROR   ] compressor_03: Motor stall detected — RPM dropped to 19
2026-05-01T18:28:52.177 [WARNING ] compressor_03: Temperature elevated: 61.7°C — threshold 75°C
2026-05-01T18:28:52.428 [INFO    ] compressor_03: System heartbeat OK
2026-05-01T18:28:52.679 [ERROR   ] conveyor_04: Over-temperature limit exceeded: 70.5°C
2026-05-01T18:28:52.929 [WARNING ] compressor_03: Buffer utilisation at 41%
2026-05-01T18:28:53.180 [INFO    ] conveyor_04: Pressure normal: 116.80 bar
2026-05-01T18:28:53.430 [INFO    ] conveyor_04: Sensor read cycle complete
2026-05-01T18:28:53.681 [WARNING ] conveyor_04: Response latency high: 113ms
2026-05-01T18:28:53.931 [INFO    ] motor_02: Pressure normal: 63.93 bar
2026-05-01T18:28:54.183 [INFO    ] motor_02: Connection alive
2026-05-01T18:28:54.435 [ERROR   ] motor_02: Over-temperature limit exceeded: 107.3°C
2026-05-01T18:28:54.685 [ERROR   ] valve_05: Motor stall detected — RPM dropped to 10
2026-05-01T18:28:54.936 [WARNING ] motor_02: Retry attempt 66 for register 0x0002
2026-05-01T18:28:55.186 [INFO    ] valve_05: Pressure normal: 17.70 bar
2026-05-01T18:28:55.436 [INFO    ] motor_02: Temperature within normal range: 91.5°C
2026-05-01T18:28:55.687 [INFO    ] pump_01: RPM stable at 101
2026-05-01T18:28:55.937 [INFO    ] compressor_03: Temperature within normal range: 76.1°C
2026-05-01T18:28:56.188 [ERROR   ] motor_02: Motor stall detected — RPM dropped to 78
2026-05-01T18:28:56.438 [INFO    ] valve_05: RPM stable at 22
2026-05-01T18:28:56.692 [INFO    ] motor_02: RPM stable at 67
2026-05-01T18:28:56.943 [INFO    ] compressor_03: Connection alive
2026-05-01T18:28:57.194 [ERROR   ] conveyor_04: Communication error: CRC mismatch
2026-05-01T18:28:57.445 [INFO    ] motor_02: RPM stable at 52
2026-05-01T18:28:57.696 [INFO    ] valve_05: RPM stable at 91
2026-05-01T18:28:57.946 [INFO    ] conveyor_04: Temperature within normal range: 93.3°C
2026-05-01T18:28:58.200 [INFO    ] valve_05: Temperature within normal range: 28.3°C
2026-05-01T18:28:58.451 [INFO    ] compressor_03: Sensor read cycle complete
2026-05-01T18:28:58.702 [INFO    ] pump_01: System heartbeat OK
2026-05-01T18:28:58.952 [INFO    ] valve_05: Sensor read cycle complete
2026-05-01T18:28:59.203 [INFO    ] conveyor_04: Pressure normal: 59.22 bar
2026-05-01T18:28:59.454 [INFO    ] valve_05: Temperature within normal range: 119.9°C
2026-05-01T18:28:59.706 [ERROR   ] compressor_03: Over-temperature limit exceeded: 34.0°C
2026-05-01T18:28:59.957 [WARNING ] valve_05: Retry attempt 99 for register 0x0002
2026-05-01T18:29:00.207 [INFO    ] conveyor_04: Sensor read cycle complete
2026-05-01T18:29:00.458 [INFO    ] valve_05: Connection alive
2026-05-01T18:29:00.709 [INFO    ] motor_02: RPM stable at 33
2026-05-01T18:29:00.959 [WARNING ] valve_05: Retry attempt 112 for register 0x0002
2026-05-01T18:29:01.210 [INFO    ] valve_05: Connection alive
2026-05-01T18:29:01.461 [INFO    ] compressor_03: Temperature within normal range: 59.3°C
2026-05-01T18:29:01.711 [INFO    ] compressor_03: Connection alive
2026-05-01T18:29:01.962 [INFO    ] conveyor_04: Sensor read cycle complete
2026-05-01T18:29:02.215 [INFO    ] compressor_03: Sensor read cycle complete
2026-05-01T18:29:02.465 [WARNING ] compressor_03: Retry attempt 53 for register 0x0002
2026-05-01T18:29:02.716 [INFO    ] pump_01: Pressure normal: 67.47 bar
2026-05-01T18:29:02.966 [INFO    ] compressor_03: Temperature within normal range: 46.4°C
2026-05-01T18:29:03.217 [ERROR   ] conveyor_04: Motor stall detected — RPM dropped to 119
2026-05-01T18:29:03.467 [INFO    ] valve_05: Connection alive
2026-05-01T18:29:03.718 [WARNING ] valve_05: Response latency high: 101ms
2026-05-01T18:29:03.969 [ERROR   ] motor_02: Over-temperature limit exceeded: 114.7°C
2026-05-01T18:29:04.219 [WARNING ] valve_05: Vibration spike detected: 49.1 Hz
2026-05-01T18:29:04.469 [WARNING ] pump_01: Buffer utilisation at 82%
2026-05-01T18:29:04.724 [ERROR   ] compressor_03: Over-temperature limit exceeded: 65.2°C
2026-05-01T18:29:04.975 [INFO    ] compressor_03: Sensor read cycle complete
2026-05-01T18:29:05.225 [CRITICAL] valve_05: Power supply failure detected
2026-05-01T18:29:05.476 [INFO    ] pump_01: Pressure normal: 78.18 bar
2026-05-01T18:29:05.727 [INFO    ] pump_01: Sensor read cycle complete
2026-05-01T18:29:05.978 [WARNING ] pump_01: Temperature elevated: 96.5°C — threshold 75°C
2026-05-01T18:29:06.229 [INFO    ] compressor_03: Sensor read cycle complete
2026-05-01T18:29:06.480 [INFO    ] motor_02: System heartbeat OK
2026-05-01T18:29:06.730 [INFO    ] conveyor_04: Temperature within normal range: 93.2°C
2026-05-01T18:29:06.981 [WARNING ] compressor_03: Buffer utilisation at 26%
2026-05-01T18:29:07.232 [WARNING ] valve_05: Response latency high: 94ms
2026-05-01T18:29:07.483 [INFO    ] pump_01: System heartbeat OK
2026-05-01T18:29:07.733 [INFO    ] compressor_03: Connection alive
2026-05-01T18:29:07.984 [ERROR   ] compressor_03: Sensor read FAILED — register 0x0003 timeout
2026-05-01T18:29:08.237 [WARNING ] motor_02: Retry attempt 18 for register 0x0002
2026-05-01T18:29:08.488 [INFO    ] compressor_03: Pressure normal: 47.98 bar
2026-05-01T18:29:08.739 [INFO    ] pump_01: Sensor read cycle complete
2026-05-01T18:29:08.990 [INFO    ] conveyor_04: Connection alive
2026-05-01T18:29:09.240 [INFO    ] valve_05: Pressure normal: 66.07 bar
2026-05-01T18:29:09.491 [CRITICAL] valve_05: Power supply failure detected
2026-05-01T18:29:09.741 [ERROR   ] valve_05: Sensor read FAILED — register 0x0003 timeout
2026-05-01T18:29:09.994 [INFO    ] conveyor_04: Connection alive
2026-05-01T18:29:10.245 [WARNING ] motor_02: Vibration spike detected: 115.4 Hz
2026-05-01T18:29:10.495 [INFO    ] valve_05: RPM stable at 53
2026-05-01T18:29:10.746 [WARNING ] valve_05: Response latency high: 102ms
2026-05-01T18:29:10.998 [INFO    ] pump_01: Temperature within normal range: 35.1°C
2026-05-01T18:29:11.249 [INFO    ] valve_05: RPM stable at 113
2026-05-01T18:29:11.500 [INFO    ] valve_05: Connection alive
2026-05-01T18:29:11.753 [INFO    ] conveyor_04: Sensor read cycle complete
2026-05-01T18:29:12.004 [INFO    ] motor_02: System heartbeat OK
2026-05-01T18:29:12.256 [ERROR   ] motor_02: Sensor read FAILED — register 0x0003 timeout
2026-05-01T18:29:12.506 [INFO    ] valve_05: Sensor read cycle complete
2026-05-01T18:29:12.757 [INFO    ] conveyor_04: Temperature within normal range: 71.8°C
2026-05-01T18:29:13.009 [WARNING ] valve_05: Temperature elevated: 117.4°C — threshold 75°C
2026-05-01T18:29:13.259 [INFO    ] pump_01: Sensor read cycle complete
2026-05-01T18:29:13.510 [INFO    ] conveyor_04: Pressure normal: 37.20 bar
2026-05-01T18:29:13.760 [WARNING ] motor_02: Temperature elevated: 82.4°C — threshold 75°C
2026-05-01T18:29:14.011 [WARNING ] conveyor_04: Temperature elevated: 40.6°C — threshold 75°C
2026-05-01T18:29:14.262 [INFO    ] motor_02: Temperature within normal range: 116.4°C
2026-05-01T18:29:14.512 [INFO    ] pump_01: Connection alive
2026-05-01T18:29:14.763 [INFO    ] compressor_03: RPM stable at 37
2026-05-01T18:29:15.014 [WARNING ] conveyor_04: Vibration spike detected: 11.2 Hz
2026-05-01T18:29:15.264 [INFO    ] conveyor_04: Sensor read cycle complete
2026-05-01T18:29:15.515 [ERROR   ] valve_05: Motor stall detected — RPM dropped to 78
2026-05-01T18:29:15.767 [WARNING ] valve_05: Response latency high: 103ms
2026-05-01T18:29:16.018 [INFO    ] valve_05: Sensor read cycle complete
2026-05-01T18:29:16.268 [INFO    ] motor_02: Temperature within normal range: 53.3°C
2026-05-01T18:29:16.519 [INFO    ] conveyor_04: Pressure normal: 95.80 bar
2026-05-01T18:29:16.770 [INFO    ] pump_01: Pressure normal: 76.77 bar
2026-05-01T18:29:17.020 [INFO    ] conveyor_04: System heartbeat OK
2026-05-01T18:29:17.270 [INFO    ] motor_02: Sensor read cycle complete
2026-05-01T18:29:17.521 [INFO    ] conveyor_04: RPM stable at 47
2026-05-01T18:29:17.772 [INFO    ] compressor_03: RPM stable at 115
2026-05-01T18:29:18.024 [WARNING ] conveyor_04: Retry attempt 115 for register 0x0002
2026-05-01T18:29:18.274 [INFO    ] compressor_03: Sensor read cycle complete
2026-05-01T18:29:18.525 [INFO    ] conveyor_04: System heartbeat OK
2026-05-01T18:29:18.777 [INFO    ] conveyor_04: Sensor read cycle complete
2026-05-01T18:29:19.028 [WARNING ] pump_01: Vibration spike detected: 73.8 Hz
2026-05-01T18:29:19.279 [INFO    ] motor_02: Sensor read cycle complete
2026-05-01T18:29:19.530 [INFO    ] motor_02: RPM stable at 52
2026-05-01T18:29:19.782 [WARNING ] valve_05: Temperature elevated: 40.4°C — threshold 75°C
2026-05-01T18:29:20.033 [INFO    ] compressor_03: System heartbeat OK
2026-05-01T18:29:20.284 [ERROR   ] valve_05: Over-temperature limit exceeded: 114.0°C
2026-05-01T18:29:20.534 [WARNING ] valve_05: Retry attempt 16 for register 0x0002
2026-05-01T18:29:20.785 [INFO    ] valve_05: System heartbeat OK
2026-05-01T18:29:21.036 [WARNING ] valve_05: Retry attempt 113 for register 0x0002
2026-05-01T18:29:21.287 [INFO    ] pump_01: Temperature within normal range: 96.9°C
2026-05-01T18:29:21.540 [WARNING ] motor_02: Temperature elevated: 87.4°C — threshold 75°C
2026-05-01T18:29:21.791 [INFO    ] compressor_03: Temperature within normal range: 21.7°C
2026-05-01T18:29:22.042 [ERROR   ] motor_02: Sensor read FAILED — register 0x0003 timeout
2026-05-01T18:29:22.292 [CRITICAL] motor_02: Power supply failure detected
2026-05-01T18:29:22.544 [INFO    ] motor_02: Connection alive
2026-05-01T18:29:22.799 [INFO    ] motor_02: System heartbeat OK
2026-05-01T18:29:23.049 [INFO    ] pump_01: Connection alive
2026-05-01T18:29:23.300 [INFO    ] compressor_03: Connection alive
2026-05-01T18:29:23.551 [ERROR   ] motor_02: Sensor read FAILED — register 0x0003 timeout
2026-05-01T18:29:23.802 [CRITICAL] motor_02: Power supply failure detected
2026-05-01T18:29:24.053 [INFO    ] conveyor_04: Temperature within normal range: 21.2°C
2026-05-01T18:29:24.304 [CRITICAL] compressor_03: EMERGENCY STOP triggered — safety interlock activated
2026-05-01T18:29:24.555 [INFO    ] conveyor_04: Pressure normal: 71.32 bar
2026-05-01T18:29:24.806 [INFO    ] conveyor_04: System heartbeat OK
2026-05-01T18:29:25.056 [INFO    ] conveyor_04: Sensor read cycle complete
2026-05-01T18:29:25.307 [INFO    ] compressor_03: Sensor read cycle complete
2026-05-01T18:29:25.558 [WARNING ] valve_05: Response latency high: 94ms
2026-05-01T18:29:25.808 [CRITICAL] valve_05: Catastrophic vibration: 107.2 Hz — shutting down
2026-05-01T18:29:26.059 [INFO    ] compressor_03: Pressure normal: 70.48 bar
2026-05-01T18:29:26.309 [INFO    ] valve_05: Sensor read cycle complete
2026-05-01T18:29:26.560 [WARNING ] conveyor_04: Response latency high: 61ms
2026-05-01T18:29:26.812 [INFO    ] motor_02: Connection alive
2026-05-01T18:29:27.063 [WARNING ] compressor_03: Buffer utilisation at 53%
2026-05-01T18:29:27.314 [WARNING ] compressor_03: Retry attempt 98 for register 0x0002
2026-05-01T18:29:27.564 [WARNING ] conveyor_04: Retry attempt 79 for register 0x0002
2026-05-01T18:29:27.815 [WARNING ] pump_01: Vibration spike detected: 93.6 Hz
2026-05-01T18:29:28.066 [WARNING ] pump_01: Temperature elevated: 76.0°C — threshold 75°C
2026-05-01T18:29:28.317 [WARNING ] conveyor_04: Retry attempt 34 for register 0x0002
2026-05-01T18:29:28.567 [ERROR   ] motor_02: Over-temperature limit exceeded: 41.4°C
2026-05-01T18:29:28.818 [INFO    ] compressor_03: System heartbeat OK
2026-05-01T18:29:29.068 [WARNING ] motor_02: Temperature elevated: 71.7°C — threshold 75°C
2026-05-01T18:29:29.320 [WARNING ] conveyor_04: Buffer utilisation at 44%
2026-05-01T18:29:29.570 [ERROR   ] valve_05: Sensor read FAILED — register 0x0003 timeout
2026-05-01T18:29:29.821 [WARNING ] conveyor_04: Vibration spike detected: 101.9 Hz
2026-05-01T18:29:30.071 [CRITICAL] conveyor_04: EMERGENCY STOP triggered — safety interlock activated
2026-05-01T18:29:30.322 [INFO    ] valve_05: Temperature within normal range: 52.0°C
2026-05-01T18:29:30.573 [WARNING ] motor_02: Buffer utilisation at 72%
2026-05-01T18:29:30.823 [INFO    ] pump_01: Pressure normal: 103.51 bar
2026-05-01T18:29:31.074 [WARNING ] valve_05: Vibration spike detected: 116.1 Hz
2026-05-01T18:29:31.324 [INFO    ] valve_05: Pressure normal: 78.00 bar
2026-05-01T18:29:31.574 [INFO    ] conveyor_04: System heartbeat OK
2026-05-01T18:29:31.825 [WARNING ] conveyor_04: Buffer utilisation at 111%
2026-05-01T18:29:32.076 [INFO    ] compressor_03: System heartbeat OK
2026-05-01T18:29:32.326 [WARNING ] motor_02: Vibration spike detected: 93.8 Hz
2026-05-01T18:29:32.577 [WARNING ] motor_02: Temperature elevated: 82.7°C — threshold 75°C
2026-05-01T18:29:32.827 [INFO    ] valve_05: Sensor read cycle complete
2026-05-01T18:29:33.078 [INFO    ] valve_05: Connection alive
2026-05-01T18:29:33.329 [ERROR   ] pump_01: Sensor read FAILED — register 0x0003 timeout
2026-05-01T18:29:33.579 [WARNING ] pump_01: Retry attempt 84 for register 0x0002
2026-05-01T18:29:33.830 [INFO    ] compressor_03: Connection alive
2026-05-01T18:29:34.080 [INFO    ] valve_05: Temperature within normal range: 70.9°C
2026-05-01T18:29:34.331 [WARNING ] valve_05: Vibration spike detected: 90.8 Hz
2026-05-01T18:29:34.581 [WARNING ] motor_02: Response latency high: 114ms
2026-05-01T18:29:34.832 [INFO    ] conveyor_04: Pressure normal: 58.85 bar
2026-05-01T18:29:35.082 [INFO    ] motor_02: System heartbeat OK
2026-05-01T18:29:35.333 [WARNING ] pump_01: Vibration spike detected: 66.5 Hz
2026-05-01T18:29:35.584 [WARNING ] compressor_03: Vibration spike detected: 43.8 Hz
2026-05-01T18:29:35.835 [INFO    ] conveyor_04: Temperature within normal range: 47.6°C
2026-05-01T18:29:36.085 [INFO    ] motor_02: Temperature within normal range: 58.3°C
2026-05-01T18:29:36.336 [CRITICAL] compressor_03: EMERGENCY STOP triggered — safety interlock activated
2026-05-01T18:29:36.587 [INFO    ] conveyor_04: Connection alive
2026-05-01T18:29:36.837 [INFO    ] conveyor_04: Sensor read cycle complete
2026-05-01T18:29:37.088 [ERROR   ] pump_01: Sensor read FAILED — register 0x0003 timeout
2026-05-01T18:29:37.339 [INFO    ] pump_01: Connection alive
2026-05-01T18:29:37.589 [WARNING ] conveyor_04: Temperature elevated: 39.0°C — threshold 75°C
2026-05-01T18:29:37.840 [WARNING ] conveyor_04: Temperature elevated: 115.6°C — threshold 75°C
2026-05-01T18:29:38.091 [WARNING ] valve_05: Retry attempt 28 for register 0x0002
2026-05-01T18:29:38.341 [INFO    ] conveyor_04: Temperature within normal range: 27.6°C
2026-05-01T18:29:38.592 [INFO    ] motor_02: Sensor read cycle complete
2026-05-01T18:29:38.842 [INFO    ] valve_05: System heartbeat OK
2026-05-01T18:29:39.093 [WARNING ] compressor_03: Buffer utilisation at 15%
2026-05-01T18:29:39.344 [INFO    ] pump_01: RPM stable at 69
2026-05-01T18:29:39.595 [INFO    ] valve_05: Pressure normal: 38.55 bar
2026-05-01T18:29:39.845 [WARNING ] motor_02: Buffer utilisation at 115%
2026-05-01T18:29:40.096 [INFO    ] conveyor_04: System heartbeat OK
2026-05-01T18:29:40.346 [INFO    ] valve_05: RPM stable at 73
2026-05-01T18:29:40.597 [WARNING ] pump_01: Response latency high: 72ms
2026-05-01T18:29:40.847 [INFO    ] compressor_03: Pressure normal: 25.49 bar
2026-05-01T18:29:41.098 [CRITICAL] pump_01: Power supply failure detected
2026-05-01T18:29:41.349 [INFO    ] valve_05: Sensor read cycle complete
2026-05-01T18:29:41.600 [INFO    ] motor_02: Pressure normal: 18.84 bar
2026-05-01T18:29:41.850 [WARNING ] valve_05: Vibration spike detected: 119.3 Hz
2026-05-01T18:29:42.101 [CRITICAL] valve_05: Power supply failure detected
2026-05-01T18:29:42.351 [INFO    ] motor_02: RPM stable at 17
2026-05-01T18:29:42.602 [WARNING ] compressor_03: Temperature elevated: 39.7°C — threshold 75°C
2026-05-01T18:29:42.852 [INFO    ] pump_01: System heartbeat OK
2026-05-01T18:29:43.103 [WARNING ] pump_01: Response latency high: 85ms
2026-05-01T18:29:43.354 [INFO    ] motor_02: Connection alive
2026-05-01T18:29:43.604 [INFO    ] motor_02: Sensor read cycle complete
2026-05-01T18:29:43.855 [ERROR   ] pump_01: Sensor read FAILED — register 0x0003 timeout
2026-05-01T18:29:44.106 [INFO    ] pump_01: Connection alive
2026-05-01T18:29:44.357 [WARNING ] compressor_03: Response latency high: 89ms
2026-05-01T18:29:44.607 [ERROR   ] pump_01: Communication error: CRC mismatch
2026-05-01T18:29:44.858 [INFO    ] motor_02: Connection alive
2026-05-01T18:29:45.109 [CRITICAL] valve_05: EMERGENCY STOP triggered — safety interlock activated
2026-05-01T18:29:45.359 [WARNING ] pump_01: Retry attempt 15 for register 0x0002
2026-05-01T18:29:45.610 [ERROR   ] compressor_03: Over-temperature limit exceeded: 116.2°C
2026-05-01T18:29:45.860 [CRITICAL] compressor_03: Power supply failure detected
2026-05-01T18:29:46.111 [INFO    ] pump_01: Pressure normal: 57.86 bar
2026-05-01T18:29:46.361 [CRITICAL] conveyor_04: Power supply failure detected
2026-05-01T18:29:46.612 [INFO    ] motor_02: System heartbeat OK
2026-05-01T18:29:46.863 [WARNING ] conveyor_04: Buffer utilisation at 115%
2026-05-01T18:29:47.114 [ERROR   ] pump_01: Motor stall detected — RPM dropped to 113
2026-05-01T18:29:47.364 [INFO    ] valve_05: Sensor read cycle complete
2026-05-01T18:29:47.615 [WARNING ] valve_05: Retry attempt 110 for register 0x0002
2026-05-01T18:29:47.865 [INFO    ] pump_01: System heartbeat OK
2026-05-01T18:29:48.116 [INFO    ] pump_01: RPM stable at 19
2026-05-01T18:29:48.367 [INFO    ] conveyor_04: Connection alive
2026-05-01T18:29:48.618 [ERROR   ] valve_05: Motor stall detected — RPM dropped to 28
2026-05-01T18:29:48.868 [ERROR   ] motor_02: Communication error: CRC mismatch
2026-05-01T18:29:49.119 [INFO    ] conveyor_04: Pressure normal: 17.53 bar
2026-05-01T18:29:49.369 [INFO    ] valve_05: Pressure normal: 96.12 bar
2026-05-01T18:29:49.620 [INFO    ] motor_02: RPM stable at 65
2026-05-01T18:29:49.871 [INFO    ] conveyor_04: Temperature within normal range: 11.1°C
2026-05-01T18:29:50.121 [INFO    ] compressor_03: Pressure normal: 67.24 bar
2026-05-01T18:29:50.372 [INFO    ] conveyor_04: Sensor read cycle complete
2026-05-01T18:29:50.623 [INFO    ] pump_01: Pressure normal: 119.20 bar
2026-05-01T18:29:50.874 [INFO    ] pump_01: Pressure normal: 48.05 bar
2026-05-01T18:29:51.124 [ERROR   ] pump_01: Sensor read FAILED — register 0x0003 timeout
2026-05-01T18:29:51.375 [INFO    ] conveyor_04: Connection alive
2026-05-01T18:29:51.625 [INFO    ] compressor_03: Sensor read cycle complete
2026-05-01T18:29:51.877 [WARNING ] motor_02: Vibration spike detected: 12.1 Hz
2026-05-01T18:29:52.128 [INFO    ] pump_01: Pressure normal: 95.20 bar
2026-05-01T18:29:52.378 [WARNING ] motor_02: Vibration spike detected: 68.2 Hz
2026-05-01T18:29:52.628 [ERROR   ] pump_01: Motor stall detected — RPM dropped to 99
2026-05-01T18:29:52.879 [INFO    ] compressor_03: Sensor read cycle complete
2026-05-01T18:29:53.129 [INFO    ] motor_02: RPM stable at 71
2026-05-01T18:29:53.380 [WARNING ] pump_01: Vibration spike detected: 108.5 Hz
2026-05-01T18:29:53.631 [ERROR   ] motor_02: Sensor read FAILED — register 0x0003 timeout
2026-05-01T18:29:53.881 [INFO    ] conveyor_04: Sensor read cycle complete
2026-05-01T18:29:54.153 [INFO    ] compressor_03: RPM stable at 51
2026-05-01T18:29:54.405 [ERROR   ] conveyor_04: Sensor read FAILED — register 0x0003 timeout
2026-05-01T18:29:54.656 [WARNING ] compressor_03: Retry attempt 18 for register 0x0002
2026-05-01T18:29:54.911 [ERROR   ] motor_02: Communication error: CRC mismatch
2026-05-01T18:29:55.161 [INFO    ] valve_05: RPM stable at 21
2026-05-01T18:29:55.412 [INFO    ] compressor_03: Sensor read cycle complete
2026-05-01T18:29:55.662 [INFO    ] valve_05: Sensor read cycle complete
2026-05-01T18:29:55.913 [INFO    ] pump_01: RPM stable at 84
2026-05-01T18:29:56.164 [INFO    ] motor_02: System heartbeat OK
2026-05-01T18:29:56.415 [INFO    ] compressor_03: Pressure normal: 51.73 bar
2026-05-01T18:29:56.666 [WARNING ] motor_02: Vibration spike detected: 91.6 Hz
2026-05-01T18:29:56.916 [INFO    ] motor_02: System heartbeat OK
2026-05-01T18:29:57.167 [INFO    ] compressor_03: RPM stable at 112
2026-05-01T18:29:57.418 [INFO    ] conveyor_04: System heartbeat OK
2026-05-01T18:29:57.669 [WARNING ] pump_01: Temperature elevated: 41.4°C — threshold 75°C
2026-05-01T18:29:57.919 [INFO    ] pump_01: Temperature within normal range: 87.8°C
2026-05-01T18:29:58.169 [WARNING ] valve_05: Buffer utilisation at 118%
2026-05-01T18:29:58.420 [ERROR   ] motor_02: Communication error: CRC mismatch
2026-05-01T18:29:58.671 [INFO    ] valve_05: RPM stable at 97
2026-05-01T18:29:58.921 [WARNING ] valve_05: Buffer utilisation at 59%
2026-05-01T18:29:59.172 [INFO    ] motor_02: RPM stable at 58
2026-05-01T18:29:59.423 [INFO    ] valve_05: RPM stable at 106
2026-05-01T18:29:59.674 [INFO    ] pump_01: Temperature within normal range: 92.9°C
2026-05-01T18:29:59.925 [INFO    ] compressor_03: Temperature within normal range: 113.1°C
2026-05-01T18:30:00.175 [WARNING ] conveyor_04: Retry attempt 50 for register 0x0002
2026-05-01T18:30:00.427 [WARNING ] compressor_03: Response latency high: 97ms
2026-05-01T18:30:00.677 [INFO    ] conveyor_04: Connection alive
2026-05-01T18:30:00.928 [INFO    ] pump_01: Pressure normal: 106.18 bar
2026-05-01T18:30:01.180 [INFO    ] conveyor_04: Pressure normal: 38.71 bar
2026-05-01T18:30:01.431 [WARNING ] motor_02: Vibration spike detected: 77.0 Hz
2026-05-01T18:30:01.682 [INFO    ] pump_01: System heartbeat OK
2026-05-01T18:30:01.932 [INFO    ] compressor_03: Connection alive
2026-05-01T18:30:02.183 [WARNING ] motor_02: Buffer utilisation at 104%
2026-05-01T18:30:02.434 [WARNING ] conveyor_04: Response latency high: 24ms
2026-05-01T18:30:02.684 [INFO    ] pump_01: Sensor read cycle complete
2026-05-01T18:30:02.935 [INFO    ] pump_01: RPM stable at 83
2026-05-01T18:30:03.186 [INFO    ] pump_01: Sensor read cycle complete
2026-05-01T18:30:03.438 [INFO    ] compressor_03: RPM stable at 59
2026-05-01T18:30:03.689 [WARNING ] valve_05: Buffer utilisation at 21%
2026-05-01T18:30:03.939 [INFO    ] motor_02: System heartbeat OK
2026-05-01T18:30:04.190 [ERROR   ] pump_01: Over-temperature limit exceeded: 89.9°C
2026-05-01T18:30:04.440 [WARNING ] pump_01: Vibration spike detected: 30.1 Hz
2026-05-01T18:30:04.691 [INFO    ] pump_01: Temperature within normal range: 16.6°C
2026-05-01T18:30:04.942 [INFO    ] motor_02: Sensor read cycle complete
2026-05-01T18:30:05.192 [INFO    ] motor_02: Connection alive
2026-05-01T18:30:05.445 [INFO    ] motor_02: RPM stable at 39
2026-05-01T18:30:05.697 [INFO    ] compressor_03: Connection alive
2026-05-01T18:30:05.947 [CRITICAL] compressor_03: Power supply failure detected
2026-05-01T18:30:06.198 [INFO    ] compressor_03: Temperature within normal range: 43.1°C
2026-05-01T18:30:06.449 [INFO    ] pump_01: System heartbeat OK
2026-05-01T18:30:06.699 [INFO    ] valve_05: System heartbeat OK
2026-05-01T18:30:06.950 [INFO    ] motor_02: RPM stable at 12
2026-05-01T18:30:07.205 [ERROR   ] motor_02: Over-temperature limit exceeded: 27.7°C
2026-05-01T18:30:07.456 [INFO    ] motor_02: Sensor read cycle complete
2026-05-01T18:30:07.706 [INFO    ] pump_01: RPM stable at 78
2026-05-01T18:30:07.957 [WARNING ] valve_05: Buffer utilisation at 16%
2026-05-01T18:30:08.208 [INFO    ] compressor_03: System heartbeat OK
2026-05-01T18:30:08.458 [CRITICAL] compressor_03: Catastrophic vibration: 101.9 Hz — shutting down
2026-05-01T18:30:08.710 [INFO    ] pump_01: Sensor read cycle complete
2026-05-01T18:30:08.961 [INFO    ] pump_01: Connection alive
2026-05-01T18:30:09.211 [INFO    ] motor_02: Temperature within normal range: 114.5°C
2026-05-01T18:30:09.462 [WARNING ] pump_01: Buffer utilisation at 70%
2026-05-01T18:30:09.712 [CRITICAL] compressor_03: Catastrophic vibration: 65.7 Hz — shutting down
2026-05-01T18:30:09.963 [WARNING ] valve_05: Response latency high: 22ms
2026-05-01T18:30:10.213 [INFO    ] motor_02: System heartbeat OK
2026-05-01T18:30:10.464 [WARNING ] compressor_03: Vibration spike detected: 93.8 Hz
2026-05-01T18:30:10.716 [WARNING ] compressor_03: Temperature elevated: 82.6°C — threshold 75°C
2026-05-01T18:30:10.966 [INFO    ] valve_05: Connection alive
2026-05-01T18:30:11.218 [INFO    ] conveyor_04: RPM stable at 40
2026-05-01T18:30:11.469 [ERROR   ] conveyor_04: Over-temperature limit exceeded: 65.6°C
2026-05-01T18:30:11.720 [ERROR   ] compressor_03: Communication error: CRC mismatch
2026-05-01T18:30:11.970 [INFO    ] conveyor_04: RPM stable at 13
2026-05-01T18:30:12.221 [INFO    ] valve_05: Sensor read cycle complete
2026-05-01T18:30:12.471 [WARNING ] valve_05: Retry attempt 39 for register 0x0002
2026-05-01T18:30:12.722 [INFO    ] motor_02: Sensor read cycle complete
2026-05-01T18:30:12.972 [INFO    ] conveyor_04: System heartbeat OK
2026-05-01T18:30:13.223 [INFO    ] compressor_03: Pressure normal: 60.52 bar
2026-05-01T18:30:13.476 [INFO    ] compressor_03: Pressure normal: 41.60 bar
2026-05-01T18:30:13.726 [INFO    ] compressor_03: RPM stable at 45
2026-05-01T18:30:13.976 [ERROR   ] motor_02: Over-temperature limit exceeded: 14.9°C
2026-05-01T18:30:14.227 [INFO    ] pump_01: RPM stable at 104
2026-05-01T18:30:14.478 [INFO    ] valve_05: Pressure normal: 33.57 bar
2026-05-01T18:30:14.728 [INFO    ] motor_02: RPM stable at 98
2026-05-01T18:30:14.979 [INFO    ] motor_02: Sensor read cycle complete
2026-05-01T18:30:15.229 [INFO    ] motor_02: Pressure normal: 73.67 bar
2026-05-01T18:30:15.480 [INFO    ] conveyor_04: System heartbeat OK
2026-05-01T18:30:15.730 [WARNING ] valve_05: Response latency high: 57ms
2026-05-01T18:30:15.983 [INFO    ] conveyor_04: Connection alive
2026-05-01T18:30:16.234 [INFO    ] conveyor_04: System heartbeat OK
2026-05-01T18:30:16.484 [ERROR   ] pump_01: Sensor read FAILED — register 0x0003 timeout
2026-05-01T18:30:16.735 [WARNING ] conveyor_04: Retry attempt 30 for register 0x0002
2026-05-01T18:30:16.985 [INFO    ] pump_01: Sensor read cycle complete
2026-05-01T18:30:17.236 [INFO    ] compressor_03: Connection alive
2026-05-01T18:30:17.487 [WARNING ] motor_02: Vibration spike detected: 11.9 Hz
2026-05-01T18:30:17.737 [INFO    ] pump_01: Sensor read cycle complete
2026-05-01T18:30:17.988 [INFO    ] conveyor_04: Connection alive
2026-05-01T18:30:18.240 [WARNING ] valve_05: Temperature elevated: 108.5°C — threshold 75°C
2026-05-01T18:30:18.490 [ERROR   ] motor_02: Communication error: CRC mismatch
2026-05-01T18:30:18.741 [CRITICAL] conveyor_04: Catastrophic vibration: 75.9 Hz — shutting down
2026-05-01T18:30:18.992 [INFO    ] pump_01: Temperature within normal range: 54.7°C
2026-05-01T18:30:19.242 [INFO    ] motor_02: Sensor read cycle complete
2026-05-01T18:30:19.493 [WARNING ] pump_01: Response latency high: 30ms
2026-05-01T18:30:19.744 [INFO    ] conveyor_04: System heartbeat OK
2026-05-01T18:30:19.994 [INFO    ] compressor_03: System heartbeat OK
2026-05-01T18:30:20.245 [ERROR   ] compressor_03: Motor stall detected — RPM dropped to 42
2026-05-01T18:30:20.495 [INFO    ] compressor_03: System heartbeat OK
2026-05-01T18:30:20.746 [WARNING ] valve_05: Buffer utilisation at 76%
2026-05-01T18:30:21.000 [WARNING ] compressor_03: Vibration spike detected: 17.7 Hz
2026-05-01T18:30:21.251 [CRITICAL] motor_02: EMERGENCY STOP triggered — safety interlock activated
2026-05-01T18:30:21.501 [INFO    ] compressor_03: Temperature within normal range: 83.8°C
2026-05-01T18:30:21.752 [INFO    ] conveyor_04: Temperature within normal range: 101.1°C
2026-05-01T18:30:22.003 [INFO    ] pump_01: Connection alive
2026-05-01T18:30:22.256 [WARNING ] compressor_03: Temperature elevated: 60.6°C — threshold 75°C
2026-05-01T18:30:22.506 [INFO    ] conveyor_04: Connection alive
2026-05-01T18:30:22.757 [INFO    ] conveyor_04: Temperature within normal range: 113.8°C
2026-05-01T18:30:23.015 [INFO    ] compressor_03: RPM stable at 114
2026-05-01T18:30:23.265 [WARNING ] pump_01: Response latency high: 62ms
2026-05-01T18:30:23.517 [INFO    ] pump_01: RPM stable at 58
2026-05-01T18:30:23.768 [INFO    ] compressor_03: Sensor read cycle complete
2026-05-01T18:30:24.019 [INFO    ] motor_02: Sensor read cycle complete
2026-05-01T18:30:24.272 [INFO    ] compressor_03: Pressure normal: 80.04 bar
2026-05-01T18:30:24.523 [INFO    ] compressor_03: Temperature within normal range: 54.4°C
2026-05-01T18:30:24.774 [INFO    ] compressor_03: System heartbeat OK
2026-05-01T18:30:25.024 [INFO    ] pump_01: Sensor read cycle complete
2026-05-01T18:30:25.275 [INFO    ] conveyor_04: Temperature within normal range: 111.5°C
2026-05-01T18:30:25.526 [CRITICAL] motor_02: EMERGENCY STOP triggered — safety interlock activated
2026-05-01T18:30:25.776 [INFO    ] compressor_03: Temperature within normal range: 117.8°C
2026-05-01T18:30:26.027 [WARNING ] pump_01: Retry attempt 66 for register 0x0002
2026-05-01T18:30:26.278 [INFO    ] valve_05: System heartbeat OK
2026-05-01T18:30:26.529 [INFO    ] pump_01: RPM stable at 27
2026-05-01T18:30:26.779 [INFO    ] compressor_03: Connection alive
2026-05-01T18:30:27.031 [ERROR   ] valve_05: Sensor read FAILED — register 0x0003 timeout
2026-05-01T18:30:27.281 [INFO    ] compressor_03: Sensor read cycle complete
2026-05-01T18:30:27.532 [ERROR   ] motor_02: Over-temperature limit exceeded: 118.4°C
2026-05-01T18:30:27.782 [ERROR   ] compressor_03: Communication error: CRC mismatch
2026-05-01T18:30:28.033 [INFO    ] pump_01: Temperature within normal range: 80.4°C
2026-05-01T18:30:28.284 [INFO    ] compressor_03: Connection alive
2026-05-01T18:30:28.535 [INFO    ] valve_05: Pressure normal: 46.83 bar
2026-05-01T18:30:28.786 [INFO    ] compressor_03: Temperature within normal range: 37.6°C
2026-05-01T18:30:29.037 [INFO    ] compressor_03: Temperature within normal range: 115.0°C
2026-05-01T18:30:29.288 [INFO    ] pump_01: Pressure normal: 109.38 bar
2026-05-01T18:30:29.538 [WARNING ] pump_01: Vibration spike detected: 42.6 Hz
2026-05-01T18:30:29.789 [INFO    ] motor_02: Pressure normal: 47.81 bar
2026-05-01T18:30:30.039 [INFO    ] valve_05: Temperature within normal range: 19.8°C
2026-05-01T18:30:30.290 [INFO    ] compressor_03: Pressure normal: 112.22 bar
2026-05-01T18:30:30.540 [INFO    ] conveyor_04: RPM stable at 116
2026-05-01T18:30:30.791 [INFO    ] conveyor_04: Pressure normal: 85.05 bar
2026-05-01T18:30:31.041 [CRITICAL] motor_02: EMERGENCY STOP triggered — safety interlock activated
2026-05-01T18:30:31.294 [WARNING ] compressor_03: Response latency high: 88ms
2026-05-01T18:30:31.545 [INFO    ] compressor_03: Sensor read cycle complete
2026-05-01T18:30:31.796 [INFO    ] pump_01: Temperature within normal range: 102.2°C
2026-05-01T18:30:32.046 [ERROR   ] conveyor_04: Over-temperature limit exceeded: 26.8°C
2026-05-01T18:30:32.297 [WARNING ] conveyor_04: Response latency high: 77ms
2026-05-01T18:30:32.548 [INFO    ] compressor_03: Temperature within normal range: 115.3°C
2026-05-01T18:30:32.798 [ERROR   ] conveyor_04: Motor stall detected — RPM dropped to 59
2026-05-01T18:30:33.051 [INFO    ] valve_05: Pressure normal: 28.19 bar
2026-05-01T18:30:33.302 [INFO    ] pump_01: Sensor read cycle complete
2026-05-01T18:30:33.553 [INFO    ] valve_05: Temperature within normal range: 45.9°C
2026-05-01T18:30:33.804 [INFO    ] pump_01: Temperature within normal range: 14.0°C
2026-05-01T18:30:34.054 [INFO    ] conveyor_04: Connection alive
2026-05-01T18:30:34.305 [CRITICAL] motor_02: EMERGENCY STOP triggered — safety interlock activated
2026-05-01T18:30:34.556 [INFO    ] compressor_03: Pressure normal: 97.55 bar
2026-05-01T18:30:34.808 [INFO    ] pump_01: Connection alive
2026-05-01T18:30:35.059 [INFO    ] compressor_03: Pressure normal: 87.94 bar
2026-05-01T18:30:35.310 [WARNING ] pump_01: Response latency high: 24ms
2026-05-01T18:30:35.560 [WARNING ] compressor_03: Vibration spike detected: 75.4 Hz
2026-05-01T18:30:35.810 [INFO    ] compressor_03: System heartbeat OK
2026-05-01T18:30:36.061 [INFO    ] valve_05: Sensor read cycle complete
2026-05-01T18:30:36.312 [INFO    ] motor_02: Sensor read cycle complete
2026-05-01T18:30:36.562 [WARNING ] pump_01: Retry attempt 72 for register 0x0002
2026-05-01T18:30:36.813 [ERROR   ] valve_05: Communication error: CRC mismatch
2026-05-01T18:30:37.064 [INFO    ] conveyor_04: Pressure normal: 41.30 bar
2026-05-01T18:30:37.315 [WARNING ] conveyor_04: Retry attempt 25 for register 0x0002
2026-05-01T18:30:37.565 [INFO    ] pump_01: System heartbeat OK
2026-05-01T18:30:37.816 [INFO    ] valve_05: System heartbeat OK
2026-05-01T18:30:38.066 [INFO    ] compressor_03: Sensor read cycle complete
2026-05-01T18:30:38.317 [ERROR   ] valve_05: Communication error: CRC mismatch
2026-05-01T18:30:38.569 [WARNING ] conveyor_04: Temperature elevated: 26.2°C — threshold 75°C
2026-05-01T18:30:38.819 [INFO    ] motor_02: Temperature within normal range: 76.5°C
2026-05-01T18:30:39.070 [INFO    ] conveyor_04: Connection alive
2026-05-01T18:30:39.321 [WARNING ] pump_01: Retry attempt 14 for register 0x0002
2026-05-01T18:30:39.574 [WARNING ] motor_02: Temperature elevated: 35.5°C — threshold 75°C
2026-05-01T18:30:39.825 [INFO    ] pump_01: RPM stable at 63
2026-05-01T18:30:40.075 [INFO    ] pump_01: Pressure normal: 90.91 bar
2026-05-01T18:30:40.326 [INFO    ] valve_05: System heartbeat OK
2026-05-01T18:30:40.577 [INFO    ] valve_05: RPM stable at 78
2026-05-01T18:30:40.828 [WARNING ] conveyor_04: Response latency high: 74ms
2026-05-01T18:30:41.078 [WARNING ] compressor_03: Retry attempt 76 for register 0x0002
2026-05-01T18:30:41.330 [INFO    ] valve_05: Temperature within normal range: 59.0°C
2026-05-01T18:30:41.580 [INFO    ] motor_02: Temperature within normal range: 118.1°C
2026-05-01T18:30:41.831 [INFO    ] pump_01: RPM stable at 67
2026-05-01T18:30:42.081 [INFO    ] motor_02: RPM stable at 113
2026-05-01T18:30:42.331 [INFO    ] conveyor_04: Connection alive
2026-05-01T18:30:42.582 [INFO    ] pump_01: Connection alive
2026-05-01T18:30:42.833 [INFO    ] pump_01: RPM stable at 99
2026-05-01T18:30:43.083 [ERROR   ] motor_02: Communication error: CRC mismatch
2026-05-01T18:30:43.334 [ERROR   ] valve_05: Sensor read FAILED — register 0x0003 timeout
2026-05-01T18:30:43.584 [INFO    ] pump_01: Pressure normal: 111.13 bar
2026-05-01T18:30:43.835 [WARNING ] compressor_03: Buffer utilisation at 116%
2026-05-01T18:30:44.085 [WARNING ] valve_05: Temperature elevated: 72.5°C — threshold 75°C
2026-05-01T18:30:44.336 [ERROR   ] pump_01: Motor stall detected — RPM dropped to 34
2026-05-01T18:30:44.587 [INFO    ] valve_05: Sensor read cycle complete
2026-05-01T18:30:44.838 [INFO    ] compressor_03: RPM stable at 85
2026-05-01T18:30:45.088 [ERROR   ] conveyor_04: Sensor read FAILED — register 0x0003 timeout
2026-05-01T18:30:45.339 [INFO    ] conveyor_04: RPM stable at 32
2026-05-01T18:30:45.589 [INFO    ] compressor_03: Pressure normal: 88.94 bar
2026-05-01T18:30:45.840 [WARNING ] motor_02: Vibration spike detected: 14.9 Hz
2026-05-01T18:30:46.091 [INFO    ] conveyor_04: Pressure normal: 10.54 bar
2026-05-01T18:30:46.341 [INFO    ] conveyor_04: Sensor read cycle complete
2026-05-01T18:30:46.592 [INFO    ] compressor_03: Pressure normal: 78.78 bar
2026-05-01T18:30:46.843 [INFO    ] valve_05: System heartbeat OK
2026-05-01T18:30:47.093 [INFO    ] pump_01: RPM stable at 46
2026-05-01T18:30:47.344 [WARNING ] valve_05: Temperature elevated: 84.6°C — threshold 75°C
2026-05-01T18:30:47.594 [ERROR   ] valve_05: Communication error: CRC mismatch
2026-05-01T18:30:47.845 [WARNING ] valve_05: Retry attempt 51 for register 0x0002
2026-05-01T18:30:48.095 [INFO    ] valve_05: System heartbeat OK
2026-05-01T18:30:48.346 [INFO    ] conveyor_04: System heartbeat OK
2026-05-01T18:30:48.597 [CRITICAL] compressor_03: Catastrophic vibration: 90.0 Hz — shutting down
2026-05-01T18:30:48.847 [INFO    ] valve_05: Pressure normal: 83.06 bar
2026-05-01T18:30:49.098 [WARNING ] motor_02: Buffer utilisation at 118%
2026-05-01T18:30:49.349 [INFO    ] compressor_03: Temperature within normal range: 14.4°C
2026-05-01T18:30:49.599 [INFO    ] pump_01: Sensor read cycle complete
2026-05-01T18:30:49.850 [ERROR   ] motor_02: Sensor read FAILED — register 0x0003 timeout
2026-05-01T18:30:50.101 [WARNING ] motor_02: Buffer utilisation at 108%
2026-05-01T18:30:50.351 [INFO    ] valve_05: Sensor read cycle complete
2026-05-01T18:30:50.602 [CRITICAL] conveyor_04: Catastrophic vibration: 28.2 Hz — shutting down
2026-05-01T18:30:50.852 [WARNING ] compressor_03: Response latency high: 111ms
2026-05-01T18:30:51.103 [INFO    ] motor_02: Sensor read cycle complete
2026-05-01T18:30:51.354 [INFO    ] conveyor_04: Connection alive
2026-05-01T18:30:51.605 [INFO    ] valve_05: RPM stable at 83
2026-05-01T18:30:51.856 [CRITICAL] conveyor_04: Catastrophic vibration: 106.8 Hz — shutting down
2026-05-01T18:30:52.106 [CRITICAL] conveyor_04: Catastrophic vibration: 48.5 Hz — shutting down
2026-05-01T18:30:52.357 [INFO    ] valve_05: Connection alive
2026-05-01T18:30:52.607 [INFO    ] conveyor_04: Sensor read cycle complete
2026-05-01T18:30:52.858 [INFO    ] motor_02: Pressure normal: 116.80 bar
2026-05-01T18:30:53.109 [INFO    ] pump_01: RPM stable at 39
2026-05-01T18:30:53.359 [INFO    ] conveyor_04: RPM stable at 84
2026-05-01T18:30:53.610 [INFO    ] valve_05: Temperature within normal range: 11.7°C
2026-05-01T18:30:53.861 [CRITICAL] valve_05: Catastrophic vibration: 29.5 Hz — shutting down
2026-05-01T18:30:54.111 [INFO    ] motor_02: Temperature within normal range: 78.6°C
2026-05-01T18:30:54.362 [INFO    ] pump_01: System heartbeat OK
2026-05-01T18:30:54.613 [WARNING ] valve_05: Retry attempt 75 for register 0x0002
2026-05-01T18:30:54.864 [INFO    ] valve_05: Connection alive
2026-05-01T18:30:55.114 [INFO    ] compressor_03: System heartbeat OK
2026-05-01T18:30:55.365 [WARNING ] motor_02: Buffer utilisation at 71%
2026-05-01T18:30:55.615 [INFO    ] motor_02: Temperature within normal range: 28.4°C
2026-05-01T18:30:55.866 [CRITICAL] valve_05: Power supply failure detected
2026-05-01T18:30:56.117 [INFO    ] compressor_03: Sensor read cycle complete
2026-05-01T18:30:56.368 [INFO    ] valve_05: Sensor read cycle complete
2026-05-01T18:30:56.619 [INFO    ] conveyor_04: System heartbeat OK
2026-05-01T18:30:56.869 [ERROR   ] conveyor_04: Sensor read FAILED — register 0x0003 timeout
2026-05-01T18:30:57.120 [INFO    ] conveyor_04: System heartbeat OK
2026-05-01T18:30:57.370 [ERROR   ] compressor_03: Communication error: CRC mismatch
2026-05-01T18:30:57.621 [ERROR   ] valve_05: Over-temperature limit exceeded: 64.3°C
2026-05-01T18:30:57.872 [WARNING ] pump_01: Vibration spike detected: 105.9 Hz
2026-05-01T18:30:58.122 [INFO    ] valve_05: RPM stable at 44
2026-05-01T18:30:58.373 [INFO    ] conveyor_04: Pressure normal: 70.07 bar
2026-05-01T18:30:58.624 [INFO    ] conveyor_04: Connection alive
2026-05-01T18:30:58.874 [WARNING ] conveyor_04: Buffer utilisation at 39%
2026-05-01T18:30:59.124 [INFO    ] motor_02: Connection alive
2026-05-01T18:30:59.375 [INFO    ] compressor_03: Pressure normal: 71.96 bar
2026-05-01T18:30:59.625 [INFO    ] motor_02: Sensor read cycle complete
2026-05-01T18:30:59.876 [INFO    ] valve_05: Connection alive
2026-05-01T18:31:00.127 [WARNING ] compressor_03: Buffer utilisation at 87%
2026-05-01T18:31:00.377 [INFO    ] compressor_03: Connection alive
2026-05-01T18:31:00.628 [ERROR   ] pump_01: Motor stall detected — RPM dropped to 20
2026-05-01T18:31:00.879 [INFO    ] compressor_03: Sensor read cycle complete
2026-05-01T18:31:01.130 [INFO    ] valve_05: Pressure normal: 72.27 bar
2026-05-01T18:31:01.380 [WARNING ] compressor_03: Temperature elevated: 77.7°C — threshold 75°C
2026-05-01T18:31:01.631 [INFO    ] motor_02: System heartbeat OK
2026-05-01T18:31:01.882 [INFO    ] valve_05: Temperature within normal range: 71.3°C
2026-05-01T18:31:02.133 [INFO    ] compressor_03: RPM stable at 79
2026-05-01T18:31:02.384 [INFO    ] conveyor_04: System heartbeat OK
2026-05-01T18:31:02.634 [INFO    ] conveyor_04: System heartbeat OK
2026-05-01T18:31:02.885 [INFO    ] compressor_03: RPM stable at 17
2026-05-01T18:31:03.136 [WARNING ] valve_05: Buffer utilisation at 29%
2026-05-01T18:31:03.387 [INFO    ] valve_05: Sensor read cycle complete
2026-05-01T18:31:03.637 [WARNING ] pump_01: Vibration spike detected: 22.2 Hz
2026-05-01T18:31:03.888 [ERROR   ] motor_02: Sensor read FAILED — register 0x0003 timeout
2026-05-01T18:31:04.139 [INFO    ] valve_05: Pressure normal: 114.29 bar
2026-05-01T18:31:04.389 [ERROR   ] conveyor_04: Motor stall detected — RPM dropped to 25
2026-05-01T18:31:04.640 [INFO    ] valve_05: Sensor read cycle complete
2026-05-01T18:31:04.891 [WARNING ] valve_05: Buffer utilisation at 13%
2026-05-01T18:31:05.141 [INFO    ] pump_01: Sensor read cycle complete
2026-05-01T18:31:05.392 [INFO    ] pump_01: Pressure normal: 50.22 bar
2026-05-01T18:31:05.643 [INFO    ] valve_05: Temperature within normal range: 88.9°C
2026-05-01T18:31:05.893 [INFO    ] motor_02: System heartbeat OK
2026-05-01T18:31:06.144 [INFO    ] valve_05: Sensor read cycle complete
2026-05-01T18:31:06.394 [INFO    ] compressor_03: Temperature within normal range: 81.4°C
2026-05-01T18:31:06.645 [INFO    ] pump_01: Pressure normal: 18.73 bar
2026-05-01T18:31:06.895 [CRITICAL] valve_05: Catastrophic vibration: 101.3 Hz — shutting down
2026-05-01T18:31:07.146 [WARNING ] conveyor_04: Vibration spike detected: 67.2 Hz
2026-05-01T18:31:07.396 [INFO    ] motor_02: System heartbeat OK
2026-05-01T18:31:07.647 [WARNING ] pump_01: Response latency high: 108ms
2026-05-01T18:31:07.898 [INFO    ] valve_05: Sensor read cycle complete
2026-05-01T18:31:08.149 [WARNING ] pump_01: Response latency high: 29ms
2026-05-01T18:31:08.400 [INFO    ] conveyor_04: Sensor read cycle complete
2026-05-01T18:31:08.650 [INFO    ] conveyor_04: Pressure normal: 99.14 bar
2026-05-01T18:31:08.901 [ERROR   ] motor_02: Sensor read FAILED — register 0x0003 timeout
2026-05-01T18:31:09.151 [INFO    ] pump_01: Sensor read cycle complete
2026-05-01T18:31:09.402 [INFO    ] pump_01: Pressure normal: 24.87 bar
2026-05-01T18:31:09.652 [INFO    ] pump_01: Pressure normal: 88.32 bar
2026-05-01T18:31:09.903 [INFO    ] pump_01: System heartbeat OK
2026-05-01T18:31:10.154 [WARNING ] conveyor_04: Buffer utilisation at 34%
2026-05-01T18:31:10.404 [WARNING ] pump_01: Response latency high: 105ms
2026-05-01T18:31:10.655 [INFO    ] motor_02: Connection alive
2026-05-01T18:31:10.906 [ERROR   ] motor_02: Over-temperature limit exceeded: 69.7°C
2026-05-01T18:31:11.156 [WARNING ] valve_05: Buffer utilisation at 84%
2026-05-01T18:31:11.407 [INFO    ] conveyor_04: RPM stable at 19
2026-05-01T18:31:11.657 [ERROR   ] conveyor_04: Over-temperature limit exceeded: 14.7°C
2026-05-01T18:31:11.908 [INFO    ] conveyor_04: System heartbeat OK
2026-05-01T18:31:12.159 [ERROR   ] pump_01: Motor stall detected — RPM dropped to 91
2026-05-01T18:31:12.409 [INFO    ] conveyor_04: Pressure normal: 64.03 bar
2026-05-01T18:31:12.660 [INFO    ] valve_05: Connection alive
2026-05-01T18:31:12.910 [INFO    ] pump_01: Temperature within normal range: 63.4°C
2026-05-01T18:31:13.161 [INFO    ] conveyor_04: Pressure normal: 31.80 bar
2026-05-01T18:31:13.412 [INFO    ] conveyor_04: Sensor read cycle complete
2026-05-01T18:31:13.663 [INFO    ] motor_02: Pressure normal: 28.79 bar
2026-05-01T18:31:13.913 [INFO    ] pump_01: System heartbeat OK
2026-05-01T18:31:14.164 [ERROR   ] compressor_03: Over-temperature limit exceeded: 56.3°C
2026-05-01T18:31:14.414 [WARNING ] motor_02: Vibration spike detected: 111.8 Hz
2026-05-01T18:31:14.665 [WARNING ] conveyor_04: Response latency high: 11ms
2026-05-01T18:31:14.918 [INFO    ] valve_05: Sensor read cycle complete
2026-05-01T18:31:15.169 [INFO    ] compressor_03: Sensor read cycle complete
2026-05-01T18:31:15.419 [WARNING ] valve_05: Retry attempt 56 for register 0x0002
2026-05-01T18:31:15.670 [ERROR   ] motor_02: Communication error: CRC mismatch
2026-05-01T18:31:15.921 [INFO    ] valve_05: Sensor read cycle complete
2026-05-01T18:31:16.172 [INFO    ] conveyor_04: System heartbeat OK
2026-05-01T18:31:16.422 [WARNING ] conveyor_04: Temperature elevated: 51.6°C — threshold 75°C
2026-05-01T18:31:16.673 [ERROR   ] compressor_03: Communication error: CRC mismatch
2026-05-01T18:31:16.924 [INFO    ] pump_01: Connection alive
2026-05-01T18:31:17.174 [INFO    ] motor_02: Connection alive
2026-05-01T18:31:17.425 [INFO    ] pump_01: Pressure normal: 88.69 bar
2026-05-01T18:31:17.675 [INFO    ] compressor_03: RPM stable at 66
2026-05-01T18:31:17.926 [INFO    ] pump_01: System heartbeat OK
2026-05-01T18:31:18.177 [WARNING ] compressor_03: Buffer utilisation at 74%
2026-05-01T18:31:18.428 [INFO    ] compressor_03: Temperature within normal range: 52.7°C
2026-05-01T18:31:18.678 [INFO    ] motor_02: Pressure normal: 18.91 bar
2026-05-01T18:31:18.929 [ERROR   ] conveyor_04: Sensor read FAILED — register 0x0003 timeout
2026-05-01T18:31:19.179 [CRITICAL] pump_01: Power supply failure detected
2026-05-01T18:31:19.430 [INFO    ] motor_02: Sensor read cycle complete
2026-05-01T18:31:19.681 [INFO    ] motor_02: RPM stable at 54
2026-05-01T18:31:19.932 [INFO    ] pump_01: RPM stable at 93
2026-05-01T18:31:20.182 [WARNING ] compressor_03: Buffer utilisation at 11%
2026-05-01T18:31:20.433 [INFO    ] valve_05: Pressure normal: 10.92 bar
2026-05-01T18:31:20.684 [ERROR   ] compressor_03: Sensor read FAILED — register 0x0003 timeout
2026-05-01T18:31:20.934 [ERROR   ] compressor_03: Sensor read FAILED — register 0x0003 timeout
2026-05-01T18:31:21.185 [INFO    ] valve_05: RPM stable at 62
2026-05-01T18:31:21.437 [ERROR   ] pump_01: Communication error: CRC mismatch
2026-05-01T18:31:21.688 [INFO    ] compressor_03: Temperature within normal range: 113.1°C
2026-05-01T18:31:21.942 [WARNING ] compressor_03: Vibration spike detected: 69.9 Hz
2026-05-01T18:31:22.192 [ERROR   ] conveyor_04: Over-temperature limit exceeded: 73.3°C
2026-05-01T18:31:22.443 [ERROR   ] pump_01: Motor stall detected — RPM dropped to 54
2026-05-01T18:31:22.693 [INFO    ] compressor_03: RPM stable at 35
2026-05-01T18:31:22.944 [INFO    ] valve_05: Temperature within normal range: 59.2°C
2026-05-01T18:31:23.195 [INFO    ] motor_02: Temperature within normal range: 80.6°C
2026-05-01T18:31:23.447 [CRITICAL] compressor_03: Power supply failure detected
2026-05-01T18:31:23.699 [INFO    ] pump_01: Connection alive
2026-05-01T18:31:23.950 [ERROR   ] pump_01: Sensor read FAILED — register 0x0003 timeout
2026-05-01T18:31:24.201 [ERROR   ] valve_05: Communication error: CRC mismatch
2026-05-01T18:31:24.452 [ERROR   ] motor_02: Communication error: CRC mismatch
2026-05-01T18:31:24.704 [WARNING ] valve_05: Temperature elevated: 40.2°C — threshold 75°C
2026-05-01T18:31:24.955 [ERROR   ] compressor_03: Motor stall detected — RPM dropped to 103
2026-05-01T18:31:25.206 [ERROR   ] valve_05: Communication error: CRC mismatch
2026-05-01T18:31:25.456 [WARNING ] pump_01: Response latency high: 11ms
2026-05-01T18:31:25.707 [INFO    ] valve_05: Sensor read cycle complete
2026-05-01T18:31:25.958 [WARNING ] compressor_03: Response latency high: 34ms
2026-05-01T18:31:26.208 [ERROR   ] conveyor_04: Motor stall detected — RPM dropped to 31
2026-05-01T18:31:26.464 [INFO    ] valve_05: Sensor read cycle complete
2026-05-01T18:31:26.714 [INFO    ] pump_01: Connection alive
2026-05-01T18:31:26.965 [INFO    ] compressor_03: Temperature within normal range: 31.5°C
2026-05-01T18:31:27.216 [WARNING ] conveyor_04: Buffer utilisation at 13%
2026-05-01T18:31:27.466 [ERROR   ] pump_01: Motor stall detected — RPM dropped to 12
2026-05-01T18:31:27.717 [CRITICAL] conveyor_04: EMERGENCY STOP triggered — safety interlock activated
2026-05-01T18:31:27.970 [INFO    ] conveyor_04: RPM stable at 73
2026-05-01T18:31:28.220 [INFO    ] motor_02: Temperature within normal range: 23.7°C
2026-05-01T18:31:28.471 [WARNING ] compressor_03: Response latency high: 10ms
2026-05-01T18:31:28.722 [INFO    ] conveyor_04: RPM stable at 83
2026-05-01T18:31:28.973 [INFO    ] pump_01: Temperature within normal range: 70.6°C
2026-05-01T18:31:29.223 [INFO    ] valve_05: Pressure normal: 87.68 bar
2026-05-01T18:31:29.474 [INFO    ] motor_02: Temperature within normal range: 29.2°C
2026-05-01T18:31:29.724 [ERROR   ] motor_02: Communication error: CRC mismatch
2026-05-01T18:31:29.975 [INFO    ] compressor_03: System heartbeat OK
2026-05-01T18:31:30.228 [INFO    ] conveyor_04: Pressure normal: 68.86 bar
2026-05-01T18:31:30.479 [INFO    ] conveyor_04: System heartbeat OK
2026-05-01T18:31:30.730 [WARNING ] pump_01: Temperature elevated: 87.4°C — threshold 75°C
2026-05-01T18:31:30.980 [CRITICAL] conveyor_04: EMERGENCY STOP triggered — safety interlock activated
2026-05-01T18:31:31.231 [ERROR   ] motor_02: Over-temperature limit exceeded: 31.6°C
2026-05-01T18:31:31.482 [INFO    ] conveyor_04: System heartbeat OK
2026-05-01T18:31:31.734 [ERROR   ] valve_05: Communication error: CRC mismatch
2026-05-01T18:31:31.985 [CRITICAL] compressor_03: Power supply failure detected
2026-05-01T18:31:32.235 [INFO    ] motor_02: Pressure normal: 103.58 bar
2026-05-01T18:31:32.487 [INFO    ] motor_02: Sensor read cycle complete
2026-05-01T18:31:32.738 [INFO    ] motor_02: Connection alive
2026-05-01T18:31:32.989 [INFO    ] pump_01: System heartbeat OK
2026-05-01T18:31:33.243 [ERROR   ] motor_02: Communication error: CRC mismatch
2026-05-01T18:31:33.493 [WARNING ] pump_01: Buffer utilisation at 41%
2026-05-01T18:31:33.744 [WARNING ] conveyor_04: Retry attempt 109 for register 0x0002
2026-05-01T18:31:33.995 [INFO    ] compressor_03: Sensor read cycle complete
2026-05-01T18:31:34.245 [WARNING ] valve_05: Response latency high: 108ms
2026-05-01T18:31:34.496 [INFO    ] motor_02: System heartbeat OK
2026-05-01T18:31:34.749 [ERROR   ] pump_01: Communication error: CRC mismatch
2026-05-01T18:31:35.003 [ERROR   ] valve_05: Communication error: CRC mismatch
2026-05-01T18:31:35.255 [WARNING ] valve_05: Temperature elevated: 86.6°C — threshold 75°C
2026-05-01T18:31:35.505 [INFO    ] conveyor_04: RPM stable at 64
2026-05-01T18:31:35.756 [WARNING ] compressor_03: Temperature elevated: 30.9°C — threshold 75°C
2026-05-01T18:31:36.008 [INFO    ] conveyor_04: Sensor read cycle complete
2026-05-01T18:31:36.259 [ERROR   ] compressor_03: Over-temperature limit exceeded: 40.7°C
2026-05-01T18:31:36.510 [INFO    ] valve_05: System heartbeat OK
2026-05-01T18:31:36.762 [WARNING ] motor_02: Response latency high: 68ms
2026-05-01T18:31:37.012 [INFO    ] motor_02: RPM stable at 12
2026-05-01T18:31:37.268 [WARNING ] compressor_03: Retry attempt 61 for register 0x0002
2026-05-01T18:31:37.519 [WARNING ] pump_01: Temperature elevated: 109.1°C — threshold 75°C
2026-05-01T18:31:37.769 [INFO    ] pump_01: Sensor read cycle complete
2026-05-01T18:31:38.020 [WARNING ] motor_02: Buffer utilisation at 20%
2026-05-01T18:31:38.271 [INFO    ] motor_02: Sensor read cycle complete
2026-05-01T18:31:38.548 [INFO    ] conveyor_04: Sensor read cycle complete
2026-05-01T18:31:38.800 [INFO    ] motor_02: System heartbeat OK
2026-05-01T18:31:39.051 [INFO    ] motor_02: Connection alive
2026-05-01T18:31:39.301 [INFO    ] valve_05: Connection alive
2026-05-01T18:31:39.552 [INFO    ] pump_01: System heartbeat OK
2026-05-01T18:31:39.802 [ERROR   ] conveyor_04: Communication error: CRC mismatch
2026-05-01T18:31:40.053 [WARNING ] valve_05: Response latency high: 110ms
2026-05-01T18:31:40.303 [INFO    ] pump_01: Pressure normal: 21.83 bar
2026-05-01T18:31:40.556 [INFO    ] pump_01: System heartbeat OK
2026-05-01T18:31:40.807 [WARNING ] valve_05: Response latency high: 82ms
2026-05-01T18:31:41.059 [INFO    ] motor_02: RPM stable at 28
2026-05-01T18:31:41.310 [WARNING ] motor_02: Buffer utilisation at 93%
2026-05-01T18:31:41.561 [INFO    ] compressor_03: RPM stable at 96
2026-05-01T18:31:41.811 [WARNING ] conveyor_04: Retry attempt 62 for register 0x0002
2026-05-01T18:31:42.067 [WARNING ] pump_01: Buffer utilisation at 108%
2026-05-01T18:31:42.317 [INFO    ] conveyor_04: Connection alive
2026-05-01T18:31:42.568 [WARNING ] valve_05: Temperature elevated: 102.1°C — threshold 75°C
2026-05-01T18:31:42.818 [INFO    ] pump_01: RPM stable at 51
2026-05-01T18:31:43.069 [INFO    ] valve_05: RPM stable at 53
2026-05-01T18:31:43.321 [INFO    ] conveyor_04: Sensor read cycle complete
2026-05-01T18:31:43.572 [WARNING ] motor_02: Retry attempt 113 for register 0x0002
2026-05-01T18:31:43.823 [INFO    ] compressor_03: RPM stable at 84
2026-05-01T18:31:44.074 [INFO    ] valve_05: Sensor read cycle complete
2026-05-01T18:31:44.325 [INFO    ] valve_05: RPM stable at 86
2026-05-01T18:31:44.576 [INFO    ] compressor_03: System heartbeat OK
2026-05-01T18:31:44.831 [INFO    ] pump_01: Connection alive
2026-05-01T18:31:45.082 [INFO    ] valve_05: Pressure normal: 43.90 bar
2026-05-01T18:31:45.332 [INFO    ] valve_05: Sensor read cycle complete
2026-05-01T18:31:45.583 [WARNING ] motor_02: Retry attempt 118 for register 0x0002
2026-05-01T18:31:45.834 [INFO    ] compressor_03: Sensor read cycle complete
2026-05-01T18:31:46.087 [CRITICAL] motor_02: EMERGENCY STOP triggered — safety interlock activated
2026-05-01T18:31:46.338 [INFO    ] pump_01: Pressure normal: 31.51 bar
2026-05-01T18:31:46.589 [CRITICAL] conveyor_04: EMERGENCY STOP triggered — safety interlock activated
2026-05-01T18:31:46.840 [INFO    ] pump_01: RPM stable at 112
2026-05-01T18:31:47.091 [CRITICAL] conveyor_04: Catastrophic vibration: 30.4 Hz — shutting down
2026-05-01T18:31:47.341 [INFO    ] pump_01: Pressure normal: 114.18 bar
2026-05-01T18:31:47.599 [INFO    ] valve_05: Connection alive
2026-05-01T18:31:47.850 [ERROR   ] valve_05: Motor stall detected — RPM dropped to 65
2026-05-01T18:31:48.108 [WARNING ] pump_01: Response latency high: 54ms
2026-05-01T18:31:48.363 [INFO    ] compressor_03: Sensor read cycle complete
2026-05-01T18:31:48.613 [CRITICAL] motor_02: Power supply failure detected
2026-05-01T18:31:48.864 [INFO    ] motor_02: Sensor read cycle complete
2026-05-01T18:31:49.119 [WARNING ] compressor_03: Response latency high: 52ms
2026-05-01T18:31:49.373 [INFO    ] valve_05: Temperature within normal range: 26.4°C
2026-05-01T18:31:49.623 [INFO    ] compressor_03: Temperature within normal range: 113.3°C
2026-05-01T18:31:49.874 [INFO    ] pump_01: Pressure normal: 74.86 bar
2026-05-01T18:31:50.126 [WARNING ] valve_05: Response latency high: 45ms
2026-05-01T18:31:50.377 [INFO    ] conveyor_04: Sensor read cycle complete
2026-05-01T18:31:50.628 [WARNING ] valve_05: Vibration spike detected: 13.2 Hz
2026-05-01T18:31:50.879 [INFO    ] conveyor_04: RPM stable at 50
2026-05-01T18:31:51.130 [WARNING ] valve_05: Vibration spike detected: 26.5 Hz
2026-05-01T18:31:51.381 [CRITICAL] conveyor_04: EMERGENCY STOP triggered — safety interlock activated
2026-05-01T18:31:51.631 [INFO    ] conveyor_04: System heartbeat OK
2026-05-01T18:31:51.882 [WARNING ] motor_02: Retry attempt 27 for register 0x0002
2026-05-01T18:31:52.136 [INFO    ] pump_01: System heartbeat OK
2026-05-01T18:31:52.387 [INFO    ] pump_01: RPM stable at 84
2026-05-01T18:31:52.638 [WARNING ] valve_05: Response latency high: 79ms
2026-05-01T18:31:52.889 [WARNING ] compressor_03: Buffer utilisation at 28%
2026-05-01T18:31:53.141 [INFO    ] motor_02: System heartbeat OK
2026-05-01T18:31:53.393 [ERROR   ] motor_02: Communication error: CRC mismatch
2026-05-01T18:31:53.644 [INFO    ] motor_02: Sensor read cycle complete
2026-05-01T18:31:53.895 [INFO    ] conveyor_04: RPM stable at 73
2026-05-01T18:31:54.146 [ERROR   ] motor_02: Over-temperature limit exceeded: 66.6°C
2026-05-01T18:31:54.397 [INFO    ] pump_01: Sensor read cycle complete
2026-05-01T18:31:54.651 [INFO    ] valve_05: Pressure normal: 51.01 bar
2026-05-01T18:31:54.902 [INFO    ] compressor_03: Connection alive
2026-05-01T18:31:55.152 [INFO    ] pump_01: RPM stable at 65
2026-05-01T18:31:55.403 [ERROR   ] pump_01: Over-temperature limit exceeded: 110.6°C
2026-05-01T18:31:55.654 [INFO    ] conveyor_04: System heartbeat OK
2026-05-01T18:31:55.907 [INFO    ] conveyor_04: Pressure normal: 114.04 bar
2026-05-01T18:31:56.160 [INFO    ] compressor_03: Temperature within normal range: 109.1°C
2026-05-01T18:31:56.411 [INFO    ] motor_02: Sensor read cycle complete
2026-05-01T18:31:56.661 [CRITICAL] motor_02: Catastrophic vibration: 114.0 Hz — shutting down
2026-05-01T18:31:56.912 [INFO    ] pump_01: Connection alive
2026-05-01T18:31:57.163 [INFO    ] motor_02: RPM stable at 34
2026-05-01T18:31:57.418 [INFO    ] motor_02: RPM stable at 116
2026-05-01T18:31:57.669 [WARNING ] conveyor_04: Retry attempt 34 for register 0x0002
2026-05-01T18:31:57.920 [INFO    ] valve_05: System heartbeat OK
2026-05-01T18:31:58.176 [INFO    ] compressor_03: Pressure normal: 76.70 bar
2026-05-01T18:31:58.427 [INFO    ] conveyor_04: Sensor read cycle complete
2026-05-01T18:31:58.677 [ERROR   ] pump_01: Communication error: CRC mismatch
2026-05-01T18:31:58.928 [WARNING ] valve_05: Retry attempt 97 for register 0x0002
2026-05-01T18:31:59.178 [INFO    ] compressor_03: Sensor read cycle complete
2026-05-01T18:31:59.430 [WARNING ] valve_05: Vibration spike detected: 26.2 Hz
2026-05-01T18:31:59.682 [ERROR   ] motor_02: Communication error: CRC mismatch
2026-05-01T18:31:59.932 [INFO    ] valve_05: RPM stable at 18
2026-05-01T18:32:00.183 [INFO    ] pump_01: RPM stable at 92
2026-05-01T18:32:00.434 [CRITICAL] motor_02: Catastrophic vibration: 57.6 Hz — shutting down
2026-05-01T18:32:00.684 [WARNING ] pump_01: Temperature elevated: 21.2°C — threshold 75°C
2026-05-01T18:32:00.935 [WARNING ] conveyor_04: Temperature elevated: 70.8°C — threshold 75°C
2026-05-01T18:32:01.185 [ERROR   ] conveyor_04: Motor stall detected — RPM dropped to 105
2026-05-01T18:32:01.436 [WARNING ] pump_01: Response latency high: 11ms
2026-05-01T18:32:01.687 [ERROR   ] motor_02: Sensor read FAILED — register 0x0003 timeout
2026-05-01T18:32:01.940 [INFO    ] pump_01: Pressure normal: 50.86 bar
2026-05-01T18:32:02.194 [INFO    ] motor_02: Pressure normal: 114.35 bar
2026-05-01T18:32:02.445 [WARNING ] motor_02: Temperature elevated: 107.7°C — threshold 75°C
2026-05-01T18:32:02.698 [INFO    ] pump_01: System heartbeat OK
2026-05-01T18:32:02.948 [CRITICAL] compressor_03: Power supply failure detected
2026-05-01T18:32:03.199 [ERROR   ] valve_05: Communication error: CRC mismatch
2026-05-01T18:32:03.450 [WARNING ] valve_05: Temperature elevated: 32.9°C — threshold 75°C
2026-05-01T18:32:03.701 [WARNING ] compressor_03: Temperature elevated: 29.4°C — threshold 75°C
2026-05-01T18:32:03.952 [ERROR   ] motor_02: Communication error: CRC mismatch
2026-05-01T18:32:04.208 [ERROR   ] conveyor_04: Sensor read FAILED — register 0x0003 timeout
2026-05-01T18:32:04.459 [INFO    ] conveyor_04: Temperature within normal range: 109.8°C
2026-05-01T18:32:04.709 [WARNING ] pump_01: Vibration spike detected: 88.2 Hz
2026-05-01T18:32:04.960 [INFO    ] valve_05: Sensor read cycle complete
2026-05-01T18:32:05.211 [INFO    ] compressor_03: Sensor read cycle complete
2026-05-01T18:32:05.462 [ERROR   ] motor_02: Communication error: CRC mismatch
2026-05-01T18:32:05.712 [WARNING ] conveyor_04: Buffer utilisation at 107%
2026-05-01T18:32:05.963 [WARNING ] pump_01: Response latency high: 94ms
2026-05-01T18:32:06.213 [ERROR   ] conveyor_04: Over-temperature limit exceeded: 11.7°C
2026-05-01T18:32:06.464 [ERROR   ] motor_02: Motor stall detected — RPM dropped to 95
2026-05-01T18:32:06.715 [ERROR   ] compressor_03: Over-temperature limit exceeded: 69.2°C
2026-05-01T18:32:06.965 [INFO    ] conveyor_04: Connection alive
2026-05-01T18:32:07.216 [INFO    ] valve_05: Connection alive
2026-05-01T18:32:07.467 [WARNING ] compressor_03: Temperature elevated: 89.8°C — threshold 75°C
2026-05-01T18:32:07.718 [ERROR   ] valve_05: Motor stall detected — RPM dropped to 30
2026-05-01T18:32:07.968 [ERROR   ] compressor_03: Sensor read FAILED — register 0x0003 timeout
2026-05-01T18:32:08.219 [INFO    ] motor_02: Sensor read cycle complete
2026-05-01T18:32:08.469 [INFO    ] conveyor_04: Temperature within normal range: 91.6°C
2026-05-01T18:32:08.720 [ERROR   ] valve_05: Over-temperature limit exceeded: 50.3°C
2026-05-01T18:32:08.970 [INFO    ] conveyor_04: RPM stable at 56
2026-05-01T18:32:09.221 [WARNING ] pump_01: Response latency high: 94ms
2026-05-01T18:32:09.472 [INFO    ] compressor_03: System heartbeat OK
2026-05-01T18:32:09.722 [INFO    ] valve_05: Temperature within normal range: 88.1°C
2026-05-01T18:32:09.973 [INFO    ] compressor_03: Temperature within normal range: 68.7°C
2026-05-01T18:32:10.225 [INFO    ] compressor_03: Sensor read cycle complete
2026-05-01T18:32:10.476 [INFO    ] valve_05: Sensor read cycle complete
2026-05-01T18:32:10.726 [INFO    ] valve_05: Sensor read cycle complete
2026-05-01T18:32:10.978 [INFO    ] conveyor_04: System heartbeat OK
2026-05-01T18:32:11.229 [INFO    ] conveyor_04: Temperature within normal range: 32.5°C
2026-05-01T18:32:11.479 [CRITICAL] conveyor_04: Power supply failure detected
2026-05-01T18:32:11.730 [INFO    ] motor_02: Sensor read cycle complete
2026-05-01T18:32:11.980 [INFO    ] valve_05: Temperature within normal range: 51.0°C
2026-05-01T18:32:12.231 [CRITICAL] compressor_03: Power supply failure detected
2026-05-01T18:32:12.507 [INFO    ] compressor_03: Connection alive
2026-05-01T18:32:12.760 [INFO    ] compressor_03: RPM stable at 16
2026-05-01T18:32:13.011 [ERROR   ] pump_01: Over-temperature limit exceeded: 65.4°C
2026-05-01T18:32:13.262 [ERROR   ] conveyor_04: Communication error: CRC mismatch
2026-05-01T18:32:13.512 [ERROR   ] pump_01: Communication error: CRC mismatch
2026-05-01T18:32:13.763 [CRITICAL] pump_01: Catastrophic vibration: 59.8 Hz — shutting down
2026-05-01T18:32:14.018 [INFO    ] pump_01: Sensor read cycle complete
2026-05-01T18:32:14.269 [WARNING ] valve_05: Retry attempt 48 for register 0x0002
2026-05-01T18:32:14.520 [WARNING ] compressor_03: Buffer utilisation at 63%
2026-05-01T18:32:14.771 [INFO    ] pump_01: Connection alive
2026-05-01T18:32:15.022 [INFO    ] compressor_03: Temperature within normal range: 102.7°C
2026-05-01T18:32:15.273 [WARNING ] motor_02: Retry attempt 30 for register 0x0002
2026-05-01T18:32:15.525 [ERROR   ] pump_01: Communication error: CRC mismatch
2026-05-01T18:32:15.776 [INFO    ] motor_02: RPM stable at 111
2026-05-01T18:32:16.026 [INFO    ] compressor_03: RPM stable at 28
2026-05-01T18:32:16.277 [WARNING ] motor_02: Temperature elevated: 22.3°C — threshold 75°C
2026-05-01T18:32:16.528 [INFO    ] valve_05: System heartbeat OK
2026-05-01T18:32:16.779 [INFO    ] conveyor_04: Sensor read cycle complete
2026-05-01T18:32:17.033 [INFO    ] compressor_03: Connection alive
2026-05-01T18:32:17.288 [INFO    ] motor_02: RPM stable at 55
2026-05-01T18:32:17.540 [INFO    ] conveyor_04: Connection alive
2026-05-01T18:32:17.791 [INFO    ] compressor_03: Pressure normal: 63.79 bar
2026-05-01T18:32:18.042 [INFO    ] pump_01: Connection alive
2026-05-01T18:32:18.293 [WARNING ] compressor_03: Response latency high: 85ms
2026-05-01T18:32:18.544 [CRITICAL] valve_05: Power supply failure detected
2026-05-01T18:32:18.794 [WARNING ] compressor_03: Retry attempt 86 for register 0x0002
2026-05-01T18:32:19.046 [INFO    ] pump_01: System heartbeat OK
2026-05-01T18:32:19.299 [WARNING ] compressor_03: Temperature elevated: 79.6°C — threshold 75°C
2026-05-01T18:32:19.550 [WARNING ] compressor_03: Buffer utilisation at 108%
2026-05-01T18:32:19.801 [INFO    ] conveyor_04: Sensor read cycle complete
2026-05-01T18:32:20.052 [INFO    ] pump_01: RPM stable at 90
2026-05-01T18:32:20.305 [INFO    ] pump_01: Temperature within normal range: 90.0°C
2026-05-01T18:32:20.557 [CRITICAL] valve_05: Catastrophic vibration: 92.8 Hz — shutting down
2026-05-01T18:32:20.808 [INFO    ] pump_01: Sensor read cycle complete
2026-05-01T18:32:21.060 [INFO    ] compressor_03: Sensor read cycle complete
2026-05-01T18:32:21.314 [INFO    ] conveyor_04: Temperature within normal range: 46.0°C
2026-05-01T18:32:21.565 [WARNING ] valve_05: Response latency high: 43ms
2026-05-01T18:32:21.815 [INFO    ] motor_02: RPM stable at 107
2026-05-01T18:32:22.066 [INFO    ] compressor_03: Sensor read cycle complete
2026-05-01T18:32:22.317 [WARNING ] compressor_03: Response latency high: 19ms
2026-05-01T18:32:22.574 [INFO    ] motor_02: System heartbeat OK
2026-05-01T18:32:22.825 [WARNING ] valve_05: Temperature elevated: 43.2°C — threshold 75°C
2026-05-01T18:32:23.082 [ERROR   ] pump_01: Communication error: CRC mismatch
2026-05-01T18:32:23.337 [CRITICAL] conveyor_04: Power supply failure detected
2026-05-01T18:32:23.588 [ERROR   ] conveyor_04: Sensor read FAILED — register 0x0003 timeout
2026-05-01T18:32:23.839 [INFO    ] compressor_03: Temperature within normal range: 53.3°C
2026-05-01T18:32:24.090 [INFO    ] compressor_03: Pressure normal: 59.28 bar
2026-05-01T18:32:24.340 [WARNING ] conveyor_04: Response latency high: 18ms
2026-05-01T18:32:24.591 [WARNING ] compressor_03: Vibration spike detected: 84.4 Hz
2026-05-01T18:32:24.842 [INFO    ] pump_01: RPM stable at 110
2026-05-01T18:32:25.093 [ERROR   ] compressor_03: Motor stall detected — RPM dropped to 73
2026-05-01T18:32:25.344 [INFO    ] conveyor_04: Pressure normal: 48.31 bar
2026-05-01T18:32:25.596 [INFO    ] conveyor_04: Pressure normal: 43.23 bar
2026-05-01T18:32:25.848 [INFO    ] pump_01: Connection alive
2026-05-01T18:32:26.100 [INFO    ] compressor_03: System heartbeat OK
2026-05-01T18:32:26.353 [ERROR   ] pump_01: Over-temperature limit exceeded: 44.1°C
2026-05-01T18:32:26.604 [INFO    ] conveyor_04: System heartbeat OK
2026-05-01T18:32:26.855 [INFO    ] motor_02: System heartbeat OK
2026-05-01T18:32:27.111 [WARNING ] motor_02: Retry attempt 98 for register 0x0002
2026-05-01T18:32:27.363 [INFO    ] conveyor_04: Sensor read cycle complete
2026-05-01T18:32:27.614 [INFO    ] conveyor_04: Pressure normal: 17.08 bar
2026-05-01T18:32:27.865 [INFO    ] conveyor_04: Pressure normal: 83.11 bar
2026-05-01T18:32:28.116 [INFO    ] pump_01: Temperature within normal range: 92.7°C
2026-05-01T18:32:28.370 [INFO    ] conveyor_04: RPM stable at 63
2026-05-01T18:32:28.621 [INFO    ] motor_02: System heartbeat OK
2026-05-01T18:32:28.872 [ERROR   ] motor_02: Communication error: CRC mismatch
2026-05-01T18:32:29.123 [INFO    ] pump_01: Sensor read cycle complete
2026-05-01T18:32:29.373 [WARNING ] compressor_03: Vibration spike detected: 12.9 Hz
2026-05-01T18:32:29.625 [INFO    ] motor_02: Connection alive
2026-05-01T18:32:29.877 [INFO    ] pump_01: System heartbeat OK
2026-05-01T18:32:30.128 [INFO    ] valve_05: System heartbeat OK
2026-05-01T18:32:30.378 [INFO    ] motor_02: Temperature within normal range: 58.7°C
2026-05-01T18:32:30.629 [ERROR   ] conveyor_04: Communication error: CRC mismatch
2026-05-01T18:32:30.880 [INFO    ] valve_05: Connection alive
2026-05-01T18:32:31.130 [CRITICAL] pump_01: Catastrophic vibration: 50.6 Hz — shutting down
2026-05-01T18:32:31.381 [INFO    ] valve_05: RPM stable at 25
2026-05-01T18:32:31.631 [WARNING ] compressor_03: Vibration spike detected: 112.6 Hz
2026-05-01T18:32:31.883 [INFO    ] valve_05: Temperature within normal range: 34.7°C
2026-05-01T18:32:32.147 [INFO    ] pump_01: Connection alive
2026-05-01T18:32:32.397 [INFO    ] motor_02: Pressure normal: 23.28 bar
2026-05-01T18:32:32.648 [INFO    ] conveyor_04: Temperature within normal range: 12.2°C
2026-05-01T18:32:32.899 [ERROR   ] motor_02: Motor stall detected — RPM dropped to 25
2026-05-01T18:32:33.151 [WARNING ] motor_02: Temperature elevated: 38.4°C — threshold 75°C
2026-05-01T18:32:33.402 [CRITICAL] conveyor_04: EMERGENCY STOP triggered — safety interlock activated
2026-05-01T18:32:33.653 [CRITICAL] pump_01: EMERGENCY STOP triggered — safety interlock activated
2026-05-01T18:32:33.903 [INFO    ] motor_02: System heartbeat OK
2026-05-01T18:32:34.154 [INFO    ] valve_05: Pressure normal: 86.02 bar
2026-05-01T18:32:34.404 [INFO    ] valve_05: Sensor read cycle complete
2026-05-01T18:32:34.661 [INFO    ] pump_01: Pressure normal: 106.05 bar
2026-05-01T18:32:34.912 [WARNING ] conveyor_04: Response latency high: 102ms
2026-05-01T18:32:35.163 [INFO    ] valve_05: Connection alive
2026-05-01T18:32:35.419 [WARNING ] valve_05: Retry attempt 111 for register 0x0002
2026-05-01T18:32:35.670 [INFO    ] pump_01: Connection alive
2026-05-01T18:32:35.921 [CRITICAL] pump_01: Power supply failure detected
2026-05-01T18:32:36.175 [INFO    ] compressor_03: Pressure normal: 103.76 bar
2026-05-01T18:32:36.427 [INFO    ] valve_05: Pressure normal: 76.19 bar
2026-05-01T18:32:36.677 [INFO    ] pump_01: Pressure normal: 10.91 bar
2026-05-01T18:32:36.928 [INFO    ] valve_05: RPM stable at 41
2026-05-01T18:32:37.178 [INFO    ] valve_05: Temperature within normal range: 115.5°C
2026-05-01T18:32:37.432 [ERROR   ] compressor_03: Motor stall detected — RPM dropped to 52
2026-05-01T18:32:37.683 [INFO    ] compressor_03: Temperature within normal range: 97.2°C
2026-05-01T18:32:37.934 [INFO    ] conveyor_04: Pressure normal: 48.82 bar
2026-05-01T18:32:38.185 [INFO    ] motor_02: System heartbeat OK
2026-05-01T18:32:38.436 [INFO    ] valve_05: Pressure normal: 95.68 bar
2026-05-01T18:32:38.687 [INFO    ] pump_01: Connection alive
2026-05-01T18:32:38.938 [WARNING ] valve_05: Temperature elevated: 37.4°C — threshold 75°C
2026-05-01T18:32:39.192 [CRITICAL] compressor_03: Power supply failure detected
2026-05-01T18:32:39.443 [WARNING ] pump_01: Vibration spike detected: 102.7 Hz
2026-05-01T18:32:39.693 [WARNING ] compressor_03: Vibration spike detected: 39.0 Hz
2026-05-01T18:32:39.944 [WARNING ] compressor_03: Vibration spike detected: 65.5 Hz
2026-05-01T18:32:40.194 [WARNING ] conveyor_04: Vibration spike detected: 32.8 Hz
2026-05-01T18:32:40.445 [WARNING ] pump_01: Temperature elevated: 49.8°C — threshold 75°C
2026-05-01T18:32:40.695 [INFO    ] valve_05: Sensor read cycle complete
2026-05-01T18:32:40.948 [WARNING ] conveyor_04: Vibration spike detected: 16.0 Hz
2026-05-01T18:32:41.199 [WARNING ] valve_05: Temperature elevated: 45.2°C — threshold 75°C
2026-05-01T18:32:41.449 [INFO    ] motor_02: RPM stable at 83
2026-05-01T18:32:41.700 [INFO    ] pump_01: Sensor read cycle complete
2026-05-01T18:32:41.950 [WARNING ] valve_05: Temperature elevated: 71.0°C — threshold 75°C
2026-05-01T18:32:42.201 [INFO    ] compressor_03: Temperature within normal range: 31.6°C
2026-05-01T18:32:42.454 [ERROR   ] pump_01: Sensor read FAILED — register 0x0003 timeout
2026-05-01T18:32:42.704 [INFO    ] valve_05: Connection alive
2026-05-01T18:32:42.955 [INFO    ] compressor_03: System heartbeat OK
2026-05-01T18:32:43.206 [ERROR   ] conveyor_04: Motor stall detected — RPM dropped to 119
2026-05-01T18:32:43.457 [INFO    ] motor_02: System heartbeat OK
2026-05-01T18:32:43.709 [WARNING ] compressor_03: Buffer utilisation at 75%
2026-05-01T18:32:43.963 [WARNING ] conveyor_04: Temperature elevated: 15.9°C — threshold 75°C
2026-05-01T18:32:44.213 [INFO    ] pump_01: Pressure normal: 83.07 bar
2026-05-01T18:32:44.464 [WARNING ] conveyor_04: Response latency high: 31ms
2026-05-01T18:32:44.714 [INFO    ] conveyor_04: Connection alive
2026-05-01T18:32:44.965 [INFO    ] conveyor_04: Pressure normal: 112.02 bar
2026-05-01T18:32:45.216 [INFO    ] valve_05: Pressure normal: 27.82 bar
2026-05-01T18:32:45.466 [INFO    ] motor_02: Sensor read cycle complete
2026-05-01T18:32:45.719 [INFO    ] compressor_03: Pressure normal: 103.87 bar
2026-05-01T18:32:45.972 [WARNING ] compressor_03: Response latency high: 22ms
2026-05-01T18:32:46.223 [WARNING ] motor_02: Vibration spike detected: 53.6 Hz
2026-05-01T18:32:46.473 [WARNING ] pump_01: Vibration spike detected: 54.3 Hz
2026-05-01T18:32:46.724 [INFO    ] compressor_03: Temperature within normal range: 58.4°C
2026-05-01T18:32:46.975 [WARNING ] compressor_03: Response latency high: 119ms
2026-05-01T18:32:47.230 [INFO    ] conveyor_04: Sensor read cycle complete
2026-05-01T18:32:47.480 [INFO    ] compressor_03: Sensor read cycle complete
2026-05-01T18:32:47.731 [INFO    ] pump_01: System heartbeat OK
2026-05-01T18:32:47.982 [WARNING ] compressor_03: Vibration spike detected: 32.2 Hz
2026-05-01T18:32:48.233 [INFO    ] valve_05: Temperature within normal range: 66.1°C
2026-05-01T18:32:48.484 [WARNING ] compressor_03: Retry attempt 79 for register 0x0002
2026-05-01T18:32:48.735 [INFO    ] compressor_03: System heartbeat OK
2026-05-01T18:32:48.988 [INFO    ] valve_05: Sensor read cycle complete
2026-05-01T18:32:49.239 [CRITICAL] pump_01: Catastrophic vibration: 14.5 Hz — shutting down
2026-05-01T18:32:49.490 [INFO    ] motor_02: Temperature within normal range: 59.5°C
2026-05-01T18:32:49.741 [INFO    ] conveyor_04: Connection alive
2026-05-01T18:32:50.026 [WARNING ] pump_01: Retry attempt 104 for register 0x0002
2026-05-01T18:32:50.277 [ERROR   ] compressor_03: Sensor read FAILED — register 0x0003 timeout
2026-05-01T18:32:50.528 [WARNING ] motor_02: Retry attempt 99 for register 0x0002
2026-05-01T18:32:50.779 [INFO    ] conveyor_04: Connection alive
2026-05-01T18:32:51.030 [WARNING ] motor_02: Vibration spike detected: 109.5 Hz
2026-05-01T18:32:51.280 [INFO    ] valve_05: RPM stable at 85
2026-05-01T18:32:51.531 [INFO    ] pump_01: Sensor read cycle complete
2026-05-01T18:32:51.781 [WARNING ] conveyor_04: Buffer utilisation at 33%
2026-05-01T18:32:52.032 [INFO    ] compressor_03: Temperature within normal range: 71.7°C
2026-05-01T18:32:52.282 [WARNING ] valve_05: Retry attempt 119 for register 0x0002
2026-05-01T18:32:52.533 [INFO    ] valve_05: RPM stable at 74
2026-05-01T18:32:52.783 [WARNING ] valve_05: Temperature elevated: 40.3°C — threshold 75°C
2026-05-01T18:32:53.034 [ERROR   ] motor_02: Over-temperature limit exceeded: 89.4°C
2026-05-01T18:32:53.284 [WARNING ] conveyor_04: Retry attempt 117 for register 0x0002
2026-05-01T18:32:53.535 [WARNING ] pump_01: Retry attempt 38 for register 0x0002
2026-05-01T18:32:53.785 [INFO    ] motor_02: Connection alive
2026-05-01T18:32:54.035 [WARNING ] valve_05: Temperature elevated: 93.0°C — threshold 75°C
2026-05-01T18:32:54.286 [WARNING ] motor_02: Response latency high: 43ms
2026-05-01T18:32:54.537 [INFO    ] motor_02: Temperature within normal range: 52.8°C
2026-05-01T18:32:54.787 [INFO    ] motor_02: System heartbeat OK
2026-05-01T18:32:55.038 [ERROR   ] valve_05: Over-temperature limit exceeded: 62.3°C
2026-05-01T18:32:55.288 [ERROR   ] compressor_03: Sensor read FAILED — register 0x0003 timeout
2026-05-01T18:32:55.539 [INFO    ] motor_02: Temperature within normal range: 103.1°C
2026-05-01T18:32:55.789 [INFO    ] valve_05: Pressure normal: 28.58 bar
2026-05-01T18:32:56.042 [CRITICAL] compressor_03: Catastrophic vibration: 102.6 Hz — shutting down
2026-05-01T18:32:56.293 [WARNING ] conveyor_04: Temperature elevated: 47.1°C — threshold 75°C
2026-05-01T18:32:56.543 [ERROR   ] conveyor_04: Motor stall detected — RPM dropped to 66
2026-05-01T18:32:56.794 [INFO    ] compressor_03: Pressure normal: 44.20 bar
2026-05-01T18:32:57.045 [WARNING ] valve_05: Vibration spike detected: 74.8 Hz
2026-05-01T18:32:57.295 [INFO    ] motor_02: RPM stable at 120
2026-05-01T18:32:57.546 [WARNING ] conveyor_04: Buffer utilisation at 37%
2026-05-01T18:32:57.796 [INFO    ] conveyor_04: Pressure normal: 85.46 bar
2026-05-01T18:32:58.047 [INFO    ] motor_02: Pressure normal: 31.63 bar
2026-05-01T18:32:58.298 [ERROR   ] pump_01: Over-temperature limit exceeded: 87.1°C
2026-05-01T18:32:58.549 [INFO    ] conveyor_04: RPM stable at 16
2026-05-01T18:32:58.799 [INFO    ] valve_05: System heartbeat OK
2026-05-01T18:32:59.050 [INFO    ] valve_05: Sensor read cycle complete
2026-05-01T18:32:59.301 [INFO    ] pump_01: Connection alive
2026-05-01T18:32:59.551 [ERROR   ] pump_01: Sensor read FAILED — register 0x0003 timeout
2026-05-01T18:32:59.802 [INFO    ] conveyor_04: Temperature within normal range: 102.0°C
2026-05-01T18:33:00.052 [CRITICAL] motor_02: EMERGENCY STOP triggered — safety interlock activated
2026-05-01T18:33:00.303 [INFO    ] valve_05: Temperature within normal range: 42.3°C
2026-05-01T18:33:00.554 [WARNING ] motor_02: Temperature elevated: 49.8°C — threshold 75°C
2026-05-01T18:33:00.804 [CRITICAL] compressor_03: Catastrophic vibration: 48.4 Hz — shutting down
2026-05-01T18:33:01.055 [INFO    ] pump_01: Pressure normal: 61.04 bar
2026-05-01T18:33:01.306 [INFO    ] conveyor_04: System heartbeat OK
2026-05-01T18:33:01.556 [ERROR   ] pump_01: Over-temperature limit exceeded: 48.3°C
2026-05-01T18:33:01.807 [INFO    ] conveyor_04: Pressure normal: 55.59 bar
2026-05-01T18:33:02.058 [INFO    ] valve_05: Sensor read cycle complete
2026-05-01T18:33:02.309 [ERROR   ] motor_02: Over-temperature limit exceeded: 57.3°C
2026-05-01T18:33:02.559 [INFO    ] valve_05: System heartbeat OK
2026-05-01T18:33:02.810 [WARNING ] valve_05: Temperature elevated: 87.2°C — threshold 75°C
2026-05-01T18:33:03.060 [INFO    ] conveyor_04: System heartbeat OK
2026-05-01T18:33:03.311 [ERROR   ] conveyor_04: Over-temperature limit exceeded: 57.7°C
2026-05-01T18:33:03.562 [ERROR   ] compressor_03: Communication error: CRC mismatch
2026-05-01T18:33:03.812 [ERROR   ] motor_02: Motor stall detected — RPM dropped to 26
2026-05-01T18:33:04.063 [INFO    ] motor_02: Pressure normal: 63.47 bar
2026-05-01T18:33:04.314 [WARNING ] motor_02: Vibration spike detected: 115.0 Hz
2026-05-01T18:33:04.564 [INFO    ] pump_01: Pressure normal: 104.49 bar
2026-05-01T18:33:04.815 [WARNING ] pump_01: Response latency high: 77ms
2026-05-01T18:33:05.065 [INFO    ] valve_05: Temperature within normal range: 111.1°C
2026-05-01T18:33:05.316 [ERROR   ] compressor_03: Sensor read FAILED — register 0x0003 timeout
2026-05-01T18:33:05.567 [WARNING ] conveyor_04: Buffer utilisation at 102%
2026-05-01T18:33:05.817 [INFO    ] compressor_03: System heartbeat OK
2026-05-01T18:33:06.068 [WARNING ] motor_02: Response latency high: 68ms
2026-05-01T18:33:06.319 [WARNING ] compressor_03: Response latency high: 102ms
2026-05-01T18:33:06.570 [INFO    ] valve_05: System heartbeat OK
2026-05-01T18:33:06.820 [INFO    ] valve_05: Temperature within normal range: 21.3°C
2026-05-01T18:33:07.071 [INFO    ] compressor_03: RPM stable at 85
2026-05-01T18:33:07.321 [INFO    ] motor_02: Temperature within normal range: 10.4°C
2026-05-01T18:33:07.572 [INFO    ] motor_02: Sensor read cycle complete
2026-05-01T18:33:07.823 [INFO    ] compressor_03: RPM stable at 66
2026-05-01T18:33:08.074 [WARNING ] conveyor_04: Response latency high: 10ms
2026-05-01T18:33:08.324 [INFO    ] pump_01: Temperature within normal range: 59.9°C
2026-05-01T18:33:08.574 [INFO    ] compressor_03: System heartbeat OK
2026-05-01T18:33:08.825 [INFO    ] pump_01: RPM stable at 42
2026-05-01T18:33:09.076 [WARNING ] valve_05: Vibration spike detected: 14.7 Hz
2026-05-01T18:33:09.326 [ERROR   ] motor_02: Over-temperature limit exceeded: 91.7°C
2026-05-01T18:33:09.577 [INFO    ] conveyor_04: RPM stable at 111
2026-05-01T18:33:09.828 [CRITICAL] pump_01: Catastrophic vibration: 119.6 Hz — shutting down
2026-05-01T18:33:10.078 [WARNING ] pump_01: Temperature elevated: 101.2°C — threshold 75°C
2026-05-01T18:33:10.329 [INFO    ] conveyor_04: System heartbeat OK
2026-05-01T18:33:10.579 [CRITICAL] pump_01: Catastrophic vibration: 40.2 Hz — shutting down
2026-05-01T18:33:10.830 [INFO    ] pump_01: Connection alive
2026-05-01T18:33:11.080 [INFO    ] valve_05: RPM stable at 59
2026-05-01T18:33:11.331 [CRITICAL] conveyor_04: EMERGENCY STOP triggered — safety interlock activated
2026-05-01T18:33:11.581 [INFO    ] pump_01: Connection alive
2026-05-01T18:33:11.832 [CRITICAL] pump_01: Power supply failure detected
2026-05-01T18:33:12.083 [INFO    ] conveyor_04: Sensor read cycle complete
2026-05-01T18:33:12.333 [INFO    ] conveyor_04: System heartbeat OK
2026-05-01T18:33:12.584 [INFO    ] pump_01: RPM stable at 105
2026-05-01T18:33:12.834 [INFO    ] compressor_03: Sensor read cycle complete
2026-05-01T18:33:13.085 [INFO    ] motor_02: RPM stable at 41
2026-05-01T18:33:13.335 [INFO    ] conveyor_04: System heartbeat OK
2026-05-01T18:33:13.586 [INFO    ] valve_05: Temperature within normal range: 10.2°C
2026-05-01T18:33:13.836 [INFO    ] valve_05: Temperature within normal range: 98.2°C
2026-05-01T18:33:14.087 [CRITICAL] compressor_03: Power supply failure detected
2026-05-01T18:33:14.338 [INFO    ] valve_05: RPM stable at 117
2026-05-01T18:33:14.588 [ERROR   ] pump_01: Sensor read FAILED — register 0x0003 timeout
2026-05-01T18:33:14.839 [INFO    ] valve_05: RPM stable at 63
2026-05-01T18:33:15.090 [WARNING ] conveyor_04: Buffer utilisation at 63%
2026-05-01T18:33:15.340 [WARNING ] motor_02: Retry attempt 90 for register 0x0002
2026-05-01T18:33:15.591 [INFO    ] compressor_03: Sensor read cycle complete
2026-05-01T18:33:15.842 [CRITICAL] conveyor_04: Power supply failure detected
2026-05-01T18:33:16.092 [ERROR   ] pump_01: Over-temperature limit exceeded: 33.5°C
2026-05-01T18:33:16.343 [INFO    ] valve_05: Connection alive
2026-05-01T18:33:16.593 [INFO    ] conveyor_04: System heartbeat OK
2026-05-01T18:33:16.844 [INFO    ] conveyor_04: RPM stable at 33
2026-05-01T18:33:17.094 [WARNING ] motor_02: Response latency high: 53ms
2026-05-01T18:33:17.345 [INFO    ] valve_05: RPM stable at 21
2026-05-01T18:33:17.595 [INFO    ] compressor_03: Temperature within normal range: 119.3°C
2026-05-01T18:33:17.846 [INFO    ] motor_02: RPM stable at 108
2026-05-01T18:33:18.097 [WARNING ] motor_02: Vibration spike detected: 106.3 Hz
2026-05-01T18:33:18.347 [INFO    ] compressor_03: Pressure normal: 44.44 bar
2026-05-01T18:33:18.598 [INFO    ] valve_05: Pressure normal: 57.02 bar
2026-05-01T18:33:18.849 [INFO    ] motor_02: Pressure normal: 105.27 bar
2026-05-01T18:33:19.099 [INFO    ] motor_02: Pressure normal: 109.85 bar
2026-05-01T18:33:19.350 [ERROR   ] motor_02: Communication error: CRC mismatch
2026-05-01T18:33:19.601 [INFO    ] conveyor_04: Sensor read cycle complete
2026-05-01T18:33:19.851 [INFO    ] compressor_03: Connection alive
2026-05-01T18:33:20.102 [ERROR   ] conveyor_04: Over-temperature limit exceeded: 60.8°C
2026-05-01T18:33:20.353 [ERROR   ] pump_01: Sensor read FAILED — register 0x0003 timeout
2026-05-01T18:33:20.603 [INFO    ] pump_01: Connection alive
2026-05-01T18:33:20.854 [INFO    ] motor_02: System heartbeat OK
2026-05-01T18:33:21.105 [INFO    ] motor_02: RPM stable at 20
2026-05-01T18:33:21.356 [WARNING ] compressor_03: Retry attempt 45 for register 0x0002
2026-05-01T18:33:21.607 [WARNING ] valve_05: Temperature elevated: 40.9°C — threshold 75°C
2026-05-01T18:33:21.857 [INFO    ] conveyor_04: Temperature within normal range: 21.6°C
2026-05-01T18:33:22.108 [WARNING ] valve_05: Retry attempt 92 for register 0x0002
2026-05-01T18:33:22.358 [INFO    ] motor_02: Temperature within normal range: 72.9°C
2026-05-01T18:33:22.609 [INFO    ] valve_05: Sensor read cycle complete
2026-05-01T18:33:22.860 [INFO    ] compressor_03: System heartbeat OK
2026-05-01T18:33:23.110 [WARNING ] motor_02: Buffer utilisation at 62%
2026-05-01T18:33:23.361 [INFO    ] pump_01: RPM stable at 90
2026-05-01T18:33:23.612 [WARNING ] valve_05: Response latency high: 75ms
2026-05-01T18:33:23.862 [INFO    ] compressor_03: Temperature within normal range: 75.7°C
2026-05-01T18:33:24.113 [INFO    ] compressor_03: Sensor read cycle complete
2026-05-01T18:33:24.363 [WARNING ] compressor_03: Temperature elevated: 47.6°C — threshold 75°C
2026-05-01T18:33:24.614 [INFO    ] conveyor_04: System heartbeat OK
2026-05-01T18:33:24.864 [CRITICAL] valve_05: Catastrophic vibration: 53.0 Hz — shutting down
2026-05-01T18:33:25.115 [INFO    ] conveyor_04: RPM stable at 31
2026-05-01T18:33:25.366 [ERROR   ] valve_05: Communication error: CRC mismatch
2026-05-01T18:33:25.616 [INFO    ] pump_01: RPM stable at 67
2026-05-01T18:33:25.867 [INFO    ] conveyor_04: Temperature within normal range: 43.7°C
2026-05-01T18:33:26.117 [WARNING ] compressor_03: Temperature elevated: 83.9°C — threshold 75°C
2026-05-01T18:33:26.368 [CRITICAL] motor_02: EMERGENCY STOP triggered — safety interlock activated
2026-05-01T18:33:26.618 [INFO    ] pump_01: Sensor read cycle complete
2026-05-01T18:33:26.869 [CRITICAL] pump_01: EMERGENCY STOP triggered — safety interlock activated
2026-05-01T18:33:27.119 [INFO    ] motor_02: Connection alive
2026-05-01T18:33:27.370 [INFO    ] motor_02: Sensor read cycle complete
2026-05-01T18:33:27.621 [WARNING ] conveyor_04: Retry attempt 58 for register 0x0002
2026-05-01T18:33:27.871 [ERROR   ] valve_05: Communication error: CRC mismatch
2026-05-01T18:33:28.122 [INFO    ] pump_01: Connection alive
2026-05-01T18:33:28.372 [WARNING ] conveyor_04: Buffer utilisation at 64%
2026-05-01T18:33:28.623 [WARNING ] valve_05: Temperature elevated: 65.1°C — threshold 75°C
2026-05-01T18:33:28.874 [ERROR   ] conveyor_04: Motor stall detected — RPM dropped to 36
2026-05-01T18:33:29.124 [WARNING ] pump_01: Temperature elevated: 112.8°C — threshold 75°C
2026-05-01T18:33:29.375 [INFO    ] valve_05: Pressure normal: 60.41 bar
2026-05-01T18:33:29.625 [INFO    ] compressor_03: Pressure normal: 18.34 bar
2026-05-01T18:33:29.876 [ERROR   ] valve_05: Communication error: CRC mismatch
2026-05-01T18:33:30.127 [INFO    ] conveyor_04: Pressure normal: 99.05 bar
2026-05-01T18:33:30.378 [INFO    ] compressor_03: System heartbeat OK
2026-05-01T18:33:30.628 [INFO    ] compressor_03: Sensor read cycle complete
2026-05-01T18:33:30.879 [WARNING ] compressor_03: Temperature elevated: 35.2°C — threshold 75°C
2026-05-01T18:33:31.129 [INFO    ] pump_01: Sensor read cycle complete
2026-05-01T18:33:31.380 [INFO    ] motor_02: RPM stable at 110
2026-05-01T18:33:31.631 [INFO    ] compressor_03: Sensor read cycle complete
2026-05-01T18:33:31.881 [INFO    ] pump_01: Connection alive
2026-05-01T18:33:32.132 [INFO    ] motor_02: Sensor read cycle complete
2026-05-01T18:33:32.382 [INFO    ] valve_05: RPM stable at 72
2026-05-01T18:33:32.633 [WARNING ] motor_02: Response latency high: 39ms
2026-05-01T18:33:32.884 [INFO    ] motor_02: System heartbeat OK
2026-05-01T18:33:33.134 [INFO    ] valve_05: Connection alive
2026-05-01T18:33:33.385 [ERROR   ] motor_02: Motor stall detected — RPM dropped to 103
2026-05-01T18:33:33.636 [ERROR   ] conveyor_04: Sensor read FAILED — register 0x0003 timeout
2026-05-01T18:33:33.887 [INFO    ] compressor_03: Temperature within normal range: 28.2°C
2026-05-01T18:33:34.137 [WARNING ] pump_01: Buffer utilisation at 90%
2026-05-01T18:33:34.388 [WARNING ] valve_05: Buffer utilisation at 100%
2026-05-01T18:33:34.639 [WARNING ] compressor_03: Buffer utilisation at 87%
2026-05-01T18:33:34.889 [WARNING ] motor_02: Vibration spike detected: 36.5 Hz
2026-05-01T18:33:35.140 [WARNING ] conveyor_04: Temperature elevated: 90.2°C — threshold 75°C
2026-05-01T18:33:35.390 [INFO    ] valve_05: Temperature within normal range: 25.5°C
2026-05-01T18:33:35.641 [INFO    ] motor_02: RPM stable at 40
2026-05-01T18:33:35.891 [INFO    ] compressor_03: Temperature within normal range: 101.2°C
2026-05-01T18:33:36.142 [INFO    ] pump_01: System heartbeat OK
2026-05-01T18:33:36.393 [WARNING ] valve_05: Response latency high: 62ms
2026-05-01T18:33:36.643 [INFO    ] conveyor_04: Connection alive
2026-05-01T18:33:36.894 [INFO    ] compressor_03: Temperature within normal range: 36.7°C
2026-05-01T18:33:37.144 [INFO    ] conveyor_04: Connection alive
2026-05-01T18:33:37.394 [INFO    ] compressor_03: Sensor read cycle complete
2026-05-01T18:33:37.645 [INFO    ] valve_05: RPM stable at 39
2026-05-01T18:33:37.896 [INFO    ] valve_05: System heartbeat OK
2026-05-01T18:33:38.147 [WARNING ] conveyor_04: Vibration spike detected: 18.9 Hz
2026-05-01T18:33:38.398 [INFO    ] valve_05: Sensor read cycle complete
2026-05-01T18:33:38.648 [INFO    ] pump_01: Connection alive
2026-05-01T18:33:38.899 [INFO    ] pump_01: System heartbeat OK
2026-05-01T18:33:39.149 [INFO    ] motor_02: Temperature within normal range: 98.5°C
2026-05-01T18:33:39.400 [ERROR   ] valve_05: Communication error: CRC mismatch
2026-05-01T18:33:39.650 [INFO    ] conveyor_04: RPM stable at 24
2026-05-01T18:33:39.901 [INFO    ] motor_02: Pressure normal: 112.41 bar
2026-05-01T18:33:40.151 [WARNING ] pump_01: Retry attempt 26 for register 0x0002
2026-05-01T18:33:40.402 [WARNING ] motor_02: Retry attempt 80 for register 0x0002
2026-05-01T18:33:40.653 [INFO    ] pump_01: RPM stable at 103
2026-05-01T18:33:40.904 [INFO    ] compressor_03: RPM stable at 31
2026-05-01T18:33:41.155 [WARNING ] pump_01: Retry attempt 73 for register 0x0002
2026-05-01T18:33:41.405 [INFO    ] compressor_03: Sensor read cycle complete
2026-05-01T18:33:41.656 [ERROR   ] compressor_03: Communication error: CRC mismatch
2026-05-01T18:33:41.907 [INFO    ] conveyor_04: System heartbeat OK
2026-05-01T18:33:42.157 [WARNING ] compressor_03: Buffer utilisation at 89%
2026-05-01T18:33:42.408 [WARNING ] conveyor_04: Vibration spike detected: 44.5 Hz
2026-05-01T18:33:42.658 [ERROR   ] conveyor_04: Over-temperature limit exceeded: 54.2°C
2026-05-01T18:33:42.909 [INFO    ] compressor_03: RPM stable at 14
2026-05-01T18:33:43.159 [WARNING ] conveyor_04: Temperature elevated: 58.6°C — threshold 75°C
2026-05-01T18:33:43.410 [CRITICAL] valve_05: Power supply failure detected
2026-05-01T18:33:43.660 [ERROR   ] compressor_03: Communication error: CRC mismatch
2026-05-01T18:33:43.911 [CRITICAL] compressor_03: Catastrophic vibration: 100.5 Hz — shutting down
2026-05-01T18:33:44.161 [CRITICAL] valve_05: Catastrophic vibration: 66.4 Hz — shutting down
2026-05-01T18:33:44.411 [INFO    ] motor_02: System heartbeat OK
2026-05-01T18:33:44.662 [INFO    ] conveyor_04: Temperature within normal range: 44.8°C
2026-05-01T18:33:44.913 [INFO    ] pump_01: Sensor read cycle complete
2026-05-01T18:33:45.164 [ERROR   ] conveyor_04: Motor stall detected — RPM dropped to 47
2026-05-01T18:33:45.414 [INFO    ] motor_02: Pressure normal: 16.85 bar
2026-05-01T18:33:45.665 [INFO    ] motor_02: RPM stable at 91
2026-05-01T18:33:45.916 [INFO    ] compressor_03: RPM stable at 72
2026-05-01T18:33:46.166 [INFO    ] pump_01: Sensor read cycle complete
2026-05-01T18:33:46.417 [WARNING ] motor_02: Response latency high: 92ms
2026-05-01T18:33:46.667 [WARNING ] compressor_03: Temperature elevated: 31.3°C — threshold 75°C
2026-05-01T18:33:46.918 [INFO    ] valve_05: Connection alive
2026-05-01T18:33:47.169 [INFO    ] valve_05: System heartbeat OK
2026-05-01T18:33:47.419 [INFO    ] valve_05: Temperature within normal range: 85.0°C
2026-05-01T18:33:47.670 [INFO    ] conveyor_04: Temperature within normal range: 60.6°C
2026-05-01T18:33:47.921 [WARNING ] valve_05: Response latency high: 51ms
2026-05-01T18:33:48.172 [INFO    ] compressor_03: System heartbeat OK
2026-05-01T18:33:48.422 [WARNING ] conveyor_04: Retry attempt 76 for register 0x0002
2026-05-01T18:33:48.673 [INFO    ] pump_01: Temperature within normal range: 51.9°C
2026-05-01T18:33:48.924 [WARNING ] pump_01: Retry attempt 95 for register 0x0002
2026-05-01T18:33:49.174 [INFO    ] valve_05: Pressure normal: 110.74 bar
2026-05-01T18:33:49.425 [ERROR   ] conveyor_04: Sensor read FAILED — register 0x0003 timeout
2026-05-01T18:33:49.676 [WARNING ] conveyor_04: Vibration spike detected: 58.1 Hz
2026-05-01T18:33:49.927 [CRITICAL] compressor_03: Catastrophic vibration: 117.4 Hz — shutting down
2026-05-01T18:33:50.177 [CRITICAL] valve_05: Power supply failure detected
2026-05-01T18:33:50.428 [ERROR   ] pump_01: Communication error: CRC mismatch
2026-05-01T18:33:50.679 [WARNING ] compressor_03: Response latency high: 36ms
2026-05-01T18:33:50.929 [WARNING ] compressor_03: Temperature elevated: 110.3°C — threshold 75°C
2026-05-01T18:33:51.180 [ERROR   ] motor_02: Sensor read FAILED — register 0x0003 timeout
2026-05-01T18:33:51.431 [INFO    ] valve_05: Temperature within normal range: 83.2°C
2026-05-01T18:33:51.684 [INFO    ] compressor_03: RPM stable at 53
2026-05-01T18:33:51.934 [ERROR   ] conveyor_04: Communication error: CRC mismatch
2026-05-01T18:33:52.186 [WARNING ] conveyor_04: Response latency high: 44ms
2026-05-01T18:33:52.442 [ERROR   ] pump_01: Communication error: CRC mismatch
2026-05-01T18:33:52.693 [WARNING ] motor_02: Vibration spike detected: 92.6 Hz
2026-05-01T18:33:52.943 [ERROR   ] compressor_03: Sensor read FAILED — register 0x0003 timeout
2026-05-01T18:33:53.194 [INFO    ] valve_05: RPM stable at 44
2026-05-01T18:33:53.444 [INFO    ] motor_02: RPM stable at 17
2026-05-01T18:33:53.695 [INFO    ] conveyor_04: RPM stable at 76
2026-05-01T18:33:53.946 [INFO    ] compressor_03: RPM stable at 42
2026-05-01T18:33:54.197 [INFO    ] motor_02: Connection alive
2026-05-01T18:33:54.448 [INFO    ] conveyor_04: Temperature within normal range: 43.5°C
2026-05-01T18:33:54.702 [WARNING ] conveyor_04: Response latency high: 111ms
2026-05-01T18:33:54.953 [INFO    ] motor_02: System heartbeat OK
2026-05-01T18:33:55.204 [INFO    ] pump_01: System heartbeat OK
2026-05-01T18:33:55.456 [INFO    ] compressor_03: System heartbeat OK
2026-05-01T18:33:55.707 [INFO    ] valve_05: Sensor read cycle complete
2026-05-01T18:33:55.958 [INFO    ] compressor_03: Sensor read cycle complete
2026-05-01T18:33:56.209 [INFO    ] compressor_03: Pressure normal: 33.38 bar
2026-05-01T18:33:56.459 [WARNING ] compressor_03: Retry attempt 101 for register 0x0002
2026-05-01T18:33:56.710 [INFO    ] valve_05: Sensor read cycle complete
2026-05-01T18:33:56.961 [INFO    ] valve_05: System heartbeat OK
2026-05-01T18:33:57.212 [WARNING ] valve_05: Buffer utilisation at 61%
2026-05-01T18:33:57.465 [WARNING ] pump_01: Vibration spike detected: 88.2 Hz
2026-05-01T18:33:57.715 [WARNING ] compressor_03: Temperature elevated: 104.3°C — threshold 75°C
2026-05-01T18:33:57.966 [WARNING ] compressor_03: Vibration spike detected: 43.6 Hz
2026-05-01T18:33:58.217 [INFO    ] pump_01: Connection alive
2026-05-01T18:33:58.468 [INFO    ] pump_01: System heartbeat OK
2026-05-01T18:33:58.719 [INFO    ] pump_01: Connection alive
2026-05-01T18:33:58.970 [WARNING ] compressor_03: Retry attempt 74 for register 0x0002
2026-05-01T18:33:59.221 [INFO    ] pump_01: Sensor read cycle complete
2026-05-01T18:33:59.472 [INFO    ] compressor_03: Pressure normal: 105.36 bar
2026-05-01T18:33:59.723 [WARNING ] compressor_03: Buffer utilisation at 96%
2026-05-01T18:33:59.973 [WARNING ] compressor_03: Buffer utilisation at 114%
2026-05-01T18:34:00.224 [WARNING ] compressor_03: Temperature elevated: 93.4°C — threshold 75°C
2026-05-01T18:34:00.475 [WARNING ] motor_02: Temperature elevated: 118.8°C — threshold 75°C
2026-05-01T18:34:00.725 [INFO    ] conveyor_04: Temperature within normal range: 77.6°C
2026-05-01T18:34:00.976 [CRITICAL] motor_02: Power supply failure detected
2026-05-01T18:34:01.228 [INFO    ] compressor_03: RPM stable at 58
2026-05-01T18:34:01.480 [WARNING ] conveyor_04: Retry attempt 81 for register 0x0002
2026-05-01T18:34:01.730 [CRITICAL] conveyor_04: EMERGENCY STOP triggered — safety interlock activated
2026-05-01T18:34:01.981 [ERROR   ] valve_05: Motor stall detected — RPM dropped to 109
2026-05-01T18:34:02.231 [INFO    ] compressor_03: Sensor read cycle complete
2026-05-01T18:34:02.482 [WARNING ] pump_01: Vibration spike detected: 10.8 Hz
2026-05-01T18:34:02.732 [ERROR   ] pump_01: Motor stall detected — RPM dropped to 114
2026-05-01T18:34:02.983 [INFO    ] conveyor_04: RPM stable at 102
2026-05-01T18:34:03.234 [ERROR   ] motor_02: Sensor read FAILED — register 0x0003 timeout
2026-05-01T18:34:03.484 [WARNING ] motor_02: Retry attempt 117 for register 0x0002
2026-05-01T18:34:03.738 [INFO    ] valve_05: Connection alive
2026-05-01T18:34:03.989 [WARNING ] compressor_03: Retry attempt 16 for register 0x0002
2026-05-01T18:34:04.240 [CRITICAL] conveyor_04: EMERGENCY STOP triggered — safety interlock activated
2026-05-01T18:34:04.492 [WARNING ] conveyor_04: Response latency high: 91ms
2026-05-01T18:34:04.743 [CRITICAL] valve_05: EMERGENCY STOP triggered — safety interlock activated
2026-05-01T18:34:04.994 [INFO    ] valve_05: Pressure normal: 51.30 bar
2026-05-01T18:34:05.245 [WARNING ] valve_05: Vibration spike detected: 98.4 Hz
2026-05-01T18:34:05.495 [ERROR   ] compressor_03: Over-temperature limit exceeded: 87.0°C
2026-05-01T18:34:05.746 [INFO    ] valve_05: Pressure normal: 113.69 bar
2026-05-01T18:34:05.997 [CRITICAL] valve_05: Power supply failure detected
2026-05-01T18:34:06.247 [INFO    ] conveyor_04: RPM stable at 112
2026-05-01T18:34:06.498 [INFO    ] motor_02: Connection alive
2026-05-01T18:34:06.749 [INFO    ] pump_01: Temperature within normal range: 117.0°C
2026-05-01T18:34:07.000 [INFO    ] conveyor_04: Temperature within normal range: 22.1°C
2026-05-01T18:34:07.250 [INFO    ] compressor_03: Pressure normal: 118.46 bar
2026-05-01T18:34:07.501 [WARNING ] motor_02: Vibration spike detected: 10.6 Hz
2026-05-01T18:34:07.751 [INFO    ] valve_05: System heartbeat OK
2026-05-01T18:34:08.002 [WARNING ] valve_05: Retry attempt 45 for register 0x0002
2026-05-01T18:34:08.253 [INFO    ] pump_01: System heartbeat OK
2026-05-01T18:34:08.504 [INFO    ] motor_02: Connection alive
2026-05-01T18:34:08.755 [WARNING ] compressor_03: Temperature elevated: 30.3°C — threshold 75°C
2026-05-01T18:34:09.005 [INFO    ] compressor_03: RPM stable at 85
2026-05-01T18:34:09.257 [INFO    ] valve_05: RPM stable at 58
2026-05-01T18:34:09.508 [INFO    ] compressor_03: Connection alive
2026-05-01T18:34:09.759 [INFO    ] conveyor_04: Sensor read cycle complete
2026-05-01T18:34:10.016 [WARNING ] conveyor_04: Temperature elevated: 27.6°C — threshold 75°C
2026-05-01T18:34:10.267 [INFO    ] conveyor_04: Pressure normal: 34.96 bar
2026-05-01T18:34:10.518 [INFO    ] compressor_03: Pressure normal: 35.71 bar
2026-05-01T18:34:10.772 [INFO    ] motor_02: Pressure normal: 77.75 bar
2026-05-01T18:34:11.025 [INFO    ] compressor_03: System heartbeat OK
2026-05-01T18:34:11.282 [CRITICAL] motor_02: Power supply failure detected
2026-05-01T18:34:11.533 [ERROR   ] compressor_03: Over-temperature limit exceeded: 99.2°C
2026-05-01T18:34:11.784 [WARNING ] valve_05: Buffer utilisation at 102%
2026-05-01T18:34:12.035 [INFO    ] motor_02: Temperature within normal range: 79.6°C
2026-05-01T18:34:12.290 [INFO    ] pump_01: Connection alive
2026-05-01T18:34:12.541 [WARNING ] motor_02: Vibration spike detected: 77.3 Hz
2026-05-01T18:34:12.793 [INFO    ] conveyor_04: Sensor read cycle complete
2026-05-01T18:34:13.044 [INFO    ] conveyor_04: Pressure normal: 90.17 bar
2026-05-01T18:34:13.295 [INFO    ] pump_01: Temperature within normal range: 81.8°C
2026-05-01T18:34:13.546 [ERROR   ] pump_01: Over-temperature limit exceeded: 51.2°C
2026-05-01T18:34:13.796 [INFO    ] conveyor_04: Sensor read cycle complete
2026-05-01T18:34:14.047 [ERROR   ] pump_01: Motor stall detected — RPM dropped to 91
2026-05-01T18:34:14.298 [CRITICAL] compressor_03: Power supply failure detected
2026-05-01T18:34:14.550 [WARNING ] conveyor_04: Vibration spike detected: 12.1 Hz
2026-05-01T18:34:14.802 [INFO    ] valve_05: Connection alive
2026-05-01T18:34:15.052 [ERROR   ] motor_02: Over-temperature limit exceeded: 33.3°C
2026-05-01T18:34:15.303 [INFO    ] pump_01: Connection alive
2026-05-01T18:34:15.554 [INFO    ] valve_05: Pressure normal: 55.09 bar
2026-05-01T18:34:15.805 [WARNING ] compressor_03: Vibration spike detected: 80.5 Hz
2026-05-01T18:34:16.056 [INFO    ] compressor_03: Connection alive
2026-05-01T18:34:16.307 [INFO    ] pump_01: Sensor read cycle complete
2026-05-01T18:34:16.557 [ERROR   ] valve_05: Sensor read FAILED — register 0x0003 timeout
2026-05-01T18:34:16.814 [INFO    ] compressor_03: Pressure normal: 72.25 bar
2026-05-01T18:34:17.068 [INFO    ] conveyor_04: Pressure normal: 77.55 bar
2026-05-01T18:34:17.322 [INFO    ] pump_01: System heartbeat OK
2026-05-01T18:34:17.574 [ERROR   ] conveyor_04: Motor stall detected — RPM dropped to 82
2026-05-01T18:34:17.825 [WARNING ] valve_05: Retry attempt 76 for register 0x0002
2026-05-01T18:34:18.076 [INFO    ] conveyor_04: Pressure normal: 17.68 bar
2026-05-01T18:34:18.327 [ERROR   ] motor_02: Motor stall detected — RPM dropped to 92
2026-05-01T18:34:18.577 [INFO    ] valve_05: RPM stable at 81
2026-05-01T18:34:18.828 [INFO    ] pump_01: Temperature within normal range: 13.1°C
2026-05-01T18:34:19.078 [WARNING ] pump_01: Retry attempt 11 for register 0x0002
2026-05-01T18:34:19.329 [CRITICAL] motor_02: EMERGENCY STOP triggered — safety interlock activated
2026-05-01T18:34:19.585 [WARNING ] valve_05: Response latency high: 107ms
2026-05-01T18:34:19.836 [CRITICAL] pump_01: Catastrophic vibration: 104.0 Hz — shutting down
2026-05-01T18:34:20.087 [INFO    ] motor_02: RPM stable at 56
2026-05-01T18:34:20.338 [INFO    ] valve_05: Temperature within normal range: 87.3°C
2026-05-01T18:34:20.589 [WARNING ] motor_02: Buffer utilisation at 83%
2026-05-01T18:34:20.839 [ERROR   ] valve_05: Sensor read FAILED — register 0x0003 timeout
2026-05-01T18:34:21.090 [WARNING ] motor_02: Vibration spike detected: 106.1 Hz
2026-05-01T18:34:21.341 [INFO    ] valve_05: Connection alive
2026-05-01T18:34:21.591 [ERROR   ] motor_02: Communication error: CRC mismatch
2026-05-01T18:34:21.844 [INFO    ] motor_02: Temperature within normal range: 18.9°C
2026-05-01T18:34:22.094 [ERROR   ] valve_05: Over-temperature limit exceeded: 26.5°C
2026-05-01T18:34:22.345 [WARNING ] conveyor_04: Response latency high: 71ms
2026-05-01T18:34:22.596 [INFO    ] pump_01: Sensor read cycle complete
2026-05-01T18:34:22.847 [CRITICAL] valve_05: Power supply failure detected
2026-05-01T18:34:23.098 [WARNING ] conveyor_04: Retry attempt 110 for register 0x0002
2026-05-01T18:34:23.349 [INFO    ] conveyor_04: Sensor read cycle complete
2026-05-01T18:34:23.599 [INFO    ] pump_01: Temperature within normal range: 49.0°C
2026-05-01T18:34:23.851 [ERROR   ] valve_05: Sensor read FAILED — register 0x0003 timeout
2026-05-01T18:34:24.103 [INFO    ] valve_05: Pressure normal: 97.96 bar
2026-05-01T18:34:24.360 [WARNING ] motor_02: Temperature elevated: 69.2°C — threshold 75°C
2026-05-01T18:34:24.619 [ERROR   ] valve_05: Motor stall detected — RPM dropped to 73
2026-05-01T18:34:24.874 [CRITICAL] pump_01: Catastrophic vibration: 76.1 Hz — shutting down
2026-05-01T18:34:25.125 [INFO    ] motor_02: System heartbeat OK
2026-05-01T18:34:25.376 [WARNING ] pump_01: Temperature elevated: 38.0°C — threshold 75°C
2026-05-01T18:34:25.627 [CRITICAL] conveyor_04: Power supply failure detected
2026-05-01T18:34:25.885 [INFO    ] compressor_03: Sensor read cycle complete
2026-05-01T18:34:26.136 [WARNING ] motor_02: Buffer utilisation at 81%
2026-05-01T18:34:26.386 [ERROR   ] conveyor_04: Sensor read FAILED — register 0x0003 timeout
2026-05-01T18:34:26.637 [WARNING ] pump_01: Vibration spike detected: 96.0 Hz
2026-05-01T18:34:26.888 [INFO    ] conveyor_04: System heartbeat OK
2026-05-01T18:34:27.140 [INFO    ] motor_02: RPM stable at 85
2026-05-01T18:34:27.391 [ERROR   ] motor_02: Motor stall detected — RPM dropped to 93
2026-05-01T18:34:27.643 [INFO    ] valve_05: Sensor read cycle complete
2026-05-01T18:34:27.894 [INFO    ] motor_02: Temperature within normal range: 109.8°C
2026-05-01T18:34:28.145 [ERROR   ] motor_02: Communication error: CRC mismatch
2026-05-01T18:34:28.396 [WARNING ] pump_01: Retry attempt 103 for register 0x0002
2026-05-01T18:34:28.647 [WARNING ] valve_05: Vibration spike detected: 115.6 Hz
2026-05-01T18:34:28.898 [WARNING ] motor_02: Buffer utilisation at 104%
2026-05-01T18:34:29.148 [INFO    ] valve_05: Temperature within normal range: 52.9°C
2026-05-01T18:34:29.400 [INFO    ] compressor_03: System heartbeat OK
2026-05-01T18:34:29.654 [INFO    ] compressor_03: Temperature within normal range: 33.2°C
2026-05-01T18:34:29.905 [WARNING ] pump_01: Buffer utilisation at 22%
2026-05-01T18:34:30.156 [INFO    ] pump_01: RPM stable at 86
2026-05-01T18:34:30.406 [INFO    ] conveyor_04: System heartbeat OK
2026-05-01T18:34:30.658 [ERROR   ] compressor_03: Motor stall detected — RPM dropped to 105
2026-05-01T18:34:30.918 [INFO    ] pump_01: Connection alive
2026-05-01T18:34:31.169 [INFO    ] pump_01: System heartbeat OK
2026-05-01T18:34:31.420 [WARNING ] compressor_03: Temperature elevated: 106.5°C — threshold 75°C
2026-05-01T18:34:31.670 [INFO    ] compressor_03: Temperature within normal range: 105.8°C
2026-05-01T18:34:31.921 [ERROR   ] conveyor_04: Motor stall detected — RPM dropped to 19
2026-05-01T18:34:32.176 [ERROR   ] pump_01: Over-temperature limit exceeded: 22.2°C
2026-05-01T18:34:32.429 [INFO    ] motor_02: System heartbeat OK
2026-05-01T18:34:32.679 [INFO    ] motor_02: Sensor read cycle complete
2026-05-01T18:34:32.932 [ERROR   ] motor_02: Motor stall detected — RPM dropped to 105
2026-05-01T18:34:33.183 [WARNING ] valve_05: Temperature elevated: 69.0°C — threshold 75°C
2026-05-01T18:34:33.439 [INFO    ] conveyor_04: Connection alive
2026-05-01T18:34:33.690 [INFO    ] compressor_03: Connection alive
2026-05-01T18:34:33.941 [WARNING ] valve_05: Buffer utilisation at 67%
2026-05-01T18:34:34.192 [WARNING ] pump_01: Vibration spike detected: 78.7 Hz
2026-05-01T18:34:34.444 [INFO    ] compressor_03: RPM stable at 19
2026-05-01T18:34:34.697 [INFO    ] compressor_03: RPM stable at 95
2026-05-01T18:34:34.949 [INFO    ] valve_05: RPM stable at 110
2026-05-01T18:34:35.200 [INFO    ] motor_02: Temperature within normal range: 40.7°C
2026-05-01T18:34:35.451 [INFO    ] conveyor_04: Temperature within normal range: 59.3°C
2026-05-01T18:34:35.702 [INFO    ] compressor_03: Temperature within normal range: 41.8°C
2026-05-01T18:34:35.952 [INFO    ] motor_02: RPM stable at 23
2026-05-01T18:34:36.202 [INFO    ] conveyor_04: Temperature within normal range: 26.8°C
2026-05-01T18:34:36.456 [INFO    ] compressor_03: Pressure normal: 94.64 bar
2026-05-01T18:34:36.706 [WARNING ] conveyor_04: Temperature elevated: 54.7°C — threshold 75°C
2026-05-01T18:34:36.957 [INFO    ] valve_05: Connection alive
2026-05-01T18:34:37.208 [CRITICAL] motor_02: EMERGENCY STOP triggered — safety interlock activated
2026-05-01T18:34:37.459 [INFO    ] conveyor_04: Pressure normal: 40.45 bar
2026-05-01T18:34:37.710 [WARNING ] motor_02: Buffer utilisation at 76%
2026-05-01T18:34:37.961 [INFO    ] conveyor_04: Temperature within normal range: 60.7°C
2026-05-01T18:34:38.212 [INFO    ] conveyor_04: Pressure normal: 49.23 bar
2026-05-01T18:34:38.462 [INFO    ] motor_02: Sensor read cycle complete
2026-05-01T18:34:38.713 [INFO    ] compressor_03: Pressure normal: 32.63 bar
2026-05-01T18:34:38.963 [WARNING ] compressor_03: Response latency high: 15ms
2026-05-01T18:34:39.214 [INFO    ] valve_05: System heartbeat OK
2026-05-01T18:34:39.465 [INFO    ] conveyor_04: Temperature within normal range: 51.3°C
2026-05-01T18:34:39.716 [CRITICAL] conveyor_04: Power supply failure detected
2026-05-01T18:34:39.966 [WARNING ] valve_05: Temperature elevated: 68.7°C — threshold 75°C
2026-05-01T18:34:40.217 [INFO    ] valve_05: RPM stable at 109
2026-05-01T18:34:40.468 [WARNING ] pump_01: Buffer utilisation at 90%
2026-05-01T18:34:40.718 [INFO    ] compressor_03: Sensor read cycle complete
2026-05-01T18:34:40.969 [INFO    ] valve_05: Pressure normal: 49.19 bar
2026-05-01T18:34:41.220 [INFO    ] motor_02: RPM stable at 22
2026-05-01T18:34:41.470 [INFO    ] motor_02: RPM stable at 79
2026-05-01T18:34:41.721 [INFO    ] conveyor_04: Sensor read cycle complete
2026-05-01T18:34:41.972 [CRITICAL] motor_02: EMERGENCY STOP triggered — safety interlock activated
2026-05-01T18:34:42.223 [WARNING ] compressor_03: Response latency high: 46ms
2026-05-01T18:34:42.474 [INFO    ] valve_05: Temperature within normal range: 55.1°C
2026-05-01T18:34:42.724 [INFO    ] valve_05: RPM stable at 112
2026-05-01T18:34:42.975 [ERROR   ] conveyor_04: Communication error: CRC mismatch
2026-05-01T18:34:43.225 [CRITICAL] motor_02: Power supply failure detected
2026-05-01T18:34:43.476 [WARNING ] conveyor_04: Vibration spike detected: 75.2 Hz
2026-05-01T18:34:43.727 [WARNING ] conveyor_04: Response latency high: 62ms
2026-05-01T18:34:43.978 [WARNING ] compressor_03: Retry attempt 13 for register 0x0002
2026-05-01T18:34:44.228 [INFO    ] valve_05: Temperature within normal range: 64.7°C
2026-05-01T18:34:44.479 [INFO    ] motor_02: System heartbeat OK
2026-05-01T18:34:44.729 [ERROR   ] pump_01: Over-temperature limit exceeded: 12.2°C
2026-05-01T18:34:44.980 [CRITICAL] pump_01: Power supply failure detected
2026-05-01T18:34:45.231 [INFO    ] motor_02: Pressure normal: 119.44 bar
2026-05-01T18:34:45.482 [INFO    ] valve_05: Connection alive
2026-05-01T18:34:45.732 [WARNING ] motor_02: Vibration spike detected: 116.1 Hz
2026-05-01T18:34:45.983 [ERROR   ] motor_02: Sensor read FAILED — register 0x0003 timeout
2026-05-01T18:34:46.234 [WARNING ] conveyor_04: Temperature elevated: 25.7°C — threshold 75°C
2026-05-01T18:34:46.484 [INFO    ] conveyor_04: Connection alive
2026-05-01T18:34:46.735 [INFO    ] valve_05: Pressure normal: 95.75 bar
2026-05-01T18:34:46.985 [INFO    ] motor_02: Pressure normal: 13.86 bar
2026-05-01T18:34:47.236 [ERROR   ] compressor_03: Sensor read FAILED — register 0x0003 timeout
2026-05-01T18:34:47.487 [INFO    ] pump_01: Connection alive
2026-05-01T18:34:47.737 [INFO    ] valve_05: RPM stable at 38
2026-05-01T18:34:47.987 [INFO    ] valve_05: Pressure normal: 108.82 bar
2026-05-01T18:34:48.238 [ERROR   ] motor_02: Communication error: CRC mismatch
2026-05-01T18:34:48.489 [ERROR   ] motor_02: Motor stall detected — RPM dropped to 14
2026-05-01T18:34:48.739 [WARNING ] valve_05: Buffer utilisation at 82%
2026-05-01T18:34:48.990 [CRITICAL] pump_01: Catastrophic vibration: 41.0 Hz — shutting down
2026-05-01T18:34:49.241 [INFO    ] pump_01: Pressure normal: 14.24 bar
2026-05-01T18:34:49.491 [WARNING ] pump_01: Retry attempt 44 for register 0x0002
2026-05-01T18:34:49.742 [ERROR   ] valve_05: Sensor read FAILED — register 0x0003 timeout
2026-05-01T18:34:49.993 [INFO    ] conveyor_04: Temperature within normal range: 60.5°C
2026-05-01T18:34:50.243 [WARNING ] compressor_03: Buffer utilisation at 33%
2026-05-01T18:34:50.494 [INFO    ] compressor_03: Connection alive
2026-05-01T18:34:50.744 [INFO    ] compressor_03: Sensor read cycle complete
2026-05-01T18:34:50.995 [INFO    ] motor_02: System heartbeat OK
2026-05-01T18:34:51.247 [ERROR   ] motor_02: Motor stall detected — RPM dropped to 105
2026-05-01T18:34:51.497 [INFO    ] compressor_03: Temperature within normal range: 53.8°C
2026-05-01T18:34:51.748 [INFO    ] motor_02: Connection alive
2026-05-01T18:34:51.999 [ERROR   ] pump_01: Sensor read FAILED — register 0x0003 timeout
2026-05-01T18:34:52.249 [ERROR   ] motor_02: Communication error: CRC mismatch
2026-05-01T18:34:52.500 [WARNING ] conveyor_04: Temperature elevated: 50.2°C — threshold 75°C
2026-05-01T18:34:52.751 [INFO    ] compressor_03: Sensor read cycle complete
2026-05-01T18:34:53.001 [ERROR   ] compressor_03: Over-temperature limit exceeded: 28.5°C
2026-05-01T18:34:53.252 [ERROR   ] valve_05: Sensor read FAILED — register 0x0003 timeout
2026-05-01T18:34:53.502 [INFO    ] motor_02: Temperature within normal range: 93.1°C
2026-05-01T18:34:53.753 [WARNING ] compressor_03: Response latency high: 81ms
2026-05-01T18:34:54.004 [INFO    ] pump_01: RPM stable at 30
2026-05-01T18:34:54.254 [INFO    ] conveyor_04: System heartbeat OK
2026-05-01T18:34:54.505 [INFO    ] compressor_03: Sensor read cycle complete
2026-05-01T18:34:54.756 [INFO    ] valve_05: Temperature within normal range: 97.7°C
2026-05-01T18:34:55.007 [ERROR   ] conveyor_04: Motor stall detected — RPM dropped to 77
2026-05-01T18:34:55.257 [INFO    ] pump_01: Pressure normal: 113.02 bar
2026-05-01T18:34:55.508 [WARNING ] pump_01: Temperature elevated: 20.8°C — threshold 75°C
2026-05-01T18:34:55.758 [INFO    ] motor_02: Sensor read cycle complete
2026-05-01T18:34:56.009 [WARNING ] compressor_03: Vibration spike detected: 91.6 Hz
2026-05-01T18:34:56.260 [INFO    ] valve_05: Connection alive
2026-05-01T18:34:56.510 [WARNING ] conveyor_04: Response latency high: 99ms
2026-05-01T18:34:56.761 [ERROR   ] conveyor_04: Communication error: CRC mismatch
2026-05-01T18:34:57.012 [INFO    ] pump_01: Connection alive
2026-05-01T18:34:57.262 [INFO    ] motor_02: Pressure normal: 90.42 bar
2026-05-01T18:34:57.512 [ERROR   ] compressor_03: Motor stall detected — RPM dropped to 109
2026-05-01T18:34:57.763 [INFO    ] valve_05: Sensor read cycle complete
2026-05-01T18:34:58.014 [WARNING ] pump_01: Retry attempt 92 for register 0x0002
2026-05-01T18:34:58.264 [CRITICAL] conveyor_04: Catastrophic vibration: 36.9 Hz — shutting down
2026-05-01T18:34:58.515 [WARNING ] compressor_03: Buffer utilisation at 72%
2026-05-01T18:34:58.765 [INFO    ] motor_02: Sensor read cycle complete
2026-05-01T18:34:59.016 [INFO    ] compressor_03: Pressure normal: 103.14 bar
2026-05-01T18:34:59.267 [WARNING ] motor_02: Buffer utilisation at 64%
2026-05-01T18:34:59.517 [INFO    ] conveyor_04: Temperature within normal range: 10.4°C
2026-05-01T18:34:59.768 [INFO    ] valve_05: Pressure normal: 99.25 bar
2026-05-01T18:35:00.018 [INFO    ] valve_05: Connection alive
2026-05-01T18:35:00.269 [INFO    ] compressor_03: RPM stable at 21
2026-05-01T18:35:00.520 [WARNING ] valve_05: Response latency high: 104ms
2026-05-01T18:35:00.771 [ERROR   ] motor_02: Motor stall detected — RPM dropped to 90
2026-05-01T18:35:01.022 [INFO    ] conveyor_04: System heartbeat OK
2026-05-01T18:35:01.272 [INFO    ] conveyor_04: Connection alive
2026-05-01T18:35:01.523 [INFO    ] valve_05: Connection alive
2026-05-01T18:35:01.773 [INFO    ] pump_01: Sensor read cycle complete
2026-05-01T18:35:02.024 [WARNING ] motor_02: Buffer utilisation at 30%
2026-05-01T18:35:02.274 [INFO    ] motor_02: System heartbeat OK
2026-05-01T18:35:02.525 [WARNING ] conveyor_04: Temperature elevated: 28.5°C — threshold 75°C
2026-05-01T18:35:02.775 [INFO    ] pump_01: Temperature within normal range: 20.0°C
2026-05-01T18:35:03.026 [INFO    ] valve_05: Pressure normal: 29.88 bar
2026-05-01T18:35:03.276 [WARNING ] conveyor_04: Retry attempt 28 for register 0x0002
2026-05-01T18:35:03.527 [INFO    ] compressor_03: RPM stable at 70
2026-05-01T18:35:03.777 [WARNING ] valve_05: Retry attempt 113 for register 0x0002
2026-05-01T18:35:04.028 [INFO    ] pump_01: System heartbeat OK
2026-05-01T18:35:04.279 [INFO    ] compressor_03: Pressure normal: 10.22 bar
2026-05-01T18:35:04.529 [INFO    ] valve_05: Connection alive
2026-05-01T18:35:04.780 [INFO    ] compressor_03: Temperature within normal range: 106.9°C
2026-05-01T18:35:05.030 [INFO    ] valve_05: Temperature within normal range: 63.8°C
2026-05-01T18:35:05.281 [INFO    ] motor_02: Sensor read cycle complete
2026-05-01T18:35:05.532 [INFO    ] conveyor_04: Temperature within normal range: 46.8°C
2026-05-01T18:35:05.782 [INFO    ] compressor_03: Temperature within normal range: 42.9°C
2026-05-01T18:35:06.032 [INFO    ] motor_02: Pressure normal: 45.62 bar
2026-05-01T18:35:06.283 [INFO    ] conveyor_04: Connection alive
2026-05-01T18:35:06.534 [INFO    ] conveyor_04: System heartbeat OK
2026-05-01T18:35:06.785 [INFO    ] motor_02: Temperature within normal range: 34.6°C
2026-05-01T18:35:07.035 [WARNING ] conveyor_04: Retry attempt 66 for register 0x0002
2026-05-01T18:35:07.286 [INFO    ] valve_05: Connection alive
2026-05-01T18:35:07.536 [CRITICAL] pump_01: Power supply failure detected
2026-05-01T18:35:07.787 [INFO    ] compressor_03: System heartbeat OK
2026-05-01T18:35:08.038 [INFO    ] pump_01: Temperature within normal range: 71.7°C
2026-05-01T18:35:08.288 [INFO    ] compressor_03: Connection alive
2026-05-01T18:35:08.540 [INFO    ] pump_01: Pressure normal: 31.06 bar
2026-05-01T18:35:08.790 [INFO    ] valve_05: System heartbeat OK
2026-05-01T18:35:09.041 [INFO    ] conveyor_04: Temperature within normal range: 81.2°C
2026-05-01T18:35:09.292 [INFO    ] conveyor_04: System heartbeat OK
2026-05-01T18:35:09.543 [WARNING ] conveyor_04: Temperature elevated: 119.2°C — threshold 75°C
2026-05-01T18:35:09.793 [ERROR   ] pump_01: Sensor read FAILED — register 0x0003 timeout
2026-05-01T18:35:10.044 [INFO    ] pump_01: Pressure normal: 41.01 bar
2026-05-01T18:35:10.295 [INFO    ] compressor_03: RPM stable at 23
2026-05-01T18:35:10.545 [INFO    ] conveyor_04: Connection alive
2026-05-01T18:35:10.796 [WARNING ] valve_05: Response latency high: 63ms
2026-05-01T18:35:11.047 [INFO    ] motor_02: Temperature within normal range: 53.3°C
2026-05-01T18:35:11.297 [INFO    ] valve_05: RPM stable at 91
2026-05-01T18:35:11.548 [ERROR   ] compressor_03: Communication error: CRC mismatch
2026-05-01T18:35:11.799 [INFO    ] motor_02: Temperature within normal range: 102.0°C
2026-05-01T18:35:12.049 [INFO    ] pump_01: Pressure normal: 22.51 bar
2026-05-01T18:35:12.300 [INFO    ] conveyor_04: RPM stable at 42
2026-05-01T18:35:12.551 [WARNING ] valve_05: Vibration spike detected: 65.9 Hz
2026-05-01T18:35:12.801 [WARNING ] pump_01: Temperature elevated: 18.9°C — threshold 75°C
2026-05-01T18:35:13.052 [WARNING ] conveyor_04: Buffer utilisation at 50%
2026-05-01T18:35:13.302 [INFO    ] compressor_03: Temperature within normal range: 23.6°C
2026-05-01T18:35:13.553 [INFO    ] motor_02: Temperature within normal range: 67.3°C
2026-05-01T18:35:13.804 [INFO    ] pump_01: Sensor read cycle complete
2026-05-01T18:35:14.054 [WARNING ] conveyor_04: Vibration spike detected: 10.1 Hz
2026-05-01T18:35:14.305 [WARNING ] motor_02: Buffer utilisation at 11%
2026-05-01T18:35:14.555 [INFO    ] compressor_03: System heartbeat OK
2026-05-01T18:35:14.806 [ERROR   ] compressor_03: Over-temperature limit exceeded: 48.5°C
2026-05-01T18:35:15.056 [CRITICAL] compressor_03: EMERGENCY STOP triggered — safety interlock activated
2026-05-01T18:35:15.307 [INFO    ] compressor_03: Connection alive
2026-05-01T18:35:15.558 [INFO    ] compressor_03: Pressure normal: 89.21 bar
2026-05-01T18:35:15.808 [INFO    ] pump_01: Sensor read cycle complete
2026-05-01T18:35:16.059 [INFO    ] pump_01: Sensor read cycle complete
2026-05-01T18:35:16.309 [WARNING ] conveyor_04: Response latency high: 20ms
2026-05-01T18:35:16.560 [INFO    ] motor_02: Temperature within normal range: 56.3°C
2026-05-01T18:35:16.811 [INFO    ] motor_02: Pressure normal: 105.54 bar
2026-05-01T18:35:17.061 [CRITICAL] motor_02: Catastrophic vibration: 41.4 Hz — shutting down
2026-05-01T18:35:17.312 [WARNING ] compressor_03: Temperature elevated: 26.5°C — threshold 75°C
2026-05-01T18:35:17.563 [INFO    ] pump_01: Connection alive
2026-05-01T18:35:17.815 [WARNING ] compressor_03: Vibration spike detected: 64.3 Hz
2026-05-01T18:35:18.065 [CRITICAL] valve_05: EMERGENCY STOP triggered — safety interlock activated
2026-05-01T18:35:18.316 [INFO    ] motor_02: RPM stable at 118
2026-05-01T18:35:18.566 [ERROR   ] compressor_03: Over-temperature limit exceeded: 82.9°C
2026-05-01T18:35:18.817 [INFO    ] motor_02: Temperature within normal range: 54.5°C
2026-05-01T18:35:19.068 [WARNING ] pump_01: Buffer utilisation at 114%
2026-05-01T18:35:19.318 [WARNING ] valve_05: Temperature elevated: 36.3°C — threshold 75°C
2026-05-01T18:35:19.569 [INFO    ] motor_02: Temperature within normal range: 108.2°C
2026-05-01T18:35:19.820 [CRITICAL] conveyor_04: Power supply failure detected
2026-05-01T18:35:20.070 [INFO    ] pump_01: Pressure normal: 20.49 bar
2026-05-01T18:35:20.321 [INFO    ] compressor_03: Pressure normal: 16.58 bar
2026-05-01T18:35:20.571 [INFO    ] conveyor_04: RPM stable at 65
2026-05-01T18:35:20.822 [INFO    ] conveyor_04: System heartbeat OK
2026-05-01T18:35:21.073 [ERROR   ] conveyor_04: Communication error: CRC mismatch
2026-05-01T18:35:21.323 [INFO    ] pump_01: Pressure normal: 90.86 bar
2026-05-01T18:35:21.575 [INFO    ] valve_05: Sensor read cycle complete
2026-05-01T18:35:21.828 [WARNING ] pump_01: Temperature elevated: 105.2°C — threshold 75°C
2026-05-01T18:35:22.085 [INFO    ] pump_01: Pressure normal: 25.44 bar
2026-05-01T18:35:22.336 [ERROR   ] motor_02: Motor stall detected — RPM dropped to 41
2026-05-01T18:35:22.587 [INFO    ] valve_05: RPM stable at 63
2026-05-01T18:35:22.838 [INFO    ] conveyor_04: Temperature within normal range: 40.4°C
2026-05-01T18:35:23.088 [INFO    ] valve_05: Sensor read cycle complete
2026-05-01T18:35:23.339 [INFO    ] compressor_03: System heartbeat OK
2026-05-01T18:35:23.590 [WARNING ] pump_01: Response latency high: 73ms
2026-05-01T18:35:23.840 [INFO    ] conveyor_04: Sensor read cycle complete
2026-05-01T18:35:24.091 [WARNING ] pump_01: Buffer utilisation at 22%
2026-05-01T18:35:24.341 [ERROR   ] valve_05: Over-temperature limit exceeded: 101.7°C
2026-05-01T18:35:24.592 [WARNING ] conveyor_04: Vibration spike detected: 64.0 Hz
2026-05-01T18:35:24.843 [INFO    ] motor_02: Temperature within normal range: 78.5°C
2026-05-01T18:35:25.096 [INFO    ] conveyor_04: RPM stable at 41
2026-05-01T18:35:25.347 [WARNING ] conveyor_04: Retry attempt 82 for register 0x0002
2026-05-01T18:35:25.599 [WARNING ] compressor_03: Temperature elevated: 86.3°C — threshold 75°C
2026-05-01T18:35:25.851 [ERROR   ] motor_02: Communication error: CRC mismatch
2026-05-01T18:35:26.101 [INFO    ] conveyor_04: System heartbeat OK
2026-05-01T18:35:26.352 [INFO    ] compressor_03: System heartbeat OK
2026-05-01T18:35:26.602 [INFO    ] valve_05: System heartbeat OK
2026-05-01T18:35:26.853 [INFO    ] conveyor_04: System heartbeat OK
2026-05-01T18:35:27.104 [INFO    ] pump_01: System heartbeat OK
2026-05-01T18:35:27.357 [INFO    ] valve_05: Sensor read cycle complete
2026-05-01T18:35:27.607 [ERROR   ] conveyor_04: Communication error: CRC mismatch
2026-05-01T18:35:27.858 [INFO    ] motor_02: Temperature within normal range: 61.0°C
2026-05-01T18:35:28.109 [INFO    ] conveyor_04: Sensor read cycle complete
2026-05-01T18:35:28.365 [CRITICAL] conveyor_04: Power supply failure detected
2026-05-01T18:35:28.617 [INFO    ] motor_02: Connection alive
2026-05-01T18:35:28.867 [INFO    ] motor_02: Sensor read cycle complete
2026-05-01T18:35:29.118 [INFO    ] pump_01: Pressure normal: 52.30 bar
2026-05-01T18:35:29.369 [WARNING ] compressor_03: Vibration spike detected: 69.6 Hz
2026-05-01T18:35:29.622 [ERROR   ] motor_02: Over-temperature limit exceeded: 65.4°C
2026-05-01T18:35:29.877 [INFO    ] motor_02: System heartbeat OK
2026-05-01T18:35:30.128 [CRITICAL] conveyor_04: Power supply failure detected
2026-05-01T18:35:30.379 [INFO    ] pump_01: RPM stable at 100
2026-05-01T18:35:30.629 [INFO    ] conveyor_04: System heartbeat OK
2026-05-01T18:35:30.881 [CRITICAL] valve_05: EMERGENCY STOP triggered — safety interlock activated
2026-05-01T18:35:31.132 [WARNING ] compressor_03: Vibration spike detected: 35.6 Hz
2026-05-01T18:35:31.383 [INFO    ] conveyor_04: Sensor read cycle complete
2026-05-01T18:35:31.633 [WARNING ] compressor_03: Buffer utilisation at 53%
2026-05-01T18:35:31.884 [ERROR   ] motor_02: Over-temperature limit exceeded: 21.1°C
2026-05-01T18:35:32.134 [INFO    ] compressor_03: Connection alive
2026-05-01T18:35:32.385 [INFO    ] valve_05: Connection alive
2026-05-01T18:35:32.637 [WARNING ] conveyor_04: Retry attempt 48 for register 0x0002
2026-05-01T18:35:32.890 [INFO    ] compressor_03: Sensor read cycle complete
2026-05-01T18:35:33.148 [INFO    ] compressor_03: Temperature within normal range: 47.2°C
2026-05-01T18:35:33.414 [INFO    ] valve_05: RPM stable at 33
2026-05-01T18:35:33.673 [INFO    ] valve_05: System heartbeat OK
2026-05-01T18:35:33.923 [WARNING ] compressor_03: Buffer utilisation at 43%
2026-05-01T18:35:34.174 [INFO    ] compressor_03: Sensor read cycle complete
2026-05-01T18:35:34.425 [INFO    ] valve_05: Temperature within normal range: 66.9°C
2026-05-01T18:35:34.676 [WARNING ] motor_02: Temperature elevated: 54.4°C — threshold 75°C
2026-05-01T18:35:34.927 [WARNING ] pump_01: Retry attempt 36 for register 0x0002
2026-05-01T18:35:35.179 [INFO    ] compressor_03: Sensor read cycle complete
2026-05-01T18:35:35.431 [ERROR   ] valve_05: Over-temperature limit exceeded: 32.4°C
2026-05-01T18:35:35.682 [INFO    ] pump_01: Connection alive
2026-05-01T18:35:35.932 [INFO    ] motor_02: RPM stable at 51
2026-05-01T18:35:36.183 [INFO    ] motor_02: RPM stable at 109
2026-05-01T18:35:36.434 [INFO    ] valve_05: RPM stable at 80
2026-05-01T18:35:36.684 [INFO    ] motor_02: Sensor read cycle complete
2026-05-01T18:35:36.935 [WARNING ] pump_01: Response latency high: 27ms
2026-05-01T18:35:37.186 [WARNING ] compressor_03: Response latency high: 47ms
2026-05-01T18:35:37.436 [CRITICAL] compressor_03: Catastrophic vibration: 48.6 Hz — shutting down
2026-05-01T18:35:37.687 [WARNING ] conveyor_04: Vibration spike detected: 49.1 Hz
2026-05-01T18:35:37.938 [ERROR   ] valve_05: Over-temperature limit exceeded: 16.0°C
2026-05-01T18:35:38.189 [WARNING ] pump_01: Temperature elevated: 19.6°C — threshold 75°C
2026-05-01T18:35:38.446 [INFO    ] valve_05: Temperature within normal range: 97.0°C
2026-05-01T18:35:38.697 [CRITICAL] conveyor_04: EMERGENCY STOP triggered — safety interlock activated
2026-05-01T18:35:38.948 [WARNING ] pump_01: Temperature elevated: 67.5°C — threshold 75°C
2026-05-01T18:35:39.203 [INFO    ] compressor_03: Connection alive
2026-05-01T18:35:39.453 [INFO    ] pump_01: Sensor read cycle complete
2026-05-01T18:35:39.704 [WARNING ] pump_01: Response latency high: 108ms
2026-05-01T18:35:39.956 [ERROR   ] conveyor_04: Sensor read FAILED — register 0x0003 timeout
2026-05-01T18:35:40.213 [WARNING ] pump_01: Retry attempt 13 for register 0x0002
2026-05-01T18:35:40.464 [INFO    ] conveyor_04: System heartbeat OK
2026-05-01T18:35:40.715 [ERROR   ] pump_01: Communication error: CRC mismatch
2026-05-01T18:35:40.966 [WARNING ] compressor_03: Temperature elevated: 44.0°C — threshold 75°C
2026-05-01T18:35:41.216 [INFO    ] pump_01: Pressure normal: 96.97 bar
2026-05-01T18:35:41.466 [INFO    ] pump_01: Connection alive
2026-05-01T18:35:41.717 [INFO    ] pump_01: System heartbeat OK
2026-05-01T18:35:41.970 [WARNING ] valve_05: Retry attempt 71 for register 0x0002
2026-05-01T18:35:42.221 [ERROR   ] conveyor_04: Over-temperature limit exceeded: 83.5°C
2026-05-01T18:35:42.472 [INFO    ] compressor_03: RPM stable at 25
2026-05-01T18:35:42.722 [ERROR   ] conveyor_04: Sensor read FAILED — register 0x0003 timeout
2026-05-01T18:35:42.973 [INFO    ] pump_01: Connection alive
2026-05-01T18:35:43.224 [INFO    ] pump_01: Temperature within normal range: 18.6°C
2026-05-01T18:35:43.475 [INFO    ] motor_02: RPM stable at 64
2026-05-01T18:35:43.726 [ERROR   ] compressor_03: Sensor read FAILED — register 0x0003 timeout
2026-05-01T18:35:43.976 [ERROR   ] conveyor_04: Communication error: CRC mismatch
2026-05-01T18:35:44.227 [ERROR   ] compressor_03: Over-temperature limit exceeded: 49.4°C
2026-05-01T18:35:44.477 [INFO    ] compressor_03: Sensor read cycle complete
2026-05-01T18:35:44.728 [INFO    ] compressor_03: RPM stable at 65
2026-05-01T18:35:44.979 [ERROR   ] valve_05: Motor stall detected — RPM dropped to 81
2026-05-01T18:35:45.229 [INFO    ] compressor_03: System heartbeat OK
2026-05-01T18:35:45.480 [INFO    ] pump_01: Connection alive
2026-05-01T18:35:45.732 [WARNING ] valve_05: Response latency high: 18ms
2026-05-01T18:35:45.982 [WARNING ] compressor_03: Buffer utilisation at 20%
2026-05-01T18:35:46.234 [WARNING ] pump_01: Temperature elevated: 117.9°C — threshold 75°C
2026-05-01T18:35:46.485 [WARNING ] motor_02: Vibration spike detected: 48.2 Hz
2026-05-01T18:35:46.735 [INFO    ] motor_02: Sensor read cycle complete
2026-05-01T18:35:46.986 [WARNING ] conveyor_04: Buffer utilisation at 114%
2026-05-01T18:35:47.237 [CRITICAL] pump_01: Power supply failure detected
2026-05-01T18:35:47.492 [INFO    ] pump_01: Sensor read cycle complete
2026-05-01T18:35:47.743 [INFO    ] valve_05: RPM stable at 64
2026-05-01T18:35:47.994 [INFO    ] motor_02: RPM stable at 67
2026-05-01T18:35:48.245 [INFO    ] conveyor_04: Temperature within normal range: 90.4°C
2026-05-01T18:35:48.496 [WARNING ] conveyor_04: Buffer utilisation at 107%
2026-05-01T18:35:48.746 [INFO    ] valve_05: Pressure normal: 101.18 bar
2026-05-01T18:35:48.998 [INFO    ] pump_01: Temperature within normal range: 115.4°C
2026-05-01T18:35:49.248 [INFO    ] conveyor_04: Sensor read cycle complete
2026-05-01T18:35:49.500 [INFO    ] compressor_03: Connection alive
2026-05-01T18:35:49.750 [INFO    ] motor_02: RPM stable at 57
2026-05-01T18:35:50.001 [INFO    ] motor_02: RPM stable at 51
2026-05-01T18:35:50.252 [WARNING ] valve_05: Temperature elevated: 98.4°C — threshold 75°C
2026-05-01T18:35:50.502 [WARNING ] valve_05: Buffer utilisation at 64%
2026-05-01T18:35:50.753 [INFO    ] valve_05: Sensor read cycle complete
2026-05-01T18:35:51.004 [CRITICAL] pump_01: Catastrophic vibration: 56.8 Hz — shutting down
2026-05-01T18:35:51.255 [INFO    ] conveyor_04: RPM stable at 107
2026-05-01T18:35:51.505 [INFO    ] valve_05: Pressure normal: 60.92 bar
2026-05-01T18:35:51.756 [INFO    ] valve_05: Connection alive
2026-05-01T18:35:52.008 [INFO    ] motor_02: RPM stable at 99
2026-05-01T18:35:52.258 [INFO    ] motor_02: Pressure normal: 89.41 bar
2026-05-01T18:35:52.509 [INFO    ] conveyor_04: Connection alive
2026-05-01T18:35:52.760 [INFO    ] valve_05: System heartbeat OK
2026-05-01T18:35:53.011 [WARNING ] conveyor_04: Response latency high: 28ms
2026-05-01T18:35:53.261 [ERROR   ] compressor_03: Motor stall detected — RPM dropped to 84
2026-05-01T18:35:53.512 [CRITICAL] motor_02: Power supply failure detected
2026-05-01T18:35:53.763 [WARNING ] valve_05: Vibration spike detected: 75.0 Hz
2026-05-01T18:35:54.013 [WARNING ] compressor_03: Retry attempt 94 for register 0x0002
2026-05-01T18:35:54.264 [INFO    ] conveyor_04: RPM stable at 57
2026-05-01T18:35:54.515 [INFO    ] compressor_03: Temperature within normal range: 92.4°C
2026-05-01T18:35:54.766 [INFO    ] conveyor_04: RPM stable at 43
2026-05-01T18:35:55.016 [ERROR   ] conveyor_04: Motor stall detected — RPM dropped to 96
2026-05-01T18:35:55.267 [CRITICAL] conveyor_04: EMERGENCY STOP triggered — safety interlock activated
2026-05-01T18:35:55.518 [INFO    ] motor_02: RPM stable at 86
2026-05-01T18:35:55.768 [WARNING ] conveyor_04: Temperature elevated: 38.0°C — threshold 75°C
2026-05-01T18:35:56.019 [INFO    ] motor_02: Temperature within normal range: 64.6°C
2026-05-01T18:35:56.269 [WARNING ] compressor_03: Vibration spike detected: 75.2 Hz
2026-05-01T18:35:56.520 [INFO    ] motor_02: Sensor read cycle complete
2026-05-01T18:35:56.772 [INFO    ] compressor_03: Connection alive
2026-05-01T18:35:57.023 [WARNING ] pump_01: Retry attempt 98 for register 0x0002
2026-05-01T18:35:57.274 [INFO    ] conveyor_04: Temperature within normal range: 42.5°C
2026-05-01T18:35:57.525 [INFO    ] compressor_03: Connection alive
2026-05-01T18:35:57.775 [INFO    ] valve_05: RPM stable at 99
2026-05-01T18:35:58.026 [INFO    ] compressor_03: Pressure normal: 109.73 bar
2026-05-01T18:35:58.277 [WARNING ] pump_01: Temperature elevated: 71.0°C — threshold 75°C
2026-05-01T18:35:58.530 [INFO    ] valve_05: Connection alive
2026-05-01T18:35:58.781 [INFO    ] motor_02: Connection alive
2026-05-01T18:35:59.032 [INFO    ] compressor_03: Connection alive
2026-05-01T18:35:59.282 [INFO    ] valve_05: Sensor read cycle complete
2026-05-01T18:35:59.533 [WARNING ] pump_01: Response latency high: 109ms
2026-05-01T18:35:59.784 [WARNING ] compressor_03: Response latency high: 13ms
2026-05-01T18:36:00.034 [INFO    ] pump_01: Connection alive
2026-05-01T18:36:00.285 [INFO    ] compressor_03: RPM stable at 15
2026-05-01T18:36:00.536 [INFO    ] pump_01: System heartbeat OK
2026-05-01T18:36:00.787 [WARNING ] valve_05: Retry attempt 91 for register 0x0002
2026-05-01T18:36:01.038 [INFO    ] motor_02: Sensor read cycle complete
2026-05-01T18:36:01.288 [WARNING ] pump_01: Vibration spike detected: 13.9 Hz
2026-05-01T18:36:01.539 [INFO    ] conveyor_04: Connection alive
2026-05-01T18:36:01.790 [INFO    ] conveyor_04: Connection alive
2026-05-01T18:36:02.041 [INFO    ] pump_01: Sensor read cycle complete
2026-05-01T18:36:02.291 [ERROR   ] motor_02: Over-temperature limit exceeded: 19.8°C
2026-05-01T18:36:02.542 [INFO    ] motor_02: Pressure normal: 67.30 bar
2026-05-01T18:36:02.792 [INFO    ] motor_02: Pressure normal: 55.40 bar
2026-05-01T18:36:03.043 [CRITICAL] conveyor_04: Catastrophic vibration: 20.6 Hz — shutting down
2026-05-01T18:36:03.295 [WARNING ] conveyor_04: Retry attempt 39 for register 0x0002
2026-05-01T18:36:03.545 [INFO    ] pump_01: System heartbeat OK
2026-05-01T18:36:03.796 [INFO    ] conveyor_04: System heartbeat OK
2026-05-01T18:36:04.048 [INFO    ] pump_01: Sensor read cycle complete
2026-05-01T18:36:04.298 [CRITICAL] valve_05: Catastrophic vibration: 59.5 Hz — shutting down
2026-05-01T18:36:04.551 [INFO    ] motor_02: Temperature within normal range: 71.8°C
2026-05-01T18:36:04.802 [INFO    ] pump_01: Connection alive
2026-05-01T18:36:05.054 [INFO    ] valve_05: Pressure normal: 20.64 bar
2026-05-01T18:36:05.305 [INFO    ] valve_05: System heartbeat OK
2026-05-01T18:36:05.556 [ERROR   ] motor_02: Communication error: CRC mismatch
2026-05-01T18:36:05.806 [INFO    ] compressor_03: System heartbeat OK
2026-05-01T18:36:06.057 [WARNING ] motor_02: Retry attempt 23 for register 0x0002
2026-05-01T18:36:06.307 [WARNING ] valve_05: Buffer utilisation at 11%
2026-05-01T18:36:06.559 [INFO    ] pump_01: Sensor read cycle complete
2026-05-01T18:36:06.809 [INFO    ] valve_05: Sensor read cycle complete
2026-05-01T18:36:07.060 [ERROR   ] pump_01: Sensor read FAILED — register 0x0003 timeout
2026-05-01T18:36:07.311 [INFO    ] compressor_03: Connection alive
2026-05-01T18:36:07.562 [INFO    ] compressor_03: Connection alive
2026-05-01T18:36:07.813 [INFO    ] valve_05: Temperature within normal range: 18.5°C
2026-05-01T18:36:08.063 [WARNING ] conveyor_04: Buffer utilisation at 33%
2026-05-01T18:36:08.314 [INFO    ] conveyor_04: RPM stable at 54
2026-05-01T18:36:08.567 [WARNING ] valve_05: Temperature elevated: 65.8°C — threshold 75°C
2026-05-01T18:36:08.818 [INFO    ] motor_02: RPM stable at 98
2026-05-01T18:36:09.069 [WARNING ] motor_02: Temperature elevated: 116.9°C — threshold 75°C
2026-05-01T18:36:09.319 [INFO    ] motor_02: Temperature within normal range: 74.4°C
2026-05-01T18:36:09.570 [WARNING ] compressor_03: Response latency high: 13ms
2026-05-01T18:36:09.821 [ERROR   ] motor_02: Sensor read FAILED — register 0x0003 timeout
2026-05-01T18:36:10.072 [ERROR   ] compressor_03: Over-temperature limit exceeded: 74.2°C
2026-05-01T18:36:10.322 [INFO    ] valve_05: Sensor read cycle complete
2026-05-01T18:36:10.574 [WARNING ] compressor_03: Buffer utilisation at 35%
2026-05-01T18:36:10.825 [INFO    ] pump_01: Temperature within normal range: 98.6°C
2026-05-01T18:36:11.076 [INFO    ] compressor_03: System heartbeat OK
2026-05-01T18:36:11.326 [WARNING ] pump_01: Buffer utilisation at 58%
2026-05-01T18:36:11.578 [INFO    ] pump_01: Pressure normal: 74.76 bar
2026-05-01T18:36:11.829 [WARNING ] compressor_03: Response latency high: 76ms
2026-05-01T18:36:12.079 [INFO    ] valve_05: Sensor read cycle complete
2026-05-01T18:36:12.331 [INFO    ] conveyor_04: Connection alive
2026-05-01T18:36:12.582 [WARNING ] compressor_03: Retry attempt 92 for register 0x0002
2026-05-01T18:36:12.833 [WARNING ] motor_02: Buffer utilisation at 59%
2026-05-01T18:36:13.084 [WARNING ] compressor_03: Retry attempt 44 for register 0x0002
2026-05-01T18:36:13.335 [ERROR   ] compressor_03: Over-temperature limit exceeded: 11.3°C
2026-05-01T18:36:13.587 [WARNING ] valve_05: Vibration spike detected: 95.0 Hz
2026-05-01T18:36:13.837 [INFO    ] conveyor_04: RPM stable at 19
2026-05-01T18:36:14.088 [INFO    ] motor_02: Pressure normal: 83.57 bar
2026-05-01T18:36:14.338 [ERROR   ] compressor_03: Motor stall detected — RPM dropped to 34
2026-05-01T18:36:14.589 [ERROR   ] motor_02: Communication error: CRC mismatch
2026-05-01T18:36:14.840 [WARNING ] compressor_03: Vibration spike detected: 80.9 Hz
2026-05-01T18:36:15.091 [INFO    ] valve_05: RPM stable at 56
2026-05-01T18:36:15.342 [INFO    ] pump_01: Temperature within normal range: 85.4°C
2026-05-01T18:36:15.593 [ERROR   ] conveyor_04: Motor stall detected — RPM dropped to 65
2026-05-01T18:36:15.843 [INFO    ] valve_05: Pressure normal: 103.47 bar
2026-05-01T18:36:16.094 [WARNING ] pump_01: Vibration spike detected: 41.9 Hz
2026-05-01T18:36:16.344 [WARNING ] conveyor_04: Temperature elevated: 83.4°C — threshold 75°C
2026-05-01T18:36:16.595 [INFO    ] pump_01: Sensor read cycle complete
2026-05-01T18:36:16.846 [WARNING ] compressor_03: Vibration spike detected: 15.3 Hz
2026-05-01T18:36:17.097 [INFO    ] valve_05: Pressure normal: 78.92 bar
2026-05-01T18:36:17.348 [INFO    ] conveyor_04: Sensor read cycle complete
2026-05-01T18:36:17.598 [INFO    ] valve_05: Sensor read cycle complete
2026-05-01T18:36:17.849 [WARNING ] compressor_03: Temperature elevated: 101.7°C — threshold 75°C
2026-05-01T18:36:18.102 [INFO    ] conveyor_04: System heartbeat OK
2026-05-01T18:36:18.353 [CRITICAL] motor_02: Power supply failure detected
2026-05-01T18:36:18.606 [INFO    ] valve_05: System heartbeat OK
2026-05-01T18:36:18.857 [INFO    ] pump_01: Pressure normal: 62.60 bar
2026-05-01T18:36:19.110 [INFO    ] conveyor_04: System heartbeat OK
2026-05-01T18:36:19.360 [INFO    ] valve_05: Sensor read cycle complete
2026-05-01T18:36:19.612 [WARNING ] motor_02: Response latency high: 16ms
2026-05-01T18:36:19.864 [INFO    ] pump_01: RPM stable at 51
2026-05-01T18:36:20.114 [ERROR   ] motor_02: Motor stall detected — RPM dropped to 37
2026-05-01T18:36:20.365 [INFO    ] valve_05: Temperature within normal range: 33.0°C
2026-05-01T18:36:20.617 [INFO    ] motor_02: Sensor read cycle complete
2026-05-01T18:36:20.867 [WARNING ] compressor_03: Temperature elevated: 100.8°C — threshold 75°C
2026-05-01T18:36:21.119 [WARNING ] motor_02: Response latency high: 98ms
2026-05-01T18:36:21.370 [CRITICAL] conveyor_04: Power supply failure detected
2026-05-01T18:36:21.622 [ERROR   ] valve_05: Over-temperature limit exceeded: 15.3°C
2026-05-01T18:36:21.872 [WARNING ] compressor_03: Response latency high: 95ms
2026-05-01T18:36:22.123 [INFO    ] pump_01: Connection alive
2026-05-01T18:36:22.374 [ERROR   ] pump_01: Communication error: CRC mismatch
2026-05-01T18:36:22.624 [WARNING ] compressor_03: Buffer utilisation at 56%
2026-05-01T18:36:22.875 [INFO    ] valve_05: Pressure normal: 54.82 bar
2026-05-01T18:36:23.127 [CRITICAL] pump_01: Power supply failure detected
2026-05-01T18:36:23.386 [WARNING ] compressor_03: Vibration spike detected: 23.2 Hz
2026-05-01T18:36:23.637 [CRITICAL] valve_05: EMERGENCY STOP triggered — safety interlock activated
2026-05-01T18:36:23.888 [INFO    ] conveyor_04: Pressure normal: 91.38 bar
2026-05-01T18:36:24.140 [ERROR   ] pump_01: Motor stall detected — RPM dropped to 18
2026-05-01T18:36:24.391 [WARNING ] compressor_03: Retry attempt 20 for register 0x0002
2026-05-01T18:36:24.642 [INFO    ] pump_01: Temperature within normal range: 26.0°C
2026-05-01T18:36:24.893 [INFO    ] motor_02: Sensor read cycle complete
2026-05-01T18:36:25.148 [INFO    ] valve_05: System heartbeat OK
2026-05-01T18:36:25.400 [INFO    ] conveyor_04: Pressure normal: 51.48 bar
2026-05-01T18:36:25.652 [INFO    ] compressor_03: Temperature within normal range: 20.4°C
2026-05-01T18:36:25.903 [WARNING ] motor_02: Response latency high: 71ms
2026-05-01T18:36:26.154 [INFO    ] pump_01: Temperature within normal range: 119.4°C
2026-05-01T18:36:26.405 [WARNING ] conveyor_04: Vibration spike detected: 12.0 Hz
2026-05-01T18:36:26.656 [WARNING ] conveyor_04: Temperature elevated: 37.9°C — threshold 75°C
2026-05-01T18:36:26.907 [INFO    ] motor_02: Temperature within normal range: 105.2°C
2026-05-01T18:36:27.157 [INFO    ] compressor_03: Pressure normal: 59.20 bar
2026-05-01T18:36:27.409 [WARNING ] compressor_03: Buffer utilisation at 92%
2026-05-01T18:36:27.663 [INFO    ] pump_01: Pressure normal: 112.24 bar
2026-05-01T18:36:27.914 [INFO    ] compressor_03: Sensor read cycle complete
2026-05-01T18:36:28.165 [INFO    ] pump_01: System heartbeat OK
2026-05-01T18:36:28.416 [INFO    ] conveyor_04: RPM stable at 66
2026-05-01T18:36:28.667 [WARNING ] valve_05: Vibration spike detected: 42.7 Hz
2026-05-01T18:36:28.917 [WARNING ] conveyor_04: Retry attempt 68 for register 0x0002
2026-05-01T18:36:29.168 [INFO    ] conveyor_04: Pressure normal: 77.45 bar
2026-05-01T18:36:29.418 [CRITICAL] motor_02: EMERGENCY STOP triggered — safety interlock activated
2026-05-01T18:36:29.669 [ERROR   ] conveyor_04: Communication error: CRC mismatch
2026-05-01T18:36:29.920 [INFO    ] conveyor_04: RPM stable at 50
2026-05-01T18:36:30.170 [INFO    ] compressor_03: Temperature within normal range: 96.9°C
2026-05-01T18:36:30.421 [INFO    ] valve_05: Temperature within normal range: 25.1°C
2026-05-01T18:36:30.672 [WARNING ] conveyor_04: Temperature elevated: 74.4°C — threshold 75°C
2026-05-01T18:36:30.923 [INFO    ] valve_05: System heartbeat OK
2026-05-01T18:36:31.174 [INFO    ] compressor_03: Pressure normal: 73.60 bar
2026-05-01T18:36:31.424 [INFO    ] valve_05: RPM stable at 60
2026-05-01T18:36:31.675 [INFO    ] pump_01: Pressure normal: 69.64 bar
2026-05-01T18:36:31.926 [INFO    ] valve_05: Temperature within normal range: 33.4°C
2026-05-01T18:36:32.176 [INFO    ] motor_02: Connection alive
2026-05-01T18:36:32.427 [WARNING ] valve_05: Temperature elevated: 20.4°C — threshold 75°C
2026-05-01T18:36:32.677 [WARNING ] compressor_03: Retry attempt 72 for register 0x0002
2026-05-01T18:36:32.931 [WARNING ] motor_02: Retry attempt 71 for register 0x0002
2026-05-01T18:36:33.190 [ERROR   ] compressor_03: Communication error: CRC mismatch
2026-05-01T18:36:33.441 [INFO    ] compressor_03: Connection alive
2026-05-01T18:36:33.692 [INFO    ] valve_05: Sensor read cycle complete
2026-05-01T18:36:33.946 [WARNING ] pump_01: Retry attempt 13 for register 0x0002
2026-05-01T18:36:34.196 [INFO    ] compressor_03: System heartbeat OK
2026-05-01T18:36:34.447 [INFO    ] valve_05: Pressure normal: 102.89 bar
2026-05-01T18:36:34.697 [ERROR   ] compressor_03: Communication error: CRC mismatch
2026-05-01T18:36:34.948 [WARNING ] valve_05: Response latency high: 99ms
2026-05-01T18:36:35.201 [INFO    ] motor_02: System heartbeat OK
2026-05-01T18:36:35.451 [INFO    ] conveyor_04: Connection alive
2026-05-01T18:36:35.703 [WARNING ] conveyor_04: Vibration spike detected: 93.0 Hz
2026-05-01T18:36:35.956 [INFO    ] pump_01: Pressure normal: 27.04 bar
2026-05-01T18:36:36.207 [INFO    ] compressor_03: Connection alive
2026-05-01T18:36:36.458 [WARNING ] valve_05: Retry attempt 46 for register 0x0002
2026-05-01T18:36:36.708 [ERROR   ] pump_01: Sensor read FAILED — register 0x0003 timeout
2026-05-01T18:36:36.960 [INFO    ] conveyor_04: System heartbeat OK
2026-05-01T18:36:37.210 [INFO    ] pump_01: Temperature within normal range: 29.9°C
2026-05-01T18:36:37.461 [ERROR   ] conveyor_04: Communication error: CRC mismatch
2026-05-01T18:36:37.712 [WARNING ] pump_01: Buffer utilisation at 47%
2026-05-01T18:36:37.963 [INFO    ] conveyor_04: Connection alive
2026-05-01T18:36:38.214 [ERROR   ] compressor_03: Over-temperature limit exceeded: 102.8°C
2026-05-01T18:36:38.465 [INFO    ] pump_01: RPM stable at 91
2026-05-01T18:36:38.715 [ERROR   ] compressor_03: Over-temperature limit exceeded: 112.4°C
2026-05-01T18:36:38.966 [INFO    ] motor_02: Connection alive
2026-05-01T18:36:39.216 [ERROR   ] pump_01: Motor stall detected — RPM dropped to 116
2026-05-01T18:36:39.467 [ERROR   ] motor_02: Motor stall detected — RPM dropped to 21
2026-05-01T18:36:39.717 [INFO    ] compressor_03: System heartbeat OK
2026-05-01T18:36:39.968 [INFO    ] valve_05: Temperature within normal range: 43.4°C
2026-05-01T18:36:40.219 [INFO    ] compressor_03: Connection alive
2026-05-01T18:36:40.470 [WARNING ] conveyor_04: Temperature elevated: 32.6°C — threshold 75°C
2026-05-01T18:36:40.723 [ERROR   ] motor_02: Communication error: CRC mismatch
2026-05-01T18:36:40.975 [INFO    ] pump_01: RPM stable at 105
2026-05-01T18:36:41.226 [INFO    ] valve_05: Temperature within normal range: 113.4°C
2026-05-01T18:36:41.478 [CRITICAL] conveyor_04: EMERGENCY STOP triggered — safety interlock activated
2026-05-01T18:36:41.729 [INFO    ] conveyor_04: RPM stable at 57
2026-05-01T18:36:41.979 [INFO    ] compressor_03: System heartbeat OK
2026-05-01T18:36:42.230 [WARNING ] valve_05: Retry attempt 57 for register 0x0002
2026-05-01T18:36:42.480 [INFO    ] compressor_03: System heartbeat OK
2026-05-01T18:36:42.731 [INFO    ] valve_05: Connection alive
2026-05-01T18:36:42.982 [INFO    ] valve_05: Pressure normal: 117.15 bar
2026-05-01T18:36:43.236 [INFO    ] valve_05: Temperature within normal range: 30.1°C
2026-05-01T18:36:43.486 [INFO    ] valve_05: Pressure normal: 87.84 bar
2026-05-01T18:36:43.739 [INFO    ] motor_02: Connection alive
2026-05-01T18:36:43.991 [INFO    ] compressor_03: Pressure normal: 11.65 bar
2026-05-01T18:36:44.245 [INFO    ] motor_02: RPM stable at 54
2026-05-01T18:36:44.497 [INFO    ] valve_05: RPM stable at 112
2026-05-01T18:36:44.751 [INFO    ] conveyor_04: Connection alive
2026-05-01T18:36:45.003 [INFO    ] compressor_03: Temperature within normal range: 48.9°C
2026-05-01T18:36:45.254 [WARNING ] valve_05: Temperature elevated: 97.1°C — threshold 75°C
2026-05-01T18:36:45.506 [WARNING ] pump_01: Retry attempt 62 for register 0x0002
2026-05-01T18:36:45.757 [ERROR   ] valve_05: Communication error: CRC mismatch
2026-05-01T18:36:46.008 [INFO    ] compressor_03: Sensor read cycle complete
2026-05-01T18:36:46.259 [ERROR   ] valve_05: Communication error: CRC mismatch
2026-05-01T18:36:46.509 [INFO    ] pump_01: Temperature within normal range: 104.9°C
2026-05-01T18:36:46.760 [ERROR   ] valve_05: Communication error: CRC mismatch
2026-05-01T18:36:47.010 [CRITICAL] pump_01: Power supply failure detected
2026-05-01T18:36:47.261 [INFO    ] conveyor_04: Sensor read cycle complete
2026-05-01T18:36:47.513 [INFO    ] valve_05: Pressure normal: 112.83 bar
2026-05-01T18:36:47.764 [INFO    ] compressor_03: RPM stable at 27
2026-05-01T18:36:48.015 [CRITICAL] valve_05: Power supply failure detected
2026-05-01T18:36:48.265 [INFO    ] conveyor_04: RPM stable at 25
2026-05-01T18:36:48.516 [WARNING ] pump_01: Retry attempt 39 for register 0x0002
2026-05-01T18:36:48.766 [WARNING ] valve_05: Temperature elevated: 24.6°C — threshold 75°C
2026-05-01T18:36:49.017 [INFO    ] valve_05: System heartbeat OK
2026-05-01T18:36:49.267 [INFO    ] conveyor_04: Pressure normal: 29.88 bar
2026-05-01T18:36:49.518 [WARNING ] conveyor_04: Response latency high: 103ms
2026-05-01T18:36:49.769 [INFO    ] conveyor_04: RPM stable at 91
2026-05-01T18:36:50.020 [INFO    ] valve_05: Temperature within normal range: 38.1°C
2026-05-01T18:36:50.271 [ERROR   ] conveyor_04: Motor stall detected — RPM dropped to 27
2026-05-01T18:36:50.521 [WARNING ] compressor_03: Buffer utilisation at 17%
2026-05-01T18:36:50.772 [INFO    ] compressor_03: Temperature within normal range: 98.4°C
2026-05-01T18:36:51.023 [INFO    ] valve_05: System heartbeat OK
2026-05-01T18:36:51.274 [INFO    ] motor_02: System heartbeat OK
2026-05-01T18:36:51.525 [WARNING ] compressor_03: Buffer utilisation at 56%
2026-05-01T18:36:51.776 [WARNING ] conveyor_04: Vibration spike detected: 41.9 Hz
2026-05-01T18:36:52.027 [INFO    ] pump_01: System heartbeat OK
2026-05-01T18:36:52.277 [ERROR   ] motor_02: Motor stall detected — RPM dropped to 101
2026-05-01T18:36:52.528 [INFO    ] valve_05: Pressure normal: 34.96 bar
2026-05-01T18:36:52.780 [CRITICAL] conveyor_04: Power supply failure detected
2026-05-01T18:36:53.030 [CRITICAL] valve_05: Catastrophic vibration: 45.8 Hz — shutting down
2026-05-01T18:36:53.281 [ERROR   ] compressor_03: Communication error: CRC mismatch
2026-05-01T18:36:53.531 [WARNING ] pump_01: Response latency high: 24ms
2026-05-01T18:36:53.782 [ERROR   ] compressor_03: Communication error: CRC mismatch
2026-05-01T18:36:54.033 [INFO    ] pump_01: RPM stable at 114
2026-05-01T18:36:54.283 [WARNING ] pump_01: Vibration spike detected: 113.4 Hz
2026-05-01T18:36:54.534 [INFO    ] compressor_03: Connection alive
2026-05-01T18:36:54.784 [INFO    ] valve_05: Temperature within normal range: 84.9°C
2026-05-01T18:36:55.035 [CRITICAL] pump_01: Power supply failure detected
2026-05-01T18:36:55.286 [WARNING ] conveyor_04: Buffer utilisation at 56%
2026-05-01T18:36:55.536 [ERROR   ] conveyor_04: Over-temperature limit exceeded: 22.6°C
2026-05-01T18:36:55.789 [ERROR   ] valve_05: Sensor read FAILED — register 0x0003 timeout
2026-05-01T18:36:56.043 [WARNING ] conveyor_04: Retry attempt 114 for register 0x0002
2026-05-01T18:36:56.294 [INFO    ] valve_05: RPM stable at 59
2026-05-01T18:36:56.545 [INFO    ] compressor_03: Pressure normal: 22.81 bar
2026-05-01T18:36:56.796 [WARNING ] valve_05: Retry attempt 103 for register 0x0002
2026-05-01T18:36:57.047 [WARNING ] conveyor_04: Vibration spike detected: 95.9 Hz
2026-05-01T18:36:57.298 [INFO    ] compressor_03: Pressure normal: 40.92 bar
2026-05-01T18:36:57.550 [ERROR   ] compressor_03: Sensor read FAILED — register 0x0003 timeout
2026-05-01T18:36:57.801 [INFO    ] conveyor_04: Sensor read cycle complete
2026-05-01T18:36:58.051 [INFO    ] compressor_03: Pressure normal: 40.76 bar
2026-05-01T18:36:58.302 [INFO    ] conveyor_04: System heartbeat OK
2026-05-01T18:36:58.553 [INFO    ] compressor_03: Sensor read cycle complete
2026-05-01T18:36:58.805 [WARNING ] valve_05: Response latency high: 42ms
2026-05-01T18:36:59.056 [INFO    ] pump_01: Pressure normal: 101.73 bar
2026-05-01T18:36:59.307 [WARNING ] compressor_03: Response latency high: 118ms
2026-05-01T18:36:59.560 [INFO    ] motor_02: RPM stable at 118
2026-05-01T18:36:59.811 [INFO    ] pump_01: RPM stable at 19
2026-05-01T18:37:00.062 [INFO    ] conveyor_04: System heartbeat OK
2026-05-01T18:37:00.313 [WARNING ] compressor_03: Retry attempt 33 for register 0x0002
2026-05-01T18:37:00.564 [INFO    ] pump_01: Pressure normal: 32.45 bar
2026-05-01T18:37:00.815 [WARNING ] conveyor_04: Buffer utilisation at 56%
2026-05-01T18:37:01.066 [INFO    ] compressor_03: Sensor read cycle complete
2026-05-01T18:37:01.316 [WARNING ] valve_05: Temperature elevated: 22.7°C — threshold 75°C
2026-05-01T18:37:01.567 [WARNING ] compressor_03: Response latency high: 85ms
2026-05-01T18:37:01.818 [WARNING ] motor_02: Vibration spike detected: 25.6 Hz
2026-05-01T18:37:02.069 [ERROR   ] valve_05: Over-temperature limit exceeded: 55.9°C
2026-05-01T18:37:02.320 [INFO    ] pump_01: Temperature within normal range: 58.7°C
2026-05-01T18:37:02.570 [WARNING ] motor_02: Retry attempt 116 for register 0x0002
2026-05-01T18:37:02.821 [ERROR   ] pump_01: Sensor read FAILED — register 0x0003 timeout
2026-05-01T18:37:03.072 [INFO    ] pump_01: Connection alive
2026-05-01T18:37:03.323 [INFO    ] motor_02: Sensor read cycle complete
2026-05-01T18:37:03.574 [INFO    ] compressor_03: Connection alive
2026-05-01T18:37:03.825 [INFO    ] pump_01: RPM stable at 63
2026-05-01T18:37:04.076 [INFO    ] compressor_03: Temperature within normal range: 42.7°C
2026-05-01T18:37:04.327 [WARNING ] pump_01: Vibration spike detected: 116.1 Hz
2026-05-01T18:37:04.579 [ERROR   ] compressor_03: Sensor read FAILED — register 0x0003 timeout
2026-05-01T18:37:04.831 [WARNING ] pump_01: Retry attempt 32 for register 0x0002
2026-05-01T18:37:05.082 [WARNING ] valve_05: Retry attempt 99 for register 0x0002
2026-05-01T18:37:05.332 [ERROR   ] compressor_03: Over-temperature limit exceeded: 85.3°C
2026-05-01T18:37:05.583 [INFO    ] conveyor_04: Connection alive
2026-05-01T18:37:05.834 [INFO    ] valve_05: Pressure normal: 47.09 bar
2026-05-01T18:37:06.087 [WARNING ] motor_02: Temperature elevated: 111.5°C — threshold 75°C
2026-05-01T18:37:06.338 [INFO    ] compressor_03: Pressure normal: 85.89 bar
2026-05-01T18:37:06.588 [WARNING ] pump_01: Buffer utilisation at 63%
2026-05-01T18:37:06.840 [WARNING ] conveyor_04: Temperature elevated: 102.2°C — threshold 75°C
2026-05-01T18:37:07.093 [INFO    ] conveyor_04: Connection alive
2026-05-01T18:37:07.344 [ERROR   ] conveyor_04: Communication error: CRC mismatch
2026-05-01T18:37:07.594 [INFO    ] valve_05: System heartbeat OK
2026-05-01T18:37:07.846 [INFO    ] compressor_03: System heartbeat OK
2026-05-01T18:37:08.100 [INFO    ] valve_05: Connection alive
2026-05-01T18:37:08.351 [ERROR   ] pump_01: Communication error: CRC mismatch
2026-05-01T18:37:08.606 [WARNING ] pump_01: Vibration spike detected: 110.3 Hz
2026-05-01T18:37:08.857 [WARNING ] motor_02: Response latency high: 90ms
2026-05-01T18:37:09.108 [INFO    ] motor_02: Connection alive
2026-05-01T18:37:09.358 [INFO    ] pump_01: RPM stable at 42
2026-05-01T18:37:09.611 [INFO    ] compressor_03: Temperature within normal range: 23.3°C
2026-05-01T18:37:09.861 [WARNING ] compressor_03: Buffer utilisation at 24%
2026-05-01T18:37:10.112 [INFO    ] compressor_03: RPM stable at 14
2026-05-01T18:37:10.363 [INFO    ] compressor_03: Temperature within normal range: 39.3°C
2026-05-01T18:37:10.614 [WARNING ] conveyor_04: Retry attempt 101 for register 0x0002
2026-05-01T18:37:10.864 [INFO    ] valve_05: System heartbeat OK
2026-05-01T18:37:11.115 [INFO    ] conveyor_04: System heartbeat OK
2026-05-01T18:37:11.366 [ERROR   ] conveyor_04: Communication error: CRC mismatch
2026-05-01T18:37:11.617 [INFO    ] valve_05: Temperature within normal range: 12.9°C
2026-05-01T18:37:11.868 [WARNING ] motor_02: Response latency high: 105ms
2026-05-01T18:37:12.118 [INFO    ] conveyor_04: System heartbeat OK
2026-05-01T18:37:12.369 [WARNING ] compressor_03: Response latency high: 22ms
2026-05-01T18:37:12.620 [WARNING ] conveyor_04: Temperature elevated: 24.2°C — threshold 75°C
2026-05-01T18:37:12.870 [INFO    ] compressor_03: Connection alive
2026-05-01T18:37:13.121 [INFO    ] motor_02: RPM stable at 72
2026-05-01T18:37:13.374 [ERROR   ] pump_01: Motor stall detected — RPM dropped to 24
2026-05-01T18:37:13.625 [ERROR   ] pump_01: Communication error: CRC mismatch
2026-05-01T18:37:13.876 [INFO    ] pump_01: System heartbeat OK
2026-05-01T18:37:14.128 [WARNING ] motor_02: Vibration spike detected: 97.9 Hz
2026-05-01T18:37:14.380 [WARNING ] motor_02: Buffer utilisation at 93%
2026-05-01T18:37:14.631 [INFO    ] compressor_03: Pressure normal: 56.27 bar
2026-05-01T18:37:14.881 [INFO    ] conveyor_04: Sensor read cycle complete
2026-05-01T18:37:15.132 [INFO    ] compressor_03: Temperature within normal range: 104.1°C
2026-05-01T18:37:15.382 [INFO    ] pump_01: Temperature within normal range: 56.5°C
2026-05-01T18:37:15.633 [ERROR   ] compressor_03: Communication error: CRC mismatch
2026-05-01T18:37:15.883 [INFO    ] conveyor_04: RPM stable at 25
2026-05-01T18:37:16.134 [WARNING ] pump_01: Temperature elevated: 114.6°C — threshold 75°C
2026-05-01T18:37:16.385 [INFO    ] motor_02: RPM stable at 40
2026-05-01T18:37:16.636 [ERROR   ] pump_01: Motor stall detected — RPM dropped to 107
2026-05-01T18:37:16.887 [INFO    ] valve_05: RPM stable at 32
2026-05-01T18:37:17.138 [INFO    ] valve_05: Temperature within normal range: 50.2°C
2026-05-01T18:37:17.388 [WARNING ] conveyor_04: Response latency high: 113ms
2026-05-01T18:37:17.639 [INFO    ] motor_02: System heartbeat OK
2026-05-01T18:37:17.889 [INFO    ] motor_02: System heartbeat OK
2026-05-01T18:37:18.140 [CRITICAL] compressor_03: Catastrophic vibration: 104.5 Hz — shutting down
2026-05-01T18:37:18.395 [INFO    ] conveyor_04: Temperature within normal range: 75.6°C
2026-05-01T18:37:18.646 [INFO    ] motor_02: Connection alive
2026-05-01T18:37:18.897 [INFO    ] motor_02: System heartbeat OK
2026-05-01T18:37:19.148 [CRITICAL] conveyor_04: EMERGENCY STOP triggered — safety interlock activated
2026-05-01T18:37:19.399 [INFO    ] pump_01: Sensor read cycle complete
2026-05-01T18:37:19.650 [WARNING ] motor_02: Temperature elevated: 103.3°C — threshold 75°C
2026-05-01T18:37:19.900 [WARNING ] pump_01: Temperature elevated: 50.3°C — threshold 75°C
2026-05-01T18:37:20.151 [INFO    ] conveyor_04: Connection alive
2026-05-01T18:37:20.402 [INFO    ] pump_01: Connection alive
2026-05-01T18:37:20.656 [INFO    ] motor_02: Sensor read cycle complete
2026-05-01T18:37:20.906 [INFO    ] compressor_03: Sensor read cycle complete
2026-05-01T18:37:21.159 [INFO    ] valve_05: System heartbeat OK
2026-05-01T18:37:21.411 [INFO    ] compressor_03: Connection alive
2026-05-01T18:37:21.661 [INFO    ] pump_01: System heartbeat OK
2026-05-01T18:37:21.912 [INFO    ] motor_02: Connection alive
2026-05-01T18:37:22.163 [INFO    ] valve_05: System heartbeat OK
2026-05-01T18:37:22.414 [INFO    ] valve_05: Sensor read cycle complete
2026-05-01T18:37:22.665 [INFO    ] conveyor_04: Temperature within normal range: 96.2°C
2026-05-01T18:37:22.915 [INFO    ] pump_01: Connection alive
2026-05-01T18:37:23.166 [INFO    ] compressor_03: Pressure normal: 17.03 bar
2026-05-01T18:37:23.416 [WARNING ] motor_02: Buffer utilisation at 22%
2026-05-01T18:37:23.667 [INFO    ] valve_05: System heartbeat OK
2026-05-01T18:37:23.921 [INFO    ] valve_05: Connection alive
2026-05-01T18:37:24.172 [INFO    ] motor_02: Temperature within normal range: 62.3°C
2026-05-01T18:37:24.426 [INFO    ] conveyor_04: Connection alive
2026-05-01T18:37:24.677 [INFO    ] valve_05: Sensor read cycle complete
2026-05-01T18:37:24.927 [INFO    ] motor_02: Sensor read cycle complete
2026-05-01T18:37:25.178 [WARNING ] compressor_03: Retry attempt 105 for register 0x0002
2026-05-01T18:37:25.428 [INFO    ] compressor_03: Pressure normal: 78.46 bar
2026-05-01T18:37:25.680 [INFO    ] conveyor_04: Connection alive
2026-05-01T18:37:25.931 [INFO    ] motor_02: Temperature within normal range: 102.7°C
2026-05-01T18:37:26.184 [WARNING ] pump_01: Retry attempt 74 for register 0x0002
2026-05-01T18:37:26.434 [WARNING ] valve_05: Response latency high: 95ms
2026-05-01T18:37:26.685 [INFO    ] pump_01: Pressure normal: 14.26 bar
2026-05-01T18:37:26.935 [WARNING ] valve_05: Response latency high: 50ms
2026-05-01T18:37:27.186 [INFO    ] pump_01: RPM stable at 17
2026-05-01T18:37:27.436 [INFO    ] compressor_03: Connection alive
2026-05-01T18:37:27.687 [INFO    ] valve_05: System heartbeat OK
2026-05-01T18:37:27.938 [WARNING ] compressor_03: Buffer utilisation at 40%
2026-05-01T18:37:28.188 [WARNING ] motor_02: Buffer utilisation at 93%
2026-05-01T18:37:28.438 [WARNING ] pump_01: Retry attempt 112 for register 0x0002
2026-05-01T18:37:28.689 [WARNING ] conveyor_04: Buffer utilisation at 51%
2026-05-01T18:37:28.940 [INFO    ] compressor_03: System heartbeat OK
2026-05-01T18:37:29.191 [INFO    ] pump_01: Pressure normal: 18.25 bar
2026-05-01T18:37:29.443 [ERROR   ] conveyor_04: Sensor read FAILED — register 0x0003 timeout
2026-05-01T18:37:29.693 [WARNING ] motor_02: Buffer utilisation at 92%
2026-05-01T18:37:29.944 [WARNING ] conveyor_04: Vibration spike detected: 10.3 Hz
2026-05-01T18:37:30.195 [WARNING ] valve_05: Retry attempt 43 for register 0x0002
2026-05-01T18:37:30.445 [WARNING ] pump_01: Response latency high: 23ms
2026-05-01T18:37:30.698 [INFO    ] pump_01: System heartbeat OK
2026-05-01T18:37:30.958 [INFO    ] valve_05: System heartbeat OK
2026-05-01T18:37:31.209 [INFO    ] pump_01: RPM stable at 90
2026-05-01T18:37:31.461 [CRITICAL] motor_02: EMERGENCY STOP triggered — safety interlock activated
2026-05-01T18:37:31.712 [WARNING ] motor_02: Response latency high: 45ms
2026-05-01T18:37:31.962 [INFO    ] motor_02: Pressure normal: 85.07 bar
2026-05-01T18:37:32.213 [INFO    ] pump_01: Pressure normal: 62.15 bar
2026-05-01T18:37:32.464 [INFO    ] motor_02: Pressure normal: 69.23 bar
2026-05-01T18:37:32.715 [WARNING ] motor_02: Buffer utilisation at 101%
2026-05-01T18:37:32.976 [INFO    ] pump_01: Sensor read cycle complete
2026-05-01T18:37:33.230 [CRITICAL] conveyor_04: Catastrophic vibration: 91.5 Hz — shutting down
2026-05-01T18:37:33.481 [INFO    ] motor_02: System heartbeat OK
2026-05-01T18:37:33.731 [ERROR   ] conveyor_04: Motor stall detected — RPM dropped to 79
2026-05-01T18:37:33.982 [ERROR   ] pump_01: Sensor read FAILED — register 0x0003 timeout
2026-05-01T18:37:34.233 [INFO    ] valve_05: System heartbeat OK
2026-05-01T18:37:34.484 [INFO    ] pump_01: Connection alive
2026-05-01T18:37:34.735 [ERROR   ] compressor_03: Over-temperature limit exceeded: 86.6°C
2026-05-01T18:37:34.985 [INFO    ] pump_01: System heartbeat OK
2026-05-01T18:37:35.236 [ERROR   ] compressor_03: Communication error: CRC mismatch
2026-05-01T18:37:35.487 [INFO    ] valve_05: Sensor read cycle complete
2026-05-01T18:37:35.738 [INFO    ] pump_01: System heartbeat OK
2026-05-01T18:37:35.989 [INFO    ] valve_05: Sensor read cycle complete
2026-05-01T18:37:36.240 [INFO    ] valve_05: System heartbeat OK
2026-05-01T18:37:36.498 [INFO    ] valve_05: System heartbeat OK
2026-05-01T18:37:36.749 [INFO    ] compressor_03: System heartbeat OK
2026-05-01T18:37:36.999 [ERROR   ] compressor_03: Sensor read FAILED — register 0x0003 timeout
2026-05-01T18:37:37.250 [INFO    ] pump_01: Sensor read cycle complete
2026-05-01T18:37:37.501 [INFO    ] valve_05: Pressure normal: 94.29 bar
2026-05-01T18:37:37.752 [INFO    ] compressor_03: System heartbeat OK
2026-05-01T18:37:38.003 [WARNING ] compressor_03: Temperature elevated: 110.3°C — threshold 75°C
2026-05-01T18:37:38.254 [INFO    ] conveyor_04: Temperature within normal range: 69.8°C
2026-05-01T18:37:38.505 [INFO    ] pump_01: Connection alive
2026-05-01T18:37:38.756 [WARNING ] motor_02: Vibration spike detected: 99.5 Hz
2026-05-01T18:37:39.007 [CRITICAL] compressor_03: Catastrophic vibration: 37.3 Hz — shutting down
2026-05-01T18:37:39.257 [INFO    ] conveyor_04: System heartbeat OK
2026-05-01T18:37:39.508 [WARNING ] compressor_03: Retry attempt 101 for register 0x0002
2026-05-01T18:37:39.759 [INFO    ] motor_02: Pressure normal: 104.02 bar
2026-05-01T18:37:40.011 [INFO    ] valve_05: System heartbeat OK
2026-05-01T18:37:40.262 [INFO    ] valve_05: Pressure normal: 43.88 bar
2026-05-01T18:37:40.513 [INFO    ] pump_01: Temperature within normal range: 81.0°C
2026-05-01T18:37:40.764 [INFO    ] pump_01: Sensor read cycle complete
2026-05-01T18:37:41.015 [WARNING ] compressor_03: Retry attempt 92 for register 0x0002
2026-05-01T18:37:41.267 [INFO    ] valve_05: Connection alive
2026-05-01T18:37:41.523 [ERROR   ] pump_01: Sensor read FAILED — register 0x0003 timeout
2026-05-01T18:37:41.776 [INFO    ] motor_02: Connection alive
2026-05-01T18:37:42.032 [INFO    ] motor_02: Pressure normal: 33.67 bar
2026-05-01T18:37:42.283 [WARNING ] conveyor_04: Temperature elevated: 57.0°C — threshold 75°C
2026-05-01T18:37:42.535 [ERROR   ] conveyor_04: Over-temperature limit exceeded: 68.7°C
2026-05-01T18:37:42.786 [INFO    ] conveyor_04: System heartbeat OK
2026-05-01T18:37:43.036 [INFO    ] conveyor_04: Temperature within normal range: 107.5°C
2026-05-01T18:37:43.287 [INFO    ] valve_05: Sensor read cycle complete
2026-05-01T18:37:43.538 [ERROR   ] compressor_03: Sensor read FAILED — register 0x0003 timeout
2026-05-01T18:37:43.788 [ERROR   ] conveyor_04: Communication error: CRC mismatch
2026-05-01T18:37:44.039 [WARNING ] compressor_03: Temperature elevated: 36.5°C — threshold 75°C
2026-05-01T18:37:44.290 [INFO    ] valve_05: Temperature within normal range: 108.3°C
2026-05-01T18:37:44.540 [INFO    ] valve_05: Connection alive
2026-05-01T18:37:44.791 [INFO    ] compressor_03: Sensor read cycle complete
2026-05-01T18:37:45.042 [INFO    ] valve_05: Sensor read cycle complete
2026-05-01T18:37:45.293 [WARNING ] conveyor_04: Temperature elevated: 36.1°C — threshold 75°C
2026-05-01T18:37:45.543 [WARNING ] valve_05: Vibration spike detected: 35.3 Hz
2026-05-01T18:37:45.794 [INFO    ] valve_05: RPM stable at 80
2026-05-01T18:37:46.045 [INFO    ] motor_02: RPM stable at 69
2026-05-01T18:37:46.296 [INFO    ] motor_02: RPM stable at 99
2026-05-01T18:37:46.546 [INFO    ] pump_01: Temperature within normal range: 59.5°C
2026-05-01T18:37:46.797 [CRITICAL] compressor_03: Power supply failure detected
2026-05-01T18:37:47.047 [INFO    ] pump_01: Temperature within normal range: 14.8°C
2026-05-01T18:37:47.298 [INFO    ] pump_01: Temperature within normal range: 60.6°C
2026-05-01T18:37:47.549 [INFO    ] compressor_03: Connection alive
2026-05-01T18:37:47.799 [INFO    ] valve_05: Temperature within normal range: 64.7°C
2026-05-01T18:37:48.050 [INFO    ] compressor_03: Connection alive
2026-05-01T18:37:48.302 [ERROR   ] motor_02: Communication error: CRC mismatch
2026-05-01T18:37:48.553 [INFO    ] valve_05: RPM stable at 103
2026-05-01T18:37:48.804 [INFO    ] motor_02: Pressure normal: 96.01 bar
2026-05-01T18:37:49.055 [INFO    ] valve_05: Pressure normal: 115.10 bar
2026-05-01T18:37:49.305 [INFO    ] compressor_03: Connection alive
2026-05-01T18:37:49.556 [WARNING ] valve_05: Retry attempt 119 for register 0x0002
2026-05-01T18:37:49.807 [ERROR   ] pump_01: Over-temperature limit exceeded: 106.4°C
2026-05-01T18:37:50.058 [INFO    ] conveyor_04: Temperature within normal range: 26.1°C
2026-05-01T18:37:50.308 [WARNING ] pump_01: Response latency high: 47ms
2026-05-01T18:37:50.559 [INFO    ] compressor_03: Connection alive
2026-05-01T18:37:50.810 [WARNING ] valve_05: Vibration spike detected: 14.8 Hz
2026-05-01T18:37:51.061 [WARNING ] compressor_03: Buffer utilisation at 32%
2026-05-01T18:37:51.311 [INFO    ] valve_05: Sensor read cycle complete
2026-05-01T18:37:51.562 [INFO    ] valve_05: Temperature within normal range: 117.5°C
2026-05-01T18:37:51.812 [INFO    ] compressor_03: System heartbeat OK
2026-05-01T18:37:52.063 [INFO    ] pump_01: Connection alive
2026-05-01T18:37:52.313 [ERROR   ] pump_01: Motor stall detected — RPM dropped to 100
2026-05-01T18:37:52.564 [INFO    ] compressor_03: Sensor read cycle complete
2026-05-01T18:37:52.815 [INFO    ] compressor_03: Connection alive
2026-05-01T18:37:53.065 [INFO    ] pump_01: RPM stable at 78
2026-05-01T18:37:53.316 [INFO    ] valve_05: Sensor read cycle complete
2026-05-01T18:37:53.567 [INFO    ] valve_05: System heartbeat OK
2026-05-01T18:37:53.817 [WARNING ] pump_01: Vibration spike detected: 77.5 Hz
2026-05-01T18:37:54.068 [INFO    ] compressor_03: Connection alive
2026-05-01T18:37:54.318 [INFO    ] pump_01: Sensor read cycle complete
2026-05-01T18:37:54.569 [INFO    ] motor_02: Temperature within normal range: 100.9°C
2026-05-01T18:37:54.820 [INFO    ] compressor_03: Temperature within normal range: 115.0°C
2026-05-01T18:37:55.073 [ERROR   ] motor_02: Sensor read FAILED — register 0x0003 timeout
2026-05-01T18:37:55.324 [CRITICAL] motor_02: EMERGENCY STOP triggered — safety interlock activated
2026-05-01T18:37:55.575 [ERROR   ] conveyor_04: Sensor read FAILED — register 0x0003 timeout
2026-05-01T18:37:55.825 [INFO    ] valve_05: Connection alive
2026-05-01T18:37:56.076 [WARNING ] conveyor_04: Vibration spike detected: 78.1 Hz
2026-05-01T18:37:56.327 [INFO    ] compressor_03: Sensor read cycle complete
2026-05-01T18:37:56.578 [INFO    ] motor_02: Connection alive
2026-05-01T18:37:56.829 [WARNING ] pump_01: Vibration spike detected: 105.3 Hz
2026-05-01T18:37:57.080 [INFO    ] valve_05: RPM stable at 48
2026-05-01T18:37:57.332 [ERROR   ] conveyor_04: Sensor read FAILED — register 0x0003 timeout
2026-05-01T18:37:57.583 [INFO    ] conveyor_04: System heartbeat OK
2026-05-01T18:37:57.833 [INFO    ] motor_02: System heartbeat OK
2026-05-01T18:37:58.084 [INFO    ] pump_01: Sensor read cycle complete
2026-05-01T18:37:58.335 [WARNING ] compressor_03: Buffer utilisation at 14%
2026-05-01T18:37:58.586 [INFO    ] valve_05: Temperature within normal range: 84.3°C
2026-05-01T18:37:58.837 [INFO    ] valve_05: Pressure normal: 77.66 bar
2026-05-01T18:37:59.088 [INFO    ] pump_01: Sensor read cycle complete
2026-05-01T18:37:59.339 [INFO    ] motor_02: Pressure normal: 86.58 bar
2026-05-01T18:37:59.590 [INFO    ] pump_01: Pressure normal: 14.47 bar
2026-05-01T18:37:59.841 [INFO    ] pump_01: Sensor read cycle complete
2026-05-01T18:38:00.091 [INFO    ] motor_02: Temperature within normal range: 71.9°C
2026-05-01T18:38:00.342 [WARNING ] compressor_03: Buffer utilisation at 11%
2026-05-01T18:38:00.593 [WARNING ] motor_02: Response latency high: 92ms
2026-05-01T18:38:00.846 [INFO    ] pump_01: System heartbeat OK
2026-05-01T18:38:01.098 [INFO    ] compressor_03: Sensor read cycle complete
2026-05-01T18:38:01.348 [INFO    ] motor_02: Connection alive
2026-05-01T18:38:01.599 [WARNING ] pump_01: Response latency high: 80ms
2026-05-01T18:38:01.850 [WARNING ] valve_05: Temperature elevated: 38.2°C — threshold 75°C
2026-05-01T18:38:02.101 [INFO    ] valve_05: Temperature within normal range: 25.3°C
2026-05-01T18:38:02.352 [INFO    ] compressor_03: Sensor read cycle complete
2026-05-01T18:38:02.604 [WARNING ] motor_02: Buffer utilisation at 64%
2026-05-01T18:38:02.855 [INFO    ] valve_05: RPM stable at 78
2026-05-01T18:38:03.105 [INFO    ] valve_05: System heartbeat OK
2026-05-01T18:38:03.356 [INFO    ] conveyor_04: Temperature within normal range: 12.5°C
2026-05-01T18:38:03.607 [ERROR   ] pump_01: Sensor read FAILED — register 0x0003 timeout
2026-05-01T18:38:03.858 [INFO    ] valve_05: Pressure normal: 47.05 bar
2026-05-01T18:38:04.109 [INFO    ] motor_02: Connection alive
2026-05-01T18:38:04.360 [WARNING ] compressor_03: Buffer utilisation at 31%
2026-05-01T18:38:04.613 [INFO    ] motor_02: RPM stable at 29
2026-05-01T18:38:04.864 [INFO    ] valve_05: Temperature within normal range: 82.9°C
2026-05-01T18:38:05.115 [INFO    ] motor_02: System heartbeat OK
2026-05-01T18:38:05.366 [WARNING ] motor_02: Response latency high: 52ms
2026-05-01T18:38:05.616 [ERROR   ] compressor_03: Sensor read FAILED — register 0x0003 timeout
2026-05-01T18:38:05.866 [WARNING ] valve_05: Temperature elevated: 30.6°C — threshold 75°C
2026-05-01T18:38:06.117 [WARNING ] valve_05: Buffer utilisation at 112%
2026-05-01T18:38:06.368 [INFO    ] compressor_03: Temperature within normal range: 28.5°C
2026-05-01T18:38:06.618 [INFO    ] conveyor_04: System heartbeat OK
2026-05-01T18:38:06.869 [WARNING ] valve_05: Response latency high: 51ms
2026-05-01T18:38:07.123 [INFO    ] pump_01: Connection alive
2026-05-01T18:38:07.375 [WARNING ] motor_02: Temperature elevated: 51.1°C — threshold 75°C
2026-05-01T18:38:07.626 [WARNING ] pump_01: Vibration spike detected: 18.4 Hz
2026-05-01T18:38:07.877 [INFO    ] valve_05: Pressure normal: 108.97 bar
2026-05-01T18:38:08.128 [INFO    ] pump_01: Temperature within normal range: 63.0°C
2026-05-01T18:38:08.379 [ERROR   ] valve_05: Over-temperature limit exceeded: 53.2°C
2026-05-01T18:38:08.630 [INFO    ] valve_05: Connection alive
2026-05-01T18:38:08.880 [INFO    ] conveyor_04: Temperature within normal range: 33.6°C
2026-05-01T18:38:09.131 [INFO    ] pump_01: Pressure normal: 69.07 bar
2026-05-01T18:38:09.382 [INFO    ] valve_05: Pressure normal: 60.56 bar
2026-05-01T18:38:09.633 [INFO    ] valve_05: Pressure normal: 104.13 bar
2026-05-01T18:38:09.883 [WARNING ] conveyor_04: Buffer utilisation at 102%
2026-05-01T18:38:10.134 [INFO    ] compressor_03: Sensor read cycle complete
2026-05-01T18:38:10.385 [WARNING ] compressor_03: Vibration spike detected: 85.9 Hz
2026-05-01T18:38:10.635 [INFO    ] motor_02: System heartbeat OK
2026-05-01T18:38:10.886 [ERROR   ] motor_02: Communication error: CRC mismatch
2026-05-01T18:38:11.137 [INFO    ] conveyor_04: RPM stable at 114
2026-05-01T18:38:11.388 [INFO    ] pump_01: Pressure normal: 92.40 bar
2026-05-01T18:38:11.638 [WARNING ] pump_01: Response latency high: 118ms
2026-05-01T18:38:11.890 [INFO    ] valve_05: RPM stable at 53
2026-05-01T18:38:12.141 [INFO    ] valve_05: Connection alive
2026-05-01T18:38:12.392 [INFO    ] valve_05: RPM stable at 48
2026-05-01T18:38:12.644 [INFO    ] compressor_03: System heartbeat OK
2026-05-01T18:38:12.895 [ERROR   ] compressor_03: Over-temperature limit exceeded: 23.4°C
2026-05-01T18:38:13.145 [INFO    ] motor_02: Connection alive
2026-05-01T18:38:13.396 [INFO    ] compressor_03: Temperature within normal range: 61.5°C
2026-05-01T18:38:13.646 [CRITICAL] pump_01: Catastrophic vibration: 12.1 Hz — shutting down
2026-05-01T18:38:13.897 [INFO    ] motor_02: RPM stable at 84
2026-05-01T18:38:14.148 [INFO    ] compressor_03: Connection alive
2026-05-01T18:38:14.398 [INFO    ] compressor_03: RPM stable at 100
2026-05-01T18:38:14.649 [ERROR   ] conveyor_04: Motor stall detected — RPM dropped to 117
2026-05-01T18:38:14.899 [ERROR   ] compressor_03: Communication error: CRC mismatch
2026-05-01T18:38:15.150 [INFO    ] motor_02: Sensor read cycle complete
2026-05-01T18:38:15.401 [ERROR   ] valve_05: Communication error: CRC mismatch
2026-05-01T18:38:15.651 [CRITICAL] valve_05: EMERGENCY STOP triggered — safety interlock activated
2026-05-01T18:38:15.902 [INFO    ] pump_01: Connection alive
2026-05-01T18:38:16.152 [INFO    ] pump_01: RPM stable at 18
2026-05-01T18:38:16.403 [WARNING ] valve_05: Response latency high: 73ms
2026-05-01T18:38:16.654 [ERROR   ] conveyor_04: Sensor read FAILED — register 0x0003 timeout
2026-05-01T18:38:16.904 [INFO    ] conveyor_04: System heartbeat OK
2026-05-01T18:38:17.155 [CRITICAL] conveyor_04: Catastrophic vibration: 63.3 Hz — shutting down
2026-05-01T18:38:17.406 [INFO    ] valve_05: Pressure normal: 16.08 bar
2026-05-01T18:38:17.656 [INFO    ] compressor_03: Temperature within normal range: 98.6°C
2026-05-01T18:38:17.907 [INFO    ] pump_01: RPM stable at 33
2026-05-01T18:38:18.157 [INFO    ] conveyor_04: Sensor read cycle complete
2026-05-01T18:38:18.408 [INFO    ] valve_05: Temperature within normal range: 110.1°C
2026-05-01T18:38:18.659 [INFO    ] compressor_03: Temperature within normal range: 72.1°C
2026-05-01T18:38:18.909 [ERROR   ] motor_02: Sensor read FAILED — register 0x0003 timeout
2026-05-01T18:38:19.160 [INFO    ] pump_01: System heartbeat OK
2026-05-01T18:38:19.410 [WARNING ] compressor_03: Buffer utilisation at 47%
2026-05-01T18:38:19.661 [CRITICAL] motor_02: Catastrophic vibration: 61.0 Hz — shutting down
2026-05-01T18:38:19.912 [INFO    ] motor_02: Pressure normal: 100.15 bar
2026-05-01T18:38:20.162 [INFO    ] compressor_03: Sensor read cycle complete
2026-05-01T18:38:20.413 [INFO    ] conveyor_04: Temperature within normal range: 83.1°C
2026-05-01T18:38:20.664 [CRITICAL] conveyor_04: Catastrophic vibration: 96.1 Hz — shutting down
2026-05-01T18:38:20.914 [INFO    ] conveyor_04: RPM stable at 86
2026-05-01T18:38:21.165 [ERROR   ] valve_05: Over-temperature limit exceeded: 97.0°C
2026-05-01T18:38:21.416 [CRITICAL] valve_05: Catastrophic vibration: 88.2 Hz — shutting down
2026-05-01T18:38:21.671 [INFO    ] conveyor_04: Temperature within normal range: 42.8°C
2026-05-01T18:38:21.924 [CRITICAL] conveyor_04: Power supply failure detected
2026-05-01T18:38:22.174 [INFO    ] compressor_03: Temperature within normal range: 113.3°C
2026-05-01T18:38:22.426 [WARNING ] compressor_03: Retry attempt 114 for register 0x0002
2026-05-01T18:38:22.677 [INFO    ] pump_01: Pressure normal: 27.41 bar
2026-05-01T18:38:22.928 [ERROR   ] pump_01: Over-temperature limit exceeded: 64.8°C
2026-05-01T18:38:23.179 [INFO    ] pump_01: System heartbeat OK
2026-05-01T18:38:23.429 [INFO    ] valve_05: RPM stable at 36
2026-05-01T18:38:23.681 [INFO    ] compressor_03: RPM stable at 115
2026-05-01T18:38:23.932 [WARNING ] motor_02: Retry attempt 48 for register 0x0002
2026-05-01T18:38:24.182 [INFO    ] conveyor_04: Temperature within normal range: 16.9°C
2026-05-01T18:38:24.434 [WARNING ] valve_05: Vibration spike detected: 27.8 Hz
2026-05-01T18:38:24.693 [CRITICAL] pump_01: EMERGENCY STOP triggered — safety interlock activated
2026-05-01T18:38:24.944 [INFO    ] compressor_03: Connection alive
2026-05-01T18:38:25.200 [WARNING ] conveyor_04: Vibration spike detected: 97.7 Hz
2026-05-01T18:38:25.451 [WARNING ] motor_02: Retry attempt 86 for register 0x0002
2026-05-01T18:38:25.702 [INFO    ] valve_05: System heartbeat OK
2026-05-01T18:38:25.953 [WARNING ] valve_05: Vibration spike detected: 41.3 Hz
2026-05-01T18:38:26.203 [ERROR   ] valve_05: Sensor read FAILED — register 0x0003 timeout
2026-05-01T18:38:26.454 [INFO    ] compressor_03: RPM stable at 22
2026-05-01T18:38:26.705 [INFO    ] motor_02: Connection alive
2026-05-01T18:38:26.955 [WARNING ] pump_01: Response latency high: 100ms
2026-05-01T18:38:27.206 [INFO    ] motor_02: Temperature within normal range: 30.2°C
2026-05-01T18:38:27.457 [CRITICAL] motor_02: Power supply failure detected
2026-05-01T18:38:27.708 [WARNING ] motor_02: Retry attempt 55 for register 0x0002
2026-05-01T18:38:27.959 [INFO    ] valve_05: System heartbeat OK
2026-05-01T18:38:28.210 [CRITICAL] conveyor_04: Catastrophic vibration: 64.3 Hz — shutting down
2026-05-01T18:38:28.461 [CRITICAL] motor_02: Power supply failure detected
2026-05-01T18:38:28.711 [CRITICAL] compressor_03: Catastrophic vibration: 47.2 Hz — shutting down
2026-05-01T18:38:28.962 [INFO    ] pump_01: Temperature within normal range: 36.2°C
2026-05-01T18:38:29.213 [INFO    ] motor_02: Pressure normal: 49.46 bar
2026-05-01T18:38:29.465 [WARNING ] compressor_03: Buffer utilisation at 30%
2026-05-01T18:38:29.715 [ERROR   ] conveyor_04: Motor stall detected — RPM dropped to 47
2026-05-01T18:38:29.967 [INFO    ] motor_02: Pressure normal: 63.11 bar
2026-05-01T18:38:30.220 [INFO    ] conveyor_04: RPM stable at 21
2026-05-01T18:38:30.472 [INFO    ] compressor_03: System heartbeat OK
2026-05-01T18:38:30.723 [CRITICAL] motor_02: Catastrophic vibration: 49.4 Hz — shutting down
2026-05-01T18:38:30.973 [INFO    ] compressor_03: Sensor read cycle complete
2026-05-01T18:38:31.224 [ERROR   ] conveyor_04: Sensor read FAILED — register 0x0003 timeout
2026-05-01T18:38:31.477 [CRITICAL] valve_05: Power supply failure detected
2026-05-01T18:38:31.727 [INFO    ] valve_05: Sensor read cycle complete
2026-05-01T18:38:31.978 [INFO    ] compressor_03: Temperature within normal range: 88.9°C
2026-05-01T18:38:32.229 [INFO    ] conveyor_04: Temperature within normal range: 94.0°C
2026-05-01T18:38:32.481 [INFO    ] compressor_03: Temperature within normal range: 40.2°C
2026-05-01T18:38:32.732 [INFO    ] pump_01: Temperature within normal range: 45.8°C
2026-05-01T18:38:32.982 [INFO    ] conveyor_04: RPM stable at 75
2026-05-01T18:38:33.234 [WARNING ] compressor_03: Retry attempt 114 for register 0x0002
2026-05-01T18:38:33.488 [WARNING ] conveyor_04: Retry attempt 116 for register 0x0002
2026-05-01T18:38:33.739 [INFO    ] compressor_03: System heartbeat OK
2026-05-01T18:38:33.991 [WARNING ] conveyor_04: Vibration spike detected: 24.5 Hz
2026-05-01T18:38:34.243 [INFO    ] motor_02: Connection alive
2026-05-01T18:38:34.494 [INFO    ] conveyor_04: Temperature within normal range: 36.9°C
2026-05-01T18:38:34.745 [WARNING ] pump_01: Response latency high: 102ms
2026-05-01T18:38:35.001 [INFO    ] conveyor_04: RPM stable at 16
2026-05-01T18:38:35.252 [CRITICAL] compressor_03: EMERGENCY STOP triggered — safety interlock activated
2026-05-01T18:38:35.503 [CRITICAL] compressor_03: Catastrophic vibration: 105.4 Hz — shutting down
2026-05-01T18:38:35.754 [ERROR   ] compressor_03: Over-temperature limit exceeded: 55.2°C
2026-05-01T18:38:36.005 [INFO    ] pump_01: Temperature within normal range: 116.9°C
2026-05-01T18:38:36.256 [INFO    ] valve_05: Temperature within normal range: 114.3°C
2026-05-01T18:38:36.507 [INFO    ] pump_01: Connection alive
2026-05-01T18:38:36.761 [ERROR   ] pump_01: Communication error: CRC mismatch
2026-05-01T18:38:37.013 [INFO    ] compressor_03: Connection alive
2026-05-01T18:38:37.264 [INFO    ] pump_01: RPM stable at 57
2026-05-01T18:38:37.515 [ERROR   ] compressor_03: Motor stall detected — RPM dropped to 34
2026-05-01T18:38:37.766 [CRITICAL] compressor_03: Catastrophic vibration: 15.5 Hz — shutting down
2026-05-01T18:38:38.019 [WARNING ] pump_01: Response latency high: 120ms
2026-05-01T18:38:38.269 [INFO    ] conveyor_04: Pressure normal: 93.47 bar
2026-05-01T18:38:38.524 [ERROR   ] conveyor_04: Communication error: CRC mismatch
2026-05-01T18:38:38.775 [INFO    ] pump_01: System heartbeat OK
2026-05-01T18:38:39.025 [WARNING ] pump_01: Buffer utilisation at 106%
2026-05-01T18:38:39.276 [WARNING ] motor_02: Temperature elevated: 64.1°C — threshold 75°C
2026-05-01T18:38:39.526 [INFO    ] pump_01: Sensor read cycle complete
2026-05-01T18:38:39.777 [WARNING ] pump_01: Response latency high: 76ms
2026-05-01T18:38:40.028 [ERROR   ] pump_01: Over-temperature limit exceeded: 112.7°C
2026-05-01T18:38:40.278 [INFO    ] motor_02: Connection alive
2026-05-01T18:38:40.529 [INFO    ] compressor_03: RPM stable at 115
2026-05-01T18:38:40.779 [WARNING ] compressor_03: Retry attempt 101 for register 0x0002
2026-05-01T18:38:41.030 [INFO    ] pump_01: Temperature within normal range: 98.2°C
2026-05-01T18:38:41.281 [WARNING ] compressor_03: Temperature elevated: 49.9°C — threshold 75°C
2026-05-01T18:38:41.532 [CRITICAL] conveyor_04: EMERGENCY STOP triggered — safety interlock activated
2026-05-01T18:38:41.783 [CRITICAL] valve_05: EMERGENCY STOP triggered — safety interlock activated
2026-05-01T18:38:42.034 [INFO    ] motor_02: System heartbeat OK
2026-05-01T18:38:42.287 [INFO    ] compressor_03: Connection alive
2026-05-01T18:38:42.537 [WARNING ] motor_02: Buffer utilisation at 17%
2026-05-01T18:38:42.788 [WARNING ] motor_02: Buffer utilisation at 28%
2026-05-01T18:38:43.038 [INFO    ] pump_01: System heartbeat OK
2026-05-01T18:38:43.289 [INFO    ] motor_02: Connection alive
2026-05-01T18:38:43.540 [INFO    ] compressor_03: Pressure normal: 34.81 bar
2026-05-01T18:38:43.791 [INFO    ] pump_01: Temperature within normal range: 53.2°C
2026-05-01T18:38:44.045 [ERROR   ] valve_05: Motor stall detected — RPM dropped to 78
2026-05-01T18:38:44.297 [INFO    ] compressor_03: Pressure normal: 81.62 bar
2026-05-01T18:38:44.551 [INFO    ] compressor_03: System heartbeat OK
2026-05-01T18:38:44.808 [WARNING ] motor_02: Retry attempt 79 for register 0x0002
2026-05-01T18:38:45.060 [ERROR   ] motor_02: Sensor read FAILED — register 0x0003 timeout
2026-05-01T18:38:45.310 [WARNING ] valve_05: Vibration spike detected: 91.9 Hz
2026-05-01T18:38:45.563 [WARNING ] pump_01: Vibration spike detected: 83.9 Hz
2026-05-01T18:38:45.813 [INFO    ] valve_05: System heartbeat OK
2026-05-01T18:38:46.065 [WARNING ] pump_01: Response latency high: 24ms
2026-05-01T18:38:46.317 [WARNING ] valve_05: Response latency high: 58ms
2026-05-01T18:38:46.568 [INFO    ] conveyor_04: RPM stable at 44
2026-05-01T18:38:46.819 [ERROR   ] compressor_03: Over-temperature limit exceeded: 97.8°C
2026-05-01T18:38:47.069 [WARNING ] valve_05: Temperature elevated: 58.1°C — threshold 75°C
2026-05-01T18:38:47.320 [ERROR   ] compressor_03: Communication error: CRC mismatch
2026-05-01T18:38:47.570 [INFO    ] motor_02: RPM stable at 107
2026-05-01T18:38:47.821 [INFO    ] valve_05: Temperature within normal range: 22.6°C
2026-05-01T18:38:48.072 [WARNING ] conveyor_04: Vibration spike detected: 78.8 Hz
2026-05-01T18:38:48.323 [INFO    ] conveyor_04: Pressure normal: 44.78 bar
2026-05-01T18:38:48.575 [INFO    ] conveyor_04: Connection alive
2026-05-01T18:38:48.826 [INFO    ] motor_02: Pressure normal: 64.67 bar
2026-05-01T18:38:49.077 [INFO    ] conveyor_04: Temperature within normal range: 115.9°C
2026-05-01T18:38:49.328 [INFO    ] pump_01: Sensor read cycle complete
2026-05-01T18:38:49.578 [WARNING ] compressor_03: Temperature elevated: 69.2°C — threshold 75°C
2026-05-01T18:38:49.829 [ERROR   ] motor_02: Motor stall detected — RPM dropped to 72
2026-05-01T18:38:50.080 [WARNING ] pump_01: Vibration spike detected: 15.7 Hz
2026-05-01T18:38:50.330 [INFO    ] motor_02: Connection alive
2026-05-01T18:38:50.581 [INFO    ] compressor_03: Pressure normal: 93.83 bar
2026-05-01T18:38:50.832 [INFO    ] compressor_03: RPM stable at 94
2026-05-01T18:38:51.082 [CRITICAL] valve_05: Power supply failure detected
2026-05-01T18:38:51.334 [INFO    ] motor_02: Pressure normal: 15.14 bar
2026-05-01T18:38:51.584 [INFO    ] valve_05: Connection alive
2026-05-01T18:38:51.835 [INFO    ] valve_05: RPM stable at 36
2026-05-01T18:38:52.086 [INFO    ] compressor_03: Connection alive
2026-05-01T18:38:52.337 [WARNING ] pump_01: Response latency high: 115ms
2026-05-01T18:38:52.591 [WARNING ] pump_01: Vibration spike detected: 112.7 Hz
2026-05-01T18:38:52.843 [ERROR   ] motor_02: Over-temperature limit exceeded: 97.9°C
2026-05-01T18:38:53.094 [ERROR   ] compressor_03: Sensor read FAILED — register 0x0003 timeout
2026-05-01T18:38:53.345 [INFO    ] valve_05: Connection alive
2026-05-01T18:38:53.595 [INFO    ] pump_01: System heartbeat OK
2026-05-01T18:38:53.847 [ERROR   ] pump_01: Sensor read FAILED — register 0x0003 timeout
2026-05-01T18:38:54.099 [INFO    ] valve_05: System heartbeat OK
2026-05-01T18:38:54.349 [INFO    ] pump_01: Temperature within normal range: 97.5°C
2026-05-01T18:38:54.600 [INFO    ] compressor_03: Connection alive
2026-05-01T18:38:54.850 [INFO    ] pump_01: Connection alive
2026-05-01T18:38:55.101 [CRITICAL] valve_05: Catastrophic vibration: 111.1 Hz — shutting down
2026-05-01T18:38:55.352 [INFO    ] conveyor_04: RPM stable at 54
2026-05-01T18:38:55.603 [INFO    ] pump_01: RPM stable at 11
2026-05-01T18:38:55.853 [INFO    ] pump_01: Temperature within normal range: 93.3°C
2026-05-01T18:38:56.105 [INFO    ] pump_01: System heartbeat OK
2026-05-01T18:38:56.355 [WARNING ] valve_05: Buffer utilisation at 85%
2026-05-01T18:38:56.606 [WARNING ] motor_02: Buffer utilisation at 46%
2026-05-01T18:38:56.857 [WARNING ] motor_02: Vibration spike detected: 18.9 Hz
2026-05-01T18:38:57.110 [INFO    ] motor_02: Pressure normal: 29.18 bar
2026-05-01T18:38:57.362 [INFO    ] motor_02: Sensor read cycle complete
2026-05-01T18:38:57.612 [WARNING ] motor_02: Vibration spike detected: 43.4 Hz
2026-05-01T18:38:57.863 [WARNING ] compressor_03: Buffer utilisation at 101%
2026-05-01T18:38:58.114 [INFO    ] motor_02: Sensor read cycle complete
2026-05-01T18:38:58.365 [ERROR   ] motor_02: Communication error: CRC mismatch
2026-05-01T18:38:58.616 [INFO    ] compressor_03: RPM stable at 58
2026-05-01T18:38:58.867 [WARNING ] conveyor_04: Buffer utilisation at 35%
2026-05-01T18:38:59.118 [INFO    ] conveyor_04: System heartbeat OK
2026-05-01T18:38:59.368 [ERROR   ] motor_02: Motor stall detected — RPM dropped to 109
2026-05-01T18:38:59.619 [INFO    ] pump_01: RPM stable at 90
2026-05-01T18:38:59.871 [INFO    ] motor_02: RPM stable at 58
2026-05-01T18:39:00.122 [WARNING ] valve_05: Temperature elevated: 21.9°C — threshold 75°C
2026-05-01T18:39:00.373 [INFO    ] valve_05: RPM stable at 76
2026-05-01T18:39:00.624 [WARNING ] motor_02: Vibration spike detected: 25.4 Hz
2026-05-01T18:39:00.875 [INFO    ] motor_02: Temperature within normal range: 31.9°C
2026-05-01T18:39:01.126 [INFO    ] compressor_03: Sensor read cycle complete
2026-05-01T18:39:01.377 [WARNING ] compressor_03: Retry attempt 10 for register 0x0002
2026-05-01T18:39:01.627 [INFO    ] pump_01: Sensor read cycle complete
2026-05-01T18:39:01.878 [WARNING ] valve_05: Retry attempt 32 for register 0x0002
2026-05-01T18:39:02.129 [WARNING ] conveyor_04: Temperature elevated: 43.7°C — threshold 75°C
2026-05-01T18:39:02.380 [WARNING ] compressor_03: Response latency high: 46ms
2026-05-01T18:39:02.630 [WARNING ] valve_05: Vibration spike detected: 50.0 Hz
2026-05-01T18:39:02.887 [INFO    ] compressor_03: System heartbeat OK
2026-05-01T18:39:03.138 [INFO    ] pump_01: Pressure normal: 37.35 bar
2026-05-01T18:39:03.388 [CRITICAL] pump_01: Catastrophic vibration: 79.8 Hz — shutting down
2026-05-01T18:39:03.639 [INFO    ] compressor_03: Connection alive
2026-05-01T18:39:03.890 [WARNING ] pump_01: Vibration spike detected: 93.5 Hz
2026-05-01T18:39:04.141 [WARNING ] valve_05: Retry attempt 59 for register 0x0002
2026-05-01T18:39:04.392 [INFO    ] valve_05: Temperature within normal range: 56.5°C
2026-05-01T18:39:04.644 [INFO    ] conveyor_04: Sensor read cycle complete
2026-05-01T18:39:04.895 [WARNING ] conveyor_04: Vibration spike detected: 46.3 Hz
2026-05-01T18:39:05.146 [INFO    ] pump_01: System heartbeat OK
2026-05-01T18:39:05.400 [INFO    ] pump_01: RPM stable at 98
2026-05-01T18:39:05.651 [WARNING ] motor_02: Response latency high: 95ms
2026-05-01T18:39:05.902 [WARNING ] motor_02: Response latency high: 43ms
2026-05-01T18:39:06.153 [INFO    ] pump_01: Sensor read cycle complete
2026-05-01T18:39:06.404 [INFO    ] pump_01: System heartbeat OK
2026-05-01T18:39:06.654 [ERROR   ] motor_02: Motor stall detected — RPM dropped to 35
2026-05-01T18:39:06.905 [WARNING ] pump_01: Retry attempt 80 for register 0x0002
2026-05-01T18:39:07.156 [WARNING ] valve_05: Response latency high: 65ms
2026-05-01T18:39:07.406 [WARNING ] motor_02: Retry attempt 101 for register 0x0002
2026-05-01T18:39:07.657 [WARNING ] valve_05: Retry attempt 81 for register 0x0002
2026-05-01T18:39:07.908 [WARNING ] valve_05: Temperature elevated: 34.5°C — threshold 75°C
2026-05-01T18:39:08.158 [INFO    ] compressor_03: System heartbeat OK
2026-05-01T18:39:08.409 [INFO    ] conveyor_04: RPM stable at 98
2026-05-01T18:39:08.659 [ERROR   ] pump_01: Over-temperature limit exceeded: 29.5°C
2026-05-01T18:39:08.910 [WARNING ] conveyor_04: Retry attempt 106 for register 0x0002
2026-05-01T18:39:09.162 [INFO    ] compressor_03: System heartbeat OK
2026-05-01T18:39:09.413 [ERROR   ] compressor_03: Over-temperature limit exceeded: 81.6°C
2026-05-01T18:39:09.663 [INFO    ] valve_05: Sensor read cycle complete
2026-05-01T18:39:09.914 [WARNING ] valve_05: Response latency high: 63ms
2026-05-01T18:39:10.166 [ERROR   ] conveyor_04: Sensor read FAILED — register 0x0003 timeout
2026-05-01T18:39:10.416 [INFO    ] valve_05: Temperature within normal range: 54.4°C
2026-05-01T18:39:10.667 [WARNING ] motor_02: Temperature elevated: 31.0°C — threshold 75°C
2026-05-01T18:39:10.923 [INFO    ] conveyor_04: Sensor read cycle complete
2026-05-01T18:39:11.174 [WARNING ] valve_05: Retry attempt 79 for register 0x0002
2026-05-01T18:39:11.425 [INFO    ] valve_05: Temperature within normal range: 28.6°C
2026-05-01T18:39:11.675 [WARNING ] pump_01: Vibration spike detected: 110.2 Hz
2026-05-01T18:39:11.926 [CRITICAL] compressor_03: Catastrophic vibration: 58.8 Hz — shutting down
2026-05-01T18:39:12.181 [WARNING ] compressor_03: Response latency high: 45ms
2026-05-01T18:39:12.432 [WARNING ] valve_05: Retry attempt 33 for register 0x0002
2026-05-01T18:39:12.683 [WARNING ] valve_05: Buffer utilisation at 33%
2026-05-01T18:39:12.938 [INFO    ] motor_02: RPM stable at 76
2026-05-01T18:39:13.190 [WARNING ] motor_02: Response latency high: 64ms
2026-05-01T18:39:13.441 [INFO    ] conveyor_04: System heartbeat OK
2026-05-01T18:39:13.693 [INFO    ] motor_02: System heartbeat OK
2026-05-01T18:39:13.943 [ERROR   ] valve_05: Sensor read FAILED — register 0x0003 timeout
2026-05-01T18:39:14.194 [ERROR   ] valve_05: Over-temperature limit exceeded: 37.0°C
2026-05-01T18:39:14.446 [WARNING ] pump_01: Vibration spike detected: 66.8 Hz
2026-05-01T18:39:14.697 [INFO    ] compressor_03: Pressure normal: 60.12 bar
2026-05-01T18:39:14.948 [INFO    ] compressor_03: System heartbeat OK
2026-05-01T18:39:15.199 [INFO    ] motor_02: System heartbeat OK
2026-05-01T18:39:15.450 [INFO    ] compressor_03: RPM stable at 22
2026-05-01T18:39:15.713 [WARNING ] conveyor_04: Buffer utilisation at 78%
2026-05-01T18:39:15.971 [INFO    ] pump_01: Connection alive
2026-05-01T18:39:16.226 [ERROR   ] compressor_03: Communication error: CRC mismatch
2026-05-01T18:39:16.479 [WARNING ] conveyor_04: Buffer utilisation at 56%
2026-05-01T18:39:16.730 [WARNING ] valve_05: Buffer utilisation at 33%
2026-05-01T18:39:16.982 [WARNING ] conveyor_04: Temperature elevated: 49.5°C — threshold 75°C
2026-05-01T18:39:17.232 [INFO    ] conveyor_04: Pressure normal: 67.53 bar
2026-05-01T18:39:17.483 [INFO    ] pump_01: Pressure normal: 64.93 bar
2026-05-01T18:39:17.736 [INFO    ] pump_01: Connection alive
2026-05-01T18:39:17.990 [WARNING ] motor_02: Vibration spike detected: 61.6 Hz
2026-05-01T18:39:18.244 [WARNING ] compressor_03: Vibration spike detected: 109.0 Hz
2026-05-01T18:39:18.495 [CRITICAL] compressor_03: Catastrophic vibration: 58.7 Hz — shutting down
2026-05-01T18:39:18.746 [WARNING ] pump_01: Buffer utilisation at 14%
2026-05-01T18:39:18.998 [WARNING ] motor_02: Retry attempt 91 for register 0x0002
2026-05-01T18:39:19.249 [ERROR   ] motor_02: Motor stall detected — RPM dropped to 77
2026-05-01T18:39:19.499 [INFO    ] compressor_03: RPM stable at 109
2026-05-01T18:39:19.750 [ERROR   ] valve_05: Over-temperature limit exceeded: 111.0°C
2026-05-01T18:39:20.004 [WARNING ] conveyor_04: Response latency high: 69ms
2026-05-01T18:39:20.254 [WARNING ] conveyor_04: Buffer utilisation at 88%
2026-05-01T18:39:20.505 [INFO    ] pump_01: Sensor read cycle complete
2026-05-01T18:39:20.756 [INFO    ] conveyor_04: Sensor read cycle complete
2026-05-01T18:39:21.006 [INFO    ] valve_05: System heartbeat OK
2026-05-01T18:39:21.257 [ERROR   ] motor_02: Communication error: CRC mismatch
2026-05-01T18:39:21.508 [INFO    ] conveyor_04: Connection alive
2026-05-01T18:39:21.759 [INFO    ] motor_02: Sensor read cycle complete
2026-05-01T18:39:22.009 [ERROR   ] conveyor_04: Communication error: CRC mismatch
2026-05-01T18:39:22.260 [INFO    ] valve_05: Sensor read cycle complete
2026-05-01T18:39:22.510 [INFO    ] valve_05: System heartbeat OK
2026-05-01T18:39:22.761 [INFO    ] compressor_03: System heartbeat OK
2026-05-01T18:39:23.012 [INFO    ] motor_02: System heartbeat OK
2026-05-01T18:39:23.262 [WARNING ] compressor_03: Response latency high: 57ms
2026-05-01T18:39:23.513 [INFO    ] motor_02: System heartbeat OK
2026-05-01T18:39:23.764 [CRITICAL] motor_02: Power supply failure detected
2026-05-01T18:39:24.014 [WARNING ] compressor_03: Response latency high: 117ms
2026-05-01T18:39:24.265 [WARNING ] compressor_03: Response latency high: 33ms
2026-05-01T18:39:24.516 [WARNING ] valve_05: Temperature elevated: 44.3°C — threshold 75°C
2026-05-01T18:39:24.767 [INFO    ] pump_01: System heartbeat OK
2026-05-01T18:39:25.017 [WARNING ] conveyor_04: Retry attempt 103 for register 0x0002
2026-05-01T18:39:25.268 [INFO    ] conveyor_04: System heartbeat OK
2026-05-01T18:39:25.519 [INFO    ] compressor_03: Pressure normal: 44.47 bar
2026-05-01T18:39:25.770 [ERROR   ] valve_05: Sensor read FAILED — register 0x0003 timeout
2026-05-01T18:39:26.020 [WARNING ] valve_05: Temperature elevated: 32.3°C — threshold 75°C
2026-05-01T18:39:26.271 [INFO    ] pump_01: Pressure normal: 35.15 bar
2026-05-01T18:39:26.522 [INFO    ] compressor_03: Sensor read cycle complete
2026-05-01T18:39:26.772 [WARNING ] valve_05: Response latency high: 104ms
2026-05-01T18:39:27.023 [INFO    ] valve_05: Temperature within normal range: 23.8°C
2026-05-01T18:39:27.275 [INFO    ] pump_01: RPM stable at 107
2026-05-01T18:39:27.526 [ERROR   ] valve_05: Sensor read FAILED — register 0x0003 timeout
2026-05-01T18:39:27.778 [WARNING ] motor_02: Temperature elevated: 70.2°C — threshold 75°C
2026-05-01T18:39:28.029 [INFO    ] valve_05: Pressure normal: 27.57 bar
2026-05-01T18:39:28.280 [INFO    ] pump_01: Pressure normal: 16.25 bar
2026-05-01T18:39:28.530 [WARNING ] compressor_03: Buffer utilisation at 100%
2026-05-01T18:39:28.782 [WARNING ] valve_05: Temperature elevated: 41.8°C — threshold 75°C
2026-05-01T18:39:29.033 [WARNING ] pump_01: Retry attempt 97 for register 0x0002
2026-05-01T18:39:29.284 [INFO    ] compressor_03: Connection alive
2026-05-01T18:39:29.535 [INFO    ] conveyor_04: RPM stable at 97
2026-05-01T18:39:29.786 [INFO    ] pump_01: Sensor read cycle complete
2026-05-01T18:39:30.036 [ERROR   ] valve_05: Communication error: CRC mismatch
2026-05-01T18:39:30.287 [CRITICAL] motor_02: Power supply failure detected
2026-05-01T18:39:30.538 [INFO    ] conveyor_04: RPM stable at 107
2026-05-01T18:39:30.790 [INFO    ] pump_01: Temperature within normal range: 69.3°C
2026-05-01T18:39:31.041 [WARNING ] conveyor_04: Retry attempt 106 for register 0x0002
2026-05-01T18:39:31.293 [INFO    ] conveyor_04: System heartbeat OK
2026-05-01T18:39:31.544 [INFO    ] motor_02: Connection alive
2026-05-01T18:39:31.795 [CRITICAL] valve_05: Power supply failure detected
2026-05-01T18:39:32.046 [INFO    ] compressor_03: Pressure normal: 24.00 bar
2026-05-01T18:39:32.296 [WARNING ] pump_01: Response latency high: 105ms
2026-05-01T18:39:32.547 [INFO    ] pump_01: Connection alive
2026-05-01T18:39:32.798 [WARNING ] valve_05: Buffer utilisation at 33%
2026-05-01T18:39:33.055 [ERROR   ] valve_05: Motor stall detected — RPM dropped to 90
2026-05-01T18:39:33.314 [CRITICAL] valve_05: EMERGENCY STOP triggered — safety interlock activated
2026-05-01T18:39:33.580 [INFO    ] pump_01: Temperature within normal range: 40.7°C
2026-05-01T18:39:33.831 [INFO    ] valve_05: Temperature within normal range: 90.2°C
2026-05-01T18:39:34.081 [WARNING ] valve_05: Buffer utilisation at 34%
2026-05-01T18:39:34.332 [INFO    ] motor_02: System heartbeat OK
2026-05-01T18:39:34.583 [INFO    ] valve_05: Sensor read cycle complete
2026-05-01T18:39:34.834 [INFO    ] pump_01: RPM stable at 85
2026-05-01T18:39:35.089 [INFO    ] compressor_03: Sensor read cycle complete
2026-05-01T18:39:35.339 [INFO    ] motor_02: RPM stable at 47
2026-05-01T18:39:35.590 [INFO    ] valve_05: System heartbeat OK
2026-05-01T18:39:35.841 [CRITICAL] pump_01: Catastrophic vibration: 100.1 Hz — shutting down
2026-05-01T18:39:36.094 [WARNING ] motor_02: Retry attempt 56 for register 0x0002
2026-05-01T18:39:36.346 [WARNING ] valve_05: Retry attempt 106 for register 0x0002
2026-05-01T18:39:36.597 [CRITICAL] valve_05: Catastrophic vibration: 78.3 Hz — shutting down
2026-05-01T18:39:36.848 [INFO    ] compressor_03: Connection alive
2026-05-01T18:39:37.098 [INFO    ] compressor_03: System heartbeat OK
2026-05-01T18:39:37.350 [INFO    ] valve_05: Temperature within normal range: 94.7°C
2026-05-01T18:39:37.601 [INFO    ] conveyor_04: Pressure normal: 92.02 bar
2026-05-01T18:39:37.851 [INFO    ] compressor_03: Sensor read cycle complete
2026-05-01T18:39:38.103 [INFO    ] valve_05: Sensor read cycle complete
2026-05-01T18:39:38.357 [WARNING ] pump_01: Retry attempt 88 for register 0x0002
2026-05-01T18:39:38.607 [ERROR   ] motor_02: Communication error: CRC mismatch
2026-05-01T18:39:38.857 [ERROR   ] conveyor_04: Sensor read FAILED — register 0x0003 timeout
2026-05-01T18:39:39.110 [INFO    ] compressor_03: Pressure normal: 72.41 bar
2026-05-01T18:39:39.361 [CRITICAL] valve_05: Power supply failure detected
2026-05-01T18:39:39.612 [INFO    ] conveyor_04: System heartbeat OK
2026-05-01T18:39:39.863 [INFO    ] compressor_03: RPM stable at 43
2026-05-01T18:39:40.113 [INFO    ] conveyor_04: Sensor read cycle complete
2026-05-01T18:39:40.364 [INFO    ] pump_01: Temperature within normal range: 55.2°C
2026-05-01T18:39:40.615 [CRITICAL] pump_01: Power supply failure detected
2026-05-01T18:39:40.865 [INFO    ] motor_02: Sensor read cycle complete
2026-05-01T18:39:41.118 [WARNING ] pump_01: Buffer utilisation at 27%
2026-05-01T18:39:41.370 [WARNING ] compressor_03: Vibration spike detected: 113.9 Hz
2026-05-01T18:39:41.621 [INFO    ] motor_02: Temperature within normal range: 14.3°C
2026-05-01T18:39:41.871 [INFO    ] motor_02: Temperature within normal range: 57.7°C
2026-05-01T18:39:42.122 [WARNING ] conveyor_04: Response latency high: 106ms
2026-05-01T18:39:42.372 [INFO    ] compressor_03: RPM stable at 114
2026-05-01T18:39:42.622 [INFO    ] pump_01: Connection alive
2026-05-01T18:39:42.873 [WARNING ] motor_02: Response latency high: 98ms
2026-05-01T18:39:43.124 [INFO    ] pump_01: System heartbeat OK
2026-05-01T18:39:43.375 [ERROR   ] valve_05: Communication error: CRC mismatch
2026-05-01T18:39:43.627 [CRITICAL] valve_05: EMERGENCY STOP triggered — safety interlock activated
2026-05-01T18:39:43.878 [INFO    ] conveyor_04: Pressure normal: 37.99 bar
2026-05-01T18:39:44.129 [INFO    ] valve_05: Connection alive
2026-05-01T18:39:44.379 [INFO    ] compressor_03: Temperature within normal range: 94.1°C
2026-05-01T18:39:44.630 [CRITICAL] valve_05: Power supply failure detected
2026-05-01T18:39:44.881 [INFO    ] motor_02: System heartbeat OK
2026-05-01T18:39:45.131 [INFO    ] conveyor_04: Pressure normal: 107.22 bar
2026-05-01T18:39:45.382 [INFO    ] motor_02: Sensor read cycle complete
2026-05-01T18:39:45.633 [INFO    ] pump_01: Pressure normal: 73.57 bar
2026-05-01T18:39:45.884 [INFO    ] conveyor_04: System heartbeat OK
2026-05-01T18:39:46.135 [ERROR   ] pump_01: Communication error: CRC mismatch
2026-05-01T18:39:46.385 [INFO    ] motor_02: Temperature within normal range: 78.9°C
2026-05-01T18:39:46.636 [INFO    ] pump_01: Connection alive
2026-05-01T18:39:46.887 [WARNING ] pump_01: Buffer utilisation at 38%
2026-05-01T18:39:47.138 [INFO    ] valve_05: Temperature within normal range: 103.6°C
2026-05-01T18:39:47.390 [INFO    ] valve_05: RPM stable at 12
2026-05-01T18:39:47.641 [INFO    ] pump_01: Sensor read cycle complete
2026-05-01T18:39:47.892 [INFO    ] compressor_03: Connection alive
2026-05-01T18:39:48.142 [INFO    ] conveyor_04: Connection alive
2026-05-01T18:39:48.393 [INFO    ] valve_05: RPM stable at 119
2026-05-01T18:39:48.645 [WARNING ] pump_01: Vibration spike detected: 25.8 Hz
2026-05-01T18:39:48.895 [INFO    ] pump_01: RPM stable at 43
2026-05-01T18:39:49.146 [WARNING ] motor_02: Temperature elevated: 21.9°C — threshold 75°C
2026-05-01T18:39:49.398 [INFO    ] conveyor_04: RPM stable at 68
2026-05-01T18:39:49.649 [WARNING ] motor_02: Response latency high: 86ms
2026-05-01T18:39:49.899 [CRITICAL] pump_01: Catastrophic vibration: 56.2 Hz — shutting down
2026-05-01T18:39:50.150 [INFO    ] motor_02: Pressure normal: 41.80 bar
2026-05-01T18:39:50.400 [INFO    ] compressor_03: Connection alive
2026-05-01T18:39:50.651 [INFO    ] compressor_03: Connection alive
2026-05-01T18:39:50.901 [INFO    ] valve_05: Pressure normal: 91.77 bar
2026-05-01T18:39:51.152 [WARNING ] valve_05: Response latency high: 61ms
2026-05-01T18:39:51.403 [INFO    ] pump_01: Sensor read cycle complete
2026-05-01T18:39:51.653 [INFO    ] pump_01: Sensor read cycle complete
2026-05-01T18:39:51.904 [CRITICAL] conveyor_04: Catastrophic vibration: 91.5 Hz — shutting down
2026-05-01T18:39:52.155 [INFO    ] pump_01: Pressure normal: 84.77 bar
2026-05-01T18:39:52.406 [INFO    ] conveyor_04: Sensor read cycle complete
2026-05-01T18:39:52.656 [INFO    ] valve_05: Temperature within normal range: 102.2°C
2026-05-01T18:39:52.907 [INFO    ] conveyor_04: System heartbeat OK
2026-05-01T18:39:53.158 [CRITICAL] motor_02: Catastrophic vibration: 98.5 Hz — shutting down
2026-05-01T18:39:53.408 [WARNING ] motor_02: Temperature elevated: 54.0°C — threshold 75°C
2026-05-01T18:39:53.659 [WARNING ] compressor_03: Vibration spike detected: 51.2 Hz
2026-05-01T18:39:53.910 [INFO    ] valve_05: RPM stable at 72
2026-05-01T18:39:54.161 [INFO    ] valve_05: Pressure normal: 110.19 bar
2026-05-01T18:39:54.411 [INFO    ] conveyor_04: Pressure normal: 49.82 bar
2026-05-01T18:39:54.662 [WARNING ] motor_02: Response latency high: 76ms
2026-05-01T18:39:54.914 [INFO    ] pump_01: Sensor read cycle complete
2026-05-01T18:39:55.165 [INFO    ] valve_05: Sensor read cycle complete
2026-05-01T18:39:55.416 [ERROR   ] pump_01: Over-temperature limit exceeded: 65.2°C
2026-05-01T18:39:55.667 [WARNING ] motor_02: Response latency high: 48ms
2026-05-01T18:39:55.918 [WARNING ] motor_02: Retry attempt 114 for register 0x0002
2026-05-01T18:39:56.169 [INFO    ] motor_02: Temperature within normal range: 81.2°C
2026-05-01T18:39:56.421 [CRITICAL] valve_05: Power supply failure detected
2026-05-01T18:39:56.672 [ERROR   ] conveyor_04: Motor stall detected — RPM dropped to 26
2026-05-01T18:39:56.924 [CRITICAL] compressor_03: Power supply failure detected
2026-05-01T18:39:57.181 [INFO    ] conveyor_04: Connection alive
2026-05-01T18:39:57.434 [INFO    ] motor_02: Temperature within normal range: 111.5°C
2026-05-01T18:39:57.684 [INFO    ] conveyor_04: System heartbeat OK
2026-05-01T18:39:57.935 [CRITICAL] conveyor_04: EMERGENCY STOP triggered — safety interlock activated
2026-05-01T18:39:58.186 [INFO    ] pump_01: Sensor read cycle complete
2026-05-01T18:39:58.438 [INFO    ] conveyor_04: Sensor read cycle complete
2026-05-01T18:39:58.689 [WARNING ] conveyor_04: Buffer utilisation at 106%
2026-05-01T18:39:58.940 [INFO    ] pump_01: System heartbeat OK
2026-05-01T18:39:59.190 [INFO    ] compressor_03: System heartbeat OK
2026-05-01T18:39:59.441 [ERROR   ] pump_01: Sensor read FAILED — register 0x0003 timeout
2026-05-01T18:39:59.692 [ERROR   ] compressor_03: Over-temperature limit exceeded: 106.5°C
2026-05-01T18:39:59.942 [INFO    ] compressor_03: RPM stable at 92
2026-05-01T18:40:00.199 [ERROR   ] valve_05: Motor stall detected — RPM dropped to 106
2026-05-01T18:40:00.450 [ERROR   ] valve_05: Sensor read FAILED — register 0x0003 timeout
2026-05-01T18:40:00.701 [WARNING ] pump_01: Buffer utilisation at 69%
2026-05-01T18:40:00.952 [INFO    ] motor_02: System heartbeat OK
2026-05-01T18:40:01.203 [WARNING ] compressor_03: Vibration spike detected: 60.6 Hz
2026-05-01T18:40:01.454 [INFO    ] compressor_03: Sensor read cycle complete
2026-05-01T18:40:01.705 [INFO    ] compressor_03: RPM stable at 15
2026-05-01T18:40:01.956 [INFO    ] compressor_03: System heartbeat OK
2026-05-01T18:40:02.207 [INFO    ] conveyor_04: Pressure normal: 39.46 bar
2026-05-01T18:40:02.457 [WARNING ] valve_05: Response latency high: 50ms
2026-05-01T18:40:02.710 [INFO    ] pump_01: Sensor read cycle complete
2026-05-01T18:40:02.967 [ERROR   ] valve_05: Sensor read FAILED — register 0x0003 timeout
2026-05-01T18:40:03.218 [INFO    ] valve_05: RPM stable at 27
2026-05-01T18:40:03.469 [WARNING ] valve_05: Temperature elevated: 56.3°C — threshold 75°C
2026-05-01T18:40:03.719 [WARNING ] pump_01: Temperature elevated: 68.0°C — threshold 75°C
2026-05-01T18:40:03.970 [INFO    ] conveyor_04: System heartbeat OK
2026-05-01T18:40:04.221 [INFO    ] pump_01: System heartbeat OK
2026-05-01T18:40:04.472 [ERROR   ] conveyor_04: Over-temperature limit exceeded: 75.6°C
2026-05-01T18:40:04.722 [CRITICAL] compressor_03: Catastrophic vibration: 67.1 Hz — shutting down
2026-05-01T18:40:04.973 [INFO    ] motor_02: Pressure normal: 68.68 bar
2026-05-01T18:40:05.225 [INFO    ] pump_01: Sensor read cycle complete
2026-05-01T18:40:05.476 [WARNING ] motor_02: Retry attempt 102 for register 0x0002
2026-05-01T18:40:05.727 [INFO    ] valve_05: Sensor read cycle complete
2026-05-01T18:40:05.978 [INFO    ] valve_05: Temperature within normal range: 37.7°C
2026-05-01T18:40:06.230 [WARNING ] conveyor_04: Vibration spike detected: 112.0 Hz
2026-05-01T18:40:06.480 [WARNING ] valve_05: Temperature elevated: 92.8°C — threshold 75°C
2026-05-01T18:40:06.731 [INFO    ] valve_05: System heartbeat OK
2026-05-01T18:40:06.982 [INFO    ] conveyor_04: Pressure normal: 95.07 bar
2026-05-01T18:40:07.234 [INFO    ] compressor_03: Sensor read cycle complete
2026-05-01T18:40:07.485 [WARNING ] conveyor_04: Buffer utilisation at 58%
2026-05-01T18:40:07.735 [INFO    ] motor_02: System heartbeat OK
2026-05-01T18:40:07.986 [INFO    ] motor_02: Pressure normal: 82.85 bar
2026-05-01T18:40:08.237 [ERROR   ] valve_05: Over-temperature limit exceeded: 58.8°C
2026-05-01T18:40:08.488 [INFO    ] pump_01: System heartbeat OK
2026-05-01T18:40:08.738 [INFO    ] pump_01: Sensor read cycle complete
2026-05-01T18:40:08.990 [CRITICAL] compressor_03: Catastrophic vibration: 41.6 Hz — shutting down
2026-05-01T18:40:09.240 [INFO    ] compressor_03: System heartbeat OK
2026-05-01T18:40:09.497 [INFO    ] valve_05: Temperature within normal range: 107.0°C
2026-05-01T18:40:09.757 [CRITICAL] motor_02: EMERGENCY STOP triggered — safety interlock activated
2026-05-01T18:40:10.008 [INFO    ] conveyor_04: RPM stable at 33
2026-05-01T18:40:10.258 [INFO    ] pump_01: Connection alive
2026-05-01T18:40:10.509 [WARNING ] valve_05: Temperature elevated: 34.7°C — threshold 75°C
2026-05-01T18:40:10.760 [WARNING ] valve_05: Retry attempt 95 for register 0x0002
2026-05-01T18:40:11.012 [INFO    ] conveyor_04: Temperature within normal range: 36.6°C
2026-05-01T18:40:11.264 [INFO    ] compressor_03: Temperature within normal range: 118.7°C
2026-05-01T18:40:11.514 [INFO    ] compressor_03: Sensor read cycle complete
2026-05-01T18:40:11.765 [INFO    ] valve_05: RPM stable at 91
2026-05-01T18:40:12.016 [INFO    ] pump_01: Temperature within normal range: 51.2°C
2026-05-01T18:40:12.266 [INFO    ] conveyor_04: System heartbeat OK
2026-05-01T18:40:12.517 [INFO    ] valve_05: Pressure normal: 99.72 bar
2026-05-01T18:40:12.767 [ERROR   ] valve_05: Communication error: CRC mismatch
2026-05-01T18:40:13.018 [INFO    ] pump_01: Connection alive
2026-05-01T18:40:13.268 [ERROR   ] compressor_03: Communication error: CRC mismatch
2026-05-01T18:40:13.519 [INFO    ] pump_01: Connection alive
2026-05-01T18:40:13.770 [INFO    ] conveyor_04: Pressure normal: 33.82 bar
2026-05-01T18:40:14.021 [INFO    ] valve_05: Connection alive
2026-05-01T18:40:14.273 [INFO    ] conveyor_04: RPM stable at 111
2026-05-01T18:40:14.524 [ERROR   ] pump_01: Over-temperature limit exceeded: 83.3°C
2026-05-01T18:40:14.775 [INFO    ] valve_05: Sensor read cycle complete
2026-05-01T18:40:15.026 [INFO    ] motor_02: Temperature within normal range: 67.0°C
2026-05-01T18:40:15.278 [INFO    ] pump_01: Temperature within normal range: 31.1°C
2026-05-01T18:40:15.530 [INFO    ] pump_01: RPM stable at 46
2026-05-01T18:40:15.780 [ERROR   ] pump_01: Sensor read FAILED — register 0x0003 timeout
2026-05-01T18:40:16.037 [INFO    ] conveyor_04: RPM stable at 58
2026-05-01T18:40:16.288 [INFO    ] motor_02: System heartbeat OK
2026-05-01T18:40:16.538 [ERROR   ] conveyor_04: Over-temperature limit exceeded: 115.9°C
2026-05-01T18:40:16.789 [INFO    ] valve_05: Temperature within normal range: 30.5°C
2026-05-01T18:40:17.040 [WARNING ] motor_02: Response latency high: 68ms
2026-05-01T18:40:17.291 [WARNING ] pump_01: Response latency high: 27ms
2026-05-01T18:40:17.542 [INFO    ] compressor_03: System heartbeat OK
2026-05-01T18:40:17.792 [WARNING ] pump_01: Retry attempt 42 for register 0x0002
2026-05-01T18:40:18.043 [INFO    ] valve_05: Sensor read cycle complete
2026-05-01T18:40:18.294 [INFO    ] motor_02: Temperature within normal range: 98.0°C
2026-05-01T18:40:18.545 [INFO    ] compressor_03: Connection alive
2026-05-01T18:40:18.796 [INFO    ] pump_01: Temperature within normal range: 88.8°C
2026-05-01T18:40:19.047 [CRITICAL] conveyor_04: EMERGENCY STOP triggered — safety interlock activated
2026-05-01T18:40:19.297 [WARNING ] valve_05: Temperature elevated: 12.8°C — threshold 75°C
2026-05-01T18:40:19.553 [INFO    ] motor_02: Connection alive
2026-05-01T18:40:19.804 [INFO    ] compressor_03: System heartbeat OK
2026-05-01T18:40:20.055 [WARNING ] pump_01: Buffer utilisation at 108%
2026-05-01T18:40:20.307 [ERROR   ] motor_02: Motor stall detected — RPM dropped to 99
2026-05-01T18:40:20.557 [WARNING ] valve_05: Retry attempt 41 for register 0x0002
2026-05-01T18:40:20.808 [INFO    ] motor_02: Sensor read cycle complete
2026-05-01T18:40:21.059 [INFO    ] compressor_03: Pressure normal: 111.62 bar
2026-05-01T18:40:21.310 [INFO    ] pump_01: RPM stable at 94
2026-05-01T18:40:21.561 [INFO    ] pump_01: RPM stable at 92
2026-05-01T18:40:21.812 [WARNING ] compressor_03: Response latency high: 75ms
2026-05-01T18:40:22.062 [CRITICAL] pump_01: Catastrophic vibration: 26.4 Hz — shutting down
2026-05-01T18:40:22.313 [INFO    ] compressor_03: RPM stable at 23
2026-05-01T18:40:22.564 [INFO    ] conveyor_04: Sensor read cycle complete
2026-05-01T18:40:22.815 [INFO    ] pump_01: System heartbeat OK
2026-05-01T18:40:23.066 [WARNING ] pump_01: Retry attempt 64 for register 0x0002
2026-05-01T18:40:23.317 [ERROR   ] conveyor_04: Sensor read FAILED — register 0x0003 timeout
2026-05-01T18:40:23.567 [INFO    ] motor_02: Sensor read cycle complete
2026-05-01T18:40:23.818 [WARNING ] compressor_03: Vibration spike detected: 73.2 Hz
2026-05-01T18:40:24.069 [INFO    ] motor_02: Sensor read cycle complete
2026-05-01T18:40:24.320 [ERROR   ] valve_05: Motor stall detected — RPM dropped to 74
2026-05-01T18:40:24.571 [WARNING ] valve_05: Response latency high: 69ms
2026-05-01T18:40:24.821 [INFO    ] compressor_03: Connection alive
2026-05-01T18:40:25.072 [INFO    ] pump_01: System heartbeat OK
2026-05-01T18:40:25.323 [ERROR   ] compressor_03: Communication error: CRC mismatch
2026-05-01T18:40:25.576 [INFO    ] motor_02: Temperature within normal range: 30.7°C
2026-05-01T18:40:25.828 [INFO    ] compressor_03: Connection alive
2026-05-01T18:40:26.079 [WARNING ] compressor_03: Retry attempt 51 for register 0x0002
2026-05-01T18:40:26.329 [INFO    ] valve_05: Pressure normal: 66.53 bar
2026-05-01T18:40:26.580 [ERROR   ] conveyor_04: Motor stall detected — RPM dropped to 115
2026-05-01T18:40:26.831 [INFO    ] motor_02: System heartbeat OK
2026-05-01T18:40:27.082 [CRITICAL] compressor_03: EMERGENCY STOP triggered — safety interlock activated
2026-05-01T18:40:27.332 [INFO    ] valve_05: Temperature within normal range: 89.0°C
2026-05-01T18:40:27.583 [INFO    ] valve_05: System heartbeat OK
2026-05-01T18:40:27.834 [WARNING ] valve_05: Temperature elevated: 12.0°C — threshold 75°C
2026-05-01T18:40:28.085 [ERROR   ] pump_01: Communication error: CRC mismatch
2026-05-01T18:40:28.336 [INFO    ] valve_05: RPM stable at 89
2026-05-01T18:40:28.586 [ERROR   ] conveyor_04: Sensor read FAILED — register 0x0003 timeout
2026-05-01T18:40:28.837 [CRITICAL] valve_05: Catastrophic vibration: 52.6 Hz — shutting down
2026-05-01T18:40:29.090 [WARNING ] pump_01: Retry attempt 82 for register 0x0002
2026-05-01T18:40:29.340 [WARNING ] motor_02: Retry attempt 17 for register 0x0002
2026-05-01T18:40:29.591 [WARNING ] motor_02: Response latency high: 46ms
2026-05-01T18:40:29.848 [INFO    ] compressor_03: Sensor read cycle complete
2026-05-01T18:40:30.099 [INFO    ] conveyor_04: Connection alive
2026-05-01T18:40:30.349 [INFO    ] valve_05: RPM stable at 57
2026-05-01T18:40:30.602 [ERROR   ] compressor_03: Over-temperature limit exceeded: 105.1°C
2026-05-01T18:40:30.853 [WARNING ] pump_01: Retry attempt 88 for register 0x0002
2026-05-01T18:40:31.104 [ERROR   ] compressor_03: Sensor read FAILED — register 0x0003 timeout
2026-05-01T18:40:31.356 [INFO    ] motor_02: Pressure normal: 14.57 bar
2026-05-01T18:40:31.607 [INFO    ] valve_05: System heartbeat OK
2026-05-01T18:40:31.858 [ERROR   ] valve_05: Motor stall detected — RPM dropped to 39
2026-05-01T18:40:32.108 [WARNING ] compressor_03: Vibration spike detected: 64.4 Hz
2026-05-01T18:40:32.359 [ERROR   ] compressor_03: Over-temperature limit exceeded: 107.6°C
2026-05-01T18:40:32.610 [INFO    ] valve_05: Pressure normal: 75.76 bar
2026-05-01T18:40:32.861 [INFO    ] valve_05: Sensor read cycle complete
2026-05-01T18:40:33.114 [INFO    ] pump_01: Pressure normal: 84.93 bar
2026-05-01T18:40:33.364 [INFO    ] compressor_03: Pressure normal: 118.80 bar
2026-05-01T18:40:33.615 [INFO    ] pump_01: Sensor read cycle complete
2026-05-01T18:40:33.866 [INFO    ] motor_02: Connection alive
2026-05-01T18:40:34.116 [INFO    ] pump_01: Pressure normal: 76.52 bar
2026-05-01T18:40:34.367 [ERROR   ] conveyor_04: Motor stall detected — RPM dropped to 18
2026-05-01T18:40:34.618 [WARNING ] valve_05: Retry attempt 81 for register 0x0002
2026-05-01T18:40:34.870 [INFO    ] pump_01: Temperature within normal range: 105.4°C
2026-05-01T18:40:35.122 [ERROR   ] pump_01: Sensor read FAILED — register 0x0003 timeout
2026-05-01T18:40:35.372 [WARNING ] motor_02: Response latency high: 40ms
2026-05-01T18:40:35.623 [INFO    ] compressor_03: Pressure normal: 12.14 bar
2026-05-01T18:40:35.873 [INFO    ] motor_02: Connection alive
2026-05-01T18:40:36.124 [INFO    ] conveyor_04: Pressure normal: 14.74 bar
2026-05-01T18:40:36.374 [INFO    ] compressor_03: RPM stable at 87
2026-05-01T18:40:36.625 [ERROR   ] valve_05: Sensor read FAILED — register 0x0003 timeout
2026-05-01T18:40:36.876 [INFO    ] compressor_03: Sensor read cycle complete
2026-05-01T18:40:37.127 [INFO    ] valve_05: Temperature within normal range: 103.9°C
2026-05-01T18:40:37.377 [INFO    ] conveyor_04: Pressure normal: 57.73 bar
2026-05-01T18:40:37.628 [WARNING ] motor_02: Buffer utilisation at 91%
2026-05-01T18:40:37.880 [INFO    ] valve_05: Connection alive
2026-05-01T18:40:38.130 [INFO    ] motor_02: System heartbeat OK
2026-05-01T18:40:38.381 [INFO    ] conveyor_04: System heartbeat OK
2026-05-01T18:40:38.632 [INFO    ] pump_01: Sensor read cycle complete
2026-05-01T18:40:38.883 [CRITICAL] pump_01: Power supply failure detected
2026-05-01T18:40:39.133 [INFO    ] valve_05: Sensor read cycle complete
2026-05-01T18:40:39.384 [INFO    ] pump_01: RPM stable at 98
2026-05-01T18:40:39.635 [ERROR   ] pump_01: Communication error: CRC mismatch
2026-05-01T18:40:39.887 [INFO    ] motor_02: System heartbeat OK
2026-05-01T18:40:40.137 [WARNING ] motor_02: Response latency high: 52ms
2026-05-01T18:40:40.388 [INFO    ] motor_02: Pressure normal: 91.20 bar
2026-05-01T18:40:40.641 [WARNING ] pump_01: Temperature elevated: 60.3°C — threshold 75°C
2026-05-01T18:40:40.891 [INFO    ] valve_05: System heartbeat OK
2026-05-01T18:40:41.144 [WARNING ] pump_01: Vibration spike detected: 71.2 Hz
2026-05-01T18:40:41.398 [ERROR   ] motor_02: Sensor read FAILED — register 0x0003 timeout
2026-05-01T18:40:41.648 [WARNING ] valve_05: Response latency high: 111ms
2026-05-01T18:40:41.899 [INFO    ] pump_01: RPM stable at 81
2026-05-01T18:40:42.150 [INFO    ] valve_05: RPM stable at 36
2026-05-01T18:40:42.400 [WARNING ] pump_01: Vibration spike detected: 77.3 Hz
2026-05-01T18:40:42.652 [INFO    ] pump_01: Temperature within normal range: 20.3°C
2026-05-01T18:40:42.903 [INFO    ] conveyor_04: Temperature within normal range: 20.1°C
2026-05-01T18:40:43.154 [WARNING ] valve_05: Temperature elevated: 90.4°C — threshold 75°C
2026-05-01T18:40:43.404 [INFO    ] conveyor_04: RPM stable at 110
2026-05-01T18:40:43.655 [ERROR   ] conveyor_04: Motor stall detected — RPM dropped to 66
2026-05-01T18:40:43.905 [INFO    ] motor_02: Connection alive
2026-05-01T18:40:44.156 [WARNING ] compressor_03: Response latency high: 15ms
2026-05-01T18:40:44.407 [INFO    ] valve_05: Connection alive
2026-05-01T18:40:44.661 [WARNING ] conveyor_04: Response latency high: 31ms
2026-05-01T18:40:44.911 [ERROR   ] compressor_03: Communication error: CRC mismatch
2026-05-01T18:40:45.161 [INFO    ] pump_01: Pressure normal: 65.31 bar
2026-05-01T18:40:45.412 [ERROR   ] pump_01: Communication error: CRC mismatch
2026-05-01T18:40:45.663 [INFO    ] valve_05: System heartbeat OK
2026-05-01T18:40:45.914 [INFO    ] pump_01: Connection alive
2026-05-01T18:40:46.164 [INFO    ] motor_02: RPM stable at 29
2026-05-01T18:40:46.415 [WARNING ] conveyor_04: Vibration spike detected: 102.5 Hz
2026-05-01T18:40:46.666 [INFO    ] pump_01: Pressure normal: 83.66 bar
2026-05-01T18:40:46.918 [ERROR   ] pump_01: Sensor read FAILED — register 0x0003 timeout
2026-05-01T18:40:47.168 [INFO    ] motor_02: System heartbeat OK
2026-05-01T18:40:47.418 [INFO    ] conveyor_04: Connection alive
2026-05-01T18:40:47.669 [INFO    ] conveyor_04: Sensor read cycle complete
2026-05-01T18:40:47.920 [INFO    ] valve_05: RPM stable at 57
2026-05-01T18:40:48.171 [ERROR   ] motor_02: Motor stall detected — RPM dropped to 47
2026-05-01T18:40:48.422 [INFO    ] conveyor_04: Connection alive
2026-05-01T18:40:48.672 [INFO    ] pump_01: System heartbeat OK
2026-05-01T18:40:48.923 [WARNING ] valve_05: Buffer utilisation at 30%
2026-05-01T18:40:49.174 [INFO    ] motor_02: RPM stable at 104
2026-05-01T18:40:49.425 [INFO    ] pump_01: Pressure normal: 78.49 bar
2026-05-01T18:40:49.676 [INFO    ] compressor_03: Sensor read cycle complete
2026-05-01T18:40:49.927 [ERROR   ] compressor_03: Motor stall detected — RPM dropped to 75
2026-05-01T18:40:50.181 [ERROR   ] pump_01: Over-temperature limit exceeded: 17.8°C
2026-05-01T18:40:50.431 [WARNING ] compressor_03: Vibration spike detected: 82.2 Hz
2026-05-01T18:40:50.682 [CRITICAL] pump_01: Power supply failure detected
2026-05-01T18:40:50.932 [INFO    ] conveyor_04: Connection alive
2026-05-01T18:40:51.183 [INFO    ] compressor_03: Pressure normal: 29.68 bar
2026-05-01T18:40:51.434 [INFO    ] valve_05: RPM stable at 40
2026-05-01T18:40:51.685 [INFO    ] conveyor_04: Pressure normal: 84.93 bar
2026-05-01T18:40:51.935 [WARNING ] valve_05: Retry attempt 102 for register 0x0002
2026-05-01T18:40:52.186 [INFO    ] compressor_03: System heartbeat OK
2026-05-01T18:40:52.438 [INFO    ] motor_02: Pressure normal: 45.22 bar
2026-05-01T18:40:52.690 [WARNING ] motor_02: Vibration spike detected: 31.3 Hz
2026-05-01T18:40:52.941 [INFO    ] conveyor_04: Pressure normal: 96.20 bar
2026-05-01T18:40:53.191 [INFO    ] compressor_03: Pressure normal: 40.34 bar
2026-05-01T18:40:53.442 [WARNING ] motor_02: Response latency high: 55ms
2026-05-01T18:40:53.692 [WARNING ] compressor_03: Buffer utilisation at 55%
2026-05-01T18:40:53.944 [CRITICAL] pump_01: Power supply failure detected
2026-05-01T18:40:54.197 [INFO    ] pump_01: System heartbeat OK
2026-05-01T18:40:54.448 [INFO    ] compressor_03: Temperature within normal range: 75.5°C
2026-05-01T18:40:54.701 [ERROR   ] motor_02: Motor stall detected — RPM dropped to 81
2026-05-01T18:40:54.952 [INFO    ] valve_05: Temperature within normal range: 70.1°C
2026-05-01T18:40:55.203 [INFO    ] compressor_03: RPM stable at 19
2026-05-01T18:40:55.455 [INFO    ] motor_02: Temperature within normal range: 28.2°C
2026-05-01T18:40:55.710 [CRITICAL] compressor_03: Catastrophic vibration: 12.1 Hz — shutting down
2026-05-01T18:40:55.962 [INFO    ] motor_02: Pressure normal: 20.00 bar
2026-05-01T18:40:56.213 [INFO    ] pump_01: Temperature within normal range: 110.5°C
2026-05-01T18:40:56.464 [ERROR   ] motor_02: Motor stall detected — RPM dropped to 54
2026-05-01T18:40:56.715 [INFO    ] conveyor_04: Temperature within normal range: 116.5°C
2026-05-01T18:40:56.967 [INFO    ] motor_02: Temperature within normal range: 31.1°C
2026-05-01T18:40:57.224 [INFO    ] conveyor_04: System heartbeat OK
2026-05-01T18:40:57.474 [WARNING ] pump_01: Retry attempt 14 for register 0x0002
2026-05-01T18:40:57.726 [INFO    ] pump_01: Connection alive
2026-05-01T18:40:57.976 [WARNING ] valve_05: Temperature elevated: 67.2°C — threshold 75°C
2026-05-01T18:40:58.229 [WARNING ] pump_01: Temperature elevated: 63.6°C — threshold 75°C
2026-05-01T18:40:58.480 [INFO    ] conveyor_04: RPM stable at 111
2026-05-01T18:40:58.732 [INFO    ] valve_05: Pressure normal: 61.97 bar
2026-05-01T18:40:58.983 [INFO    ] compressor_03: Temperature within normal range: 109.8°C
2026-05-01T18:40:59.233 [INFO    ] pump_01: Temperature within normal range: 38.4°C
2026-05-01T18:40:59.484 [WARNING ] motor_02: Response latency high: 114ms
2026-05-01T18:40:59.735 [WARNING ] compressor_03: Buffer utilisation at 13%
2026-05-01T18:40:59.990 [INFO    ] conveyor_04: RPM stable at 12
2026-05-01T18:41:00.241 [ERROR   ] pump_01: Over-temperature limit exceeded: 38.0°C
2026-05-01T18:41:00.491 [INFO    ] compressor_03: Temperature within normal range: 38.5°C
2026-05-01T18:41:00.742 [WARNING ] pump_01: Temperature elevated: 19.8°C — threshold 75°C
2026-05-01T18:41:00.993 [ERROR   ] conveyor_04: Motor stall detected — RPM dropped to 73
2026-05-01T18:41:01.243 [INFO    ] motor_02: RPM stable at 94
2026-05-01T18:41:01.499 [INFO    ] conveyor_04: Temperature within normal range: 116.6°C
2026-05-01T18:41:01.751 [INFO    ] pump_01: Sensor read cycle complete
2026-05-01T18:41:02.002 [ERROR   ] conveyor_04: Sensor read FAILED — register 0x0003 timeout
2026-05-01T18:41:02.253 [ERROR   ] pump_01: Sensor read FAILED — register 0x0003 timeout
2026-05-01T18:41:02.503 [WARNING ] compressor_03: Retry attempt 18 for register 0x0002
2026-05-01T18:41:02.754 [WARNING ] motor_02: Response latency high: 70ms
2026-05-01T18:41:03.005 [INFO    ] conveyor_04: RPM stable at 113
2026-05-01T18:41:03.256 [ERROR   ] conveyor_04: Communication error: CRC mismatch
2026-05-01T18:41:03.507 [WARNING ] motor_02: Retry attempt 87 for register 0x0002
2026-05-01T18:41:03.758 [INFO    ] compressor_03: Connection alive
2026-05-01T18:41:04.008 [INFO    ] compressor_03: Sensor read cycle complete
2026-05-01T18:41:04.259 [INFO    ] conveyor_04: Pressure normal: 95.82 bar
2026-05-01T18:41:04.510 [WARNING ] compressor_03: Buffer utilisation at 56%
2026-05-01T18:41:04.760 [WARNING ] valve_05: Temperature elevated: 21.4°C — threshold 75°C
2026-05-01T18:41:05.011 [ERROR   ] motor_02: Motor stall detected — RPM dropped to 99
2026-05-01T18:41:05.262 [INFO    ] valve_05: Sensor read cycle complete
2026-05-01T18:41:05.512 [CRITICAL] pump_01: Catastrophic vibration: 59.9 Hz — shutting down
2026-05-01T18:41:05.764 [INFO    ] valve_05: Connection alive
2026-05-01T18:41:06.015 [INFO    ] compressor_03: Pressure normal: 117.20 bar
2026-05-01T18:41:06.266 [INFO    ] compressor_03: System heartbeat OK
2026-05-01T18:41:06.516 [CRITICAL] conveyor_04: Power supply failure detected
2026-05-01T18:41:06.767 [INFO    ] conveyor_04: Connection alive
2026-05-01T18:41:07.019 [INFO    ] valve_05: System heartbeat OK
2026-05-01T18:41:07.270 [WARNING ] motor_02: Vibration spike detected: 47.5 Hz
2026-05-01T18:41:07.522 [INFO    ] motor_02: Sensor read cycle complete
2026-05-01T18:41:07.773 [INFO    ] motor_02: Pressure normal: 72.23 bar
2026-05-01T18:41:08.024 [WARNING ] compressor_03: Retry attempt 79 for register 0x0002
2026-05-01T18:41:08.274 [INFO    ] conveyor_04: Connection alive
2026-05-01T18:41:08.525 [ERROR   ] motor_02: Sensor read FAILED — register 0x0003 timeout
2026-05-01T18:41:08.776 [INFO    ] motor_02: System heartbeat OK
2026-05-01T18:41:09.027 [WARNING ] compressor_03: Vibration spike detected: 118.4 Hz
2026-05-01T18:41:09.277 [WARNING ] valve_05: Buffer utilisation at 96%
2026-05-01T18:41:09.528 [INFO    ] compressor_03: Temperature within normal range: 18.0°C
2026-05-01T18:41:09.779 [WARNING ] conveyor_04: Response latency high: 98ms
2026-05-01T18:41:10.031 [WARNING ] motor_02: Buffer utilisation at 71%
2026-05-01T18:41:10.282 [INFO    ] conveyor_04: System heartbeat OK
2026-05-01T18:41:10.533 [INFO    ] compressor_03: System heartbeat OK
2026-05-01T18:41:10.784 [INFO    ] valve_05: Sensor read cycle complete
2026-05-01T18:41:11.035 [INFO    ] motor_02: System heartbeat OK
2026-05-01T18:41:11.285 [INFO    ] pump_01: Pressure normal: 95.53 bar
2026-05-01T18:41:11.536 [WARNING ] conveyor_04: Temperature elevated: 111.9°C — threshold 75°C
2026-05-01T18:41:11.787 [INFO    ] conveyor_04: Temperature within normal range: 63.3°C
2026-05-01T18:41:12.037 [WARNING ] conveyor_04: Buffer utilisation at 28%
2026-05-01T18:41:12.289 [INFO    ] valve_05: Pressure normal: 69.83 bar
2026-05-01T18:41:12.540 [INFO    ] conveyor_04: System heartbeat OK
2026-05-01T18:41:12.791 [INFO    ] pump_01: Temperature within normal range: 84.4°C
2026-05-01T18:41:13.041 [INFO    ] motor_02: Temperature within normal range: 68.3°C
2026-05-01T18:41:13.292 [ERROR   ] compressor_03: Sensor read FAILED — register 0x0003 timeout
2026-05-01T18:41:13.542 [INFO    ] pump_01: Pressure normal: 45.38 bar
2026-05-01T18:41:13.797 [INFO    ] conveyor_04: Temperature within normal range: 46.1°C
2026-05-01T18:41:14.048 [INFO    ] conveyor_04: Connection alive
2026-05-01T18:41:14.299 [INFO    ] conveyor_04: Sensor read cycle complete
2026-05-01T18:41:14.551 [INFO    ] compressor_03: Temperature within normal range: 53.2°C
2026-05-01T18:41:14.802 [INFO    ] compressor_03: Connection alive
2026-05-01T18:41:15.052 [INFO    ] compressor_03: Sensor read cycle complete
2026-05-01T18:41:15.303 [INFO    ] compressor_03: Temperature within normal range: 72.4°C
2026-05-01T18:41:15.554 [INFO    ] compressor_03: RPM stable at 17
2026-05-01T18:41:15.804 [INFO    ] valve_05: Connection alive
2026-05-01T18:41:16.055 [INFO    ] compressor_03: System heartbeat OK
2026-05-01T18:41:16.306 [WARNING ] compressor_03: Buffer utilisation at 15%
2026-05-01T18:41:16.556 [WARNING ] compressor_03: Buffer utilisation at 96%
2026-05-01T18:41:16.807 [INFO    ] pump_01: RPM stable at 96
2026-05-01T18:41:17.058 [INFO    ] compressor_03: RPM stable at 85
2026-05-01T18:41:17.308 [ERROR   ] pump_01: Motor stall detected — RPM dropped to 15
2026-05-01T18:41:17.559 [INFO    ] valve_05: System heartbeat OK
2026-05-01T18:41:17.810 [INFO    ] compressor_03: System heartbeat OK
2026-05-01T18:41:18.060 [WARNING ] pump_01: Temperature elevated: 78.7°C — threshold 75°C
2026-05-01T18:41:18.313 [INFO    ] compressor_03: RPM stable at 17
2026-05-01T18:41:18.565 [INFO    ] pump_01: Sensor read cycle complete
2026-05-01T18:41:18.815 [INFO    ] valve_05: Sensor read cycle complete
2026-05-01T18:41:19.066 [INFO    ] conveyor_04: Pressure normal: 63.90 bar
2026-05-01T18:41:19.317 [INFO    ] compressor_03: System heartbeat OK
2026-05-01T18:41:19.568 [INFO    ] pump_01: System heartbeat OK
2026-05-01T18:41:19.819 [INFO    ] valve_05: Sensor read cycle complete
2026-05-01T18:41:20.070 [INFO    ] compressor_03: System heartbeat OK
2026-05-01T18:41:20.320 [INFO    ] conveyor_04: Sensor read cycle complete
2026-05-01T18:41:20.571 [INFO    ] compressor_03: Sensor read cycle complete
2026-05-01T18:41:20.822 [CRITICAL] compressor_03: Power supply failure detected
2026-05-01T18:41:21.073 [WARNING ] pump_01: Retry attempt 19 for register 0x0002
2026-05-01T18:41:21.324 [INFO    ] motor_02: RPM stable at 88
2026-05-01T18:41:21.574 [INFO    ] compressor_03: Pressure normal: 35.98 bar
2026-05-01T18:41:21.825 [CRITICAL] pump_01: Power supply failure detected
2026-05-01T18:41:22.075 [CRITICAL] valve_05: Catastrophic vibration: 16.6 Hz — shutting down
2026-05-01T18:41:22.326 [INFO    ] compressor_03: Pressure normal: 94.78 bar
2026-05-01T18:41:22.576 [ERROR   ] compressor_03: Sensor read FAILED — register 0x0003 timeout
2026-05-01T18:41:22.827 [CRITICAL] conveyor_04: Catastrophic vibration: 20.7 Hz — shutting down
2026-05-01T18:41:23.078 [WARNING ] compressor_03: Retry attempt 109 for register 0x0002
2026-05-01T18:41:23.329 [INFO    ] pump_01: Connection alive
2026-05-01T18:41:23.579 [INFO    ] valve_05: Pressure normal: 33.84 bar
2026-05-01T18:41:23.830 [INFO    ] pump_01: Temperature within normal range: 20.5°C
2026-05-01T18:41:24.081 [INFO    ] compressor_03: Pressure normal: 71.94 bar
2026-05-01T18:41:24.333 [INFO    ] compressor_03: Connection alive
2026-05-01T18:41:24.584 [CRITICAL] motor_02: EMERGENCY STOP triggered — safety interlock activated
2026-05-01T18:41:24.835 [ERROR   ] conveyor_04: Over-temperature limit exceeded: 115.4°C
2026-05-01T18:41:25.085 [INFO    ] valve_05: Sensor read cycle complete
2026-05-01T18:41:25.336 [INFO    ] compressor_03: RPM stable at 93
2026-05-01T18:41:25.586 [ERROR   ] motor_02: Over-temperature limit exceeded: 31.7°C
2026-05-01T18:41:25.837 [WARNING ] valve_05: Temperature elevated: 31.4°C — threshold 75°C
2026-05-01T18:41:26.087 [WARNING ] compressor_03: Response latency high: 61ms
2026-05-01T18:41:26.338 [INFO    ] conveyor_04: Connection alive
2026-05-01T18:41:26.590 [WARNING ] pump_01: Vibration spike detected: 76.8 Hz
2026-05-01T18:41:26.841 [CRITICAL] valve_05: Power supply failure detected
2026-05-01T18:41:27.092 [INFO    ] valve_05: RPM stable at 14
2026-05-01T18:41:27.343 [INFO    ] pump_01: Temperature within normal range: 59.7°C
2026-05-01T18:41:27.594 [WARNING ] conveyor_04: Vibration spike detected: 81.5 Hz
2026-05-01T18:41:27.844 [INFO    ] conveyor_04: RPM stable at 106
2026-05-01T18:41:28.096 [INFO    ] motor_02: Connection alive
2026-05-01T18:41:28.346 [WARNING ] valve_05: Temperature elevated: 20.2°C — threshold 75°C
2026-05-01T18:41:28.597 [INFO    ] valve_05: Temperature within normal range: 106.5°C
2026-05-01T18:41:28.848 [ERROR   ] compressor_03: Over-temperature limit exceeded: 42.8°C
2026-05-01T18:41:29.100 [INFO    ] conveyor_04: Sensor read cycle complete
2026-05-01T18:41:29.350 [INFO    ] pump_01: Connection alive
2026-05-01T18:41:29.607 [CRITICAL] conveyor_04: EMERGENCY STOP triggered — safety interlock activated
2026-05-01T18:41:29.857 [INFO    ] compressor_03: Connection alive
2026-05-01T18:41:30.108 [WARNING ] pump_01: Temperature elevated: 29.1°C — threshold 75°C
2026-05-01T18:41:30.359 [WARNING ] pump_01: Vibration spike detected: 36.4 Hz
2026-05-01T18:41:30.610 [ERROR   ] valve_05: Motor stall detected — RPM dropped to 51
2026-05-01T18:41:30.860 [INFO    ] valve_05: Temperature within normal range: 18.3°C
2026-05-01T18:41:31.111 [INFO    ] motor_02: RPM stable at 108
2026-05-01T18:41:31.362 [WARNING ] conveyor_04: Retry attempt 110 for register 0x0002
2026-05-01T18:41:31.613 [ERROR   ] pump_01: Sensor read FAILED — register 0x0003 timeout
2026-05-01T18:41:31.863 [WARNING ] compressor_03: Vibration spike detected: 59.2 Hz
2026-05-01T18:41:32.114 [INFO    ] valve_05: Sensor read cycle complete
2026-05-01T18:41:32.365 [INFO    ] compressor_03: RPM stable at 18
2026-05-01T18:41:32.616 [INFO    ] valve_05: Connection alive
2026-05-01T18:41:32.866 [WARNING ] motor_02: Response latency high: 44ms
2026-05-01T18:41:33.129 [INFO    ] conveyor_04: RPM stable at 42
2026-05-01T18:41:33.380 [WARNING ] motor_02: Vibration spike detected: 88.8 Hz
2026-05-01T18:41:33.630 [INFO    ] compressor_03: RPM stable at 69
2026-05-01T18:41:33.881 [INFO    ] compressor_03: RPM stable at 92
2026-05-01T18:41:34.132 [ERROR   ] conveyor_04: Communication error: CRC mismatch
2026-05-01T18:41:34.382 [INFO    ] pump_01: Pressure normal: 87.39 bar
2026-05-01T18:41:34.633 [INFO    ] valve_05: Sensor read cycle complete
2026-05-01T18:41:34.885 [ERROR   ] compressor_03: Motor stall detected — RPM dropped to 40
2026-05-01T18:41:35.135 [INFO    ] pump_01: RPM stable at 33
2026-05-01T18:41:35.386 [INFO    ] valve_05: Pressure normal: 101.25 bar
2026-05-01T18:41:35.637 [WARNING ] compressor_03: Vibration spike detected: 25.1 Hz
2026-05-01T18:41:35.887 [INFO    ] pump_01: Pressure normal: 60.49 bar
2026-05-01T18:41:36.138 [WARNING ] valve_05: Retry attempt 101 for register 0x0002
2026-05-01T18:41:36.389 [CRITICAL] conveyor_04: Power supply failure detected
2026-05-01T18:41:36.639 [ERROR   ] pump_01: Over-temperature limit exceeded: 77.9°C
2026-05-01T18:41:36.894 [INFO    ] conveyor_04: Temperature within normal range: 44.9°C
2026-05-01T18:41:37.148 [WARNING ] compressor_03: Temperature elevated: 70.7°C — threshold 75°C
2026-05-01T18:41:37.400 [INFO    ] motor_02: Connection alive
2026-05-01T18:41:37.653 [WARNING ] compressor_03: Response latency high: 81ms
2026-05-01T18:41:37.904 [INFO    ] motor_02: Pressure normal: 95.30 bar
2026-05-01T18:41:38.155 [INFO    ] compressor_03: RPM stable at 26
2026-05-01T18:41:38.407 [WARNING ] motor_02: Response latency high: 90ms
2026-05-01T18:41:38.657 [INFO    ] compressor_03: Pressure normal: 106.07 bar
2026-05-01T18:41:38.908 [ERROR   ] pump_01: Communication error: CRC mismatch
2026-05-01T18:41:39.158 [INFO    ] motor_02: Pressure normal: 16.66 bar
2026-05-01T18:41:39.409 [INFO    ] compressor_03: Connection alive
2026-05-01T18:41:39.660 [INFO    ] conveyor_04: Connection alive
2026-05-01T18:41:39.911 [INFO    ] compressor_03: System heartbeat OK
2026-05-01T18:41:40.161 [INFO    ] motor_02: RPM stable at 29
2026-05-01T18:41:40.412 [INFO    ] conveyor_04: System heartbeat OK
2026-05-01T18:41:40.663 [WARNING ] compressor_03: Temperature elevated: 41.3°C — threshold 75°C
2026-05-01T18:41:40.913 [INFO    ] conveyor_04: Temperature within normal range: 54.0°C
2026-05-01T18:41:41.164 [INFO    ] valve_05: Temperature within normal range: 58.5°C
2026-05-01T18:41:41.415 [WARNING ] motor_02: Retry attempt 46 for register 0x0002
2026-05-01T18:41:41.666 [INFO    ] valve_05: Connection alive
2026-05-01T18:41:41.917 [INFO    ] valve_05: Sensor read cycle complete
2026-05-01T18:41:42.168 [INFO    ] pump_01: Sensor read cycle complete
2026-05-01T18:41:42.418 [WARNING ] compressor_03: Buffer utilisation at 49%
2026-05-01T18:41:42.669 [INFO    ] pump_01: System heartbeat OK
2026-05-01T18:41:42.919 [INFO    ] valve_05: RPM stable at 44
2026-05-01T18:41:43.170 [INFO    ] pump_01: System heartbeat OK
2026-05-01T18:41:43.421 [INFO    ] valve_05: RPM stable at 46
2026-05-01T18:41:43.672 [INFO    ] pump_01: Pressure normal: 102.11 bar
2026-05-01T18:41:43.922 [WARNING ] conveyor_04: Retry attempt 61 for register 0x0002
2026-05-01T18:41:44.173 [INFO    ] valve_05: RPM stable at 101
2026-05-01T18:41:44.424 [INFO    ] motor_02: RPM stable at 73
2026-05-01T18:41:44.674 [INFO    ] valve_05: System heartbeat OK
2026-05-01T18:41:44.925 [INFO    ] motor_02: Temperature within normal range: 17.6°C
2026-05-01T18:41:45.175 [INFO    ] valve_05: System heartbeat OK
2026-05-01T18:41:45.426 [INFO    ] valve_05: Sensor read cycle complete
2026-05-01T18:41:45.677 [WARNING ] conveyor_04: Buffer utilisation at 52%
2026-05-01T18:41:45.927 [INFO    ] valve_05: Pressure normal: 78.72 bar
2026-05-01T18:41:46.178 [INFO    ] pump_01: Connection alive
2026-05-01T18:41:46.429 [ERROR   ] compressor_03: Over-temperature limit exceeded: 35.1°C
2026-05-01T18:41:46.680 [INFO    ] motor_02: Connection alive
2026-05-01T18:41:46.931 [INFO    ] motor_02: Sensor read cycle complete
2026-05-01T18:41:47.184 [INFO    ] pump_01: Connection alive
2026-05-01T18:41:47.435 [INFO    ] pump_01: Pressure normal: 22.36 bar
2026-05-01T18:41:47.687 [CRITICAL] valve_05: Catastrophic vibration: 29.2 Hz — shutting down
2026-05-01T18:41:47.937 [WARNING ] conveyor_04: Buffer utilisation at 102%
2026-05-01T18:41:48.189 [WARNING ] compressor_03: Response latency high: 108ms
2026-05-01T18:41:48.440 [ERROR   ] conveyor_04: Communication error: CRC mismatch
2026-05-01T18:41:48.691 [ERROR   ] compressor_03: Motor stall detected — RPM dropped to 74
2026-05-01T18:41:48.942 [INFO    ] motor_02: RPM stable at 24
2026-05-01T18:41:49.193 [INFO    ] valve_05: Temperature within normal range: 61.3°C
2026-05-01T18:41:49.443 [INFO    ] pump_01: Temperature within normal range: 115.9°C
2026-05-01T18:41:49.695 [WARNING ] pump_01: Retry attempt 103 for register 0x0002
2026-05-01T18:41:49.946 [CRITICAL] valve_05: Power supply failure detected
2026-05-01T18:41:50.196 [INFO    ] valve_05: RPM stable at 48
2026-05-01T18:41:50.447 [WARNING ] compressor_03: Response latency high: 74ms
2026-05-01T18:41:50.698 [ERROR   ] pump_01: Motor stall detected — RPM dropped to 25
2026-05-01T18:41:50.949 [INFO    ] pump_01: Connection alive
2026-05-01T18:41:51.200 [INFO    ] pump_01: RPM stable at 49
2026-05-01T18:41:51.450 [INFO    ] compressor_03: Connection alive
2026-05-01T18:41:51.700 [ERROR   ] motor_02: Motor stall detected — RPM dropped to 31
2026-05-01T18:41:51.951 [INFO    ] compressor_03: System heartbeat OK
2026-05-01T18:41:52.202 [WARNING ] conveyor_04: Buffer utilisation at 74%
2026-05-01T18:41:52.453 [WARNING ] motor_02: Buffer utilisation at 43%
2026-05-01T18:41:52.705 [INFO    ] motor_02: Temperature within normal range: 96.2°C
2026-05-01T18:41:52.956 [CRITICAL] pump_01: Power supply failure detected
2026-05-01T18:41:53.207 [INFO    ] pump_01: Temperature within normal range: 98.8°C
2026-05-01T18:41:53.457 [INFO    ] conveyor_04: System heartbeat OK
2026-05-01T18:41:53.708 [INFO    ] compressor_03: RPM stable at 23
2026-05-01T18:41:53.958 [ERROR   ] conveyor_04: Motor stall detected — RPM dropped to 28
2026-05-01T18:41:54.209 [INFO    ] compressor_03: RPM stable at 61
2026-05-01T18:41:54.460 [INFO    ] valve_05: Connection alive
2026-05-01T18:41:54.710 [INFO    ] pump_01: Pressure normal: 60.94 bar
2026-05-01T18:41:54.961 [INFO    ] motor_02: Sensor read cycle complete
2026-05-01T18:41:55.212 [INFO    ] compressor_03: Connection alive
2026-05-01T18:41:55.462 [WARNING ] motor_02: Buffer utilisation at 87%
2026-05-01T18:41:55.713 [INFO    ] valve_05: Pressure normal: 27.10 bar
2026-05-01T18:41:55.964 [WARNING ] conveyor_04: Response latency high: 70ms
2026-05-01T18:41:56.215 [INFO    ] pump_01: Pressure normal: 12.34 bar
2026-05-01T18:41:56.465 [CRITICAL] motor_02: Catastrophic vibration: 85.1 Hz — shutting down
2026-05-01T18:41:56.715 [WARNING ] compressor_03: Response latency high: 67ms
2026-05-01T18:41:56.966 [INFO    ] pump_01: Pressure normal: 85.86 bar
2026-05-01T18:41:57.223 [ERROR   ] conveyor_04: Motor stall detected — RPM dropped to 24
2026-05-01T18:41:57.474 [INFO    ] valve_05: Sensor read cycle complete
2026-05-01T18:41:57.725 [INFO    ] compressor_03: System heartbeat OK
2026-05-01T18:41:57.977 [INFO    ] motor_02: Pressure normal: 97.56 bar
2026-05-01T18:41:58.227 [CRITICAL] pump_01: Catastrophic vibration: 30.6 Hz — shutting down
2026-05-01T18:41:58.479 [INFO    ] conveyor_04: System heartbeat OK
2026-05-01T18:41:58.730 [WARNING ] valve_05: Vibration spike detected: 80.6 Hz
2026-05-01T18:41:58.981 [INFO    ] compressor_03: Pressure normal: 19.10 bar
2026-05-01T18:41:59.231 [INFO    ] compressor_03: Connection alive
2026-05-01T18:41:59.483 [WARNING ] pump_01: Temperature elevated: 70.1°C — threshold 75°C
2026-05-01T18:41:59.734 [INFO    ] motor_02: Temperature within normal range: 59.1°C
2026-05-01T18:41:59.984 [ERROR   ] conveyor_04: Over-temperature limit exceeded: 20.0°C
2026-05-01T18:42:00.235 [WARNING ] valve_05: Response latency high: 98ms
2026-05-01T18:42:00.485 [ERROR   ] valve_05: Sensor read FAILED — register 0x0003 timeout
2026-05-01T18:42:00.736 [INFO    ] pump_01: Sensor read cycle complete
2026-05-01T18:42:00.986 [ERROR   ] valve_05: Over-temperature limit exceeded: 96.1°C
2026-05-01T18:42:01.237 [INFO    ] motor_02: System heartbeat OK
2026-05-01T18:42:01.487 [WARNING ] motor_02: Response latency high: 24ms
2026-05-01T18:42:01.738 [INFO    ] conveyor_04: Temperature within normal range: 53.7°C
2026-05-01T18:42:01.988 [WARNING ] valve_05: Response latency high: 11ms
2026-05-01T18:42:02.239 [INFO    ] motor_02: System heartbeat OK
2026-05-01T18:42:02.490 [INFO    ] compressor_03: Connection alive
2026-05-01T18:42:02.741 [INFO    ] motor_02: Sensor read cycle complete
2026-05-01T18:42:02.992 [INFO    ] motor_02: Temperature within normal range: 91.4°C
2026-05-01T18:42:03.242 [WARNING ] motor_02: Response latency high: 90ms
2026-05-01T18:42:03.493 [CRITICAL] compressor_03: Power supply failure detected
2026-05-01T18:42:03.744 [CRITICAL] valve_05: EMERGENCY STOP triggered — safety interlock activated
2026-05-01T18:42:03.994 [INFO    ] conveyor_04: RPM stable at 80
2026-05-01T18:42:04.245 [INFO    ] conveyor_04: RPM stable at 32
2026-05-01T18:42:04.496 [INFO    ] motor_02: Temperature within normal range: 101.9°C
2026-05-01T18:42:04.746 [CRITICAL] compressor_03: Catastrophic vibration: 23.8 Hz — shutting down
2026-05-01T18:42:04.997 [WARNING ] pump_01: Retry attempt 86 for register 0x0002
2026-05-01T18:42:05.248 [INFO    ] valve_05: Sensor read cycle complete
2026-05-01T18:42:05.499 [INFO    ] valve_05: Pressure normal: 17.46 bar
2026-05-01T18:42:05.750 [ERROR   ] conveyor_04: Over-temperature limit exceeded: 103.4°C
2026-05-01T18:42:06.000 [INFO    ] motor_02: Temperature within normal range: 76.4°C
2026-05-01T18:42:06.251 [INFO    ] pump_01: Sensor read cycle complete
2026-05-01T18:42:06.502 [INFO    ] compressor_03: System heartbeat OK
2026-05-01T18:42:06.752 [INFO    ] compressor_03: Temperature within normal range: 118.0°C
2026-05-01T18:42:07.003 [WARNING ] valve_05: Response latency high: 54ms
2026-05-01T18:42:07.254 [INFO    ] valve_05: Sensor read cycle complete
2026-05-01T18:42:07.504 [INFO    ] motor_02: Connection alive
2026-05-01T18:42:07.756 [INFO    ] valve_05: Temperature within normal range: 94.5°C
2026-05-01T18:42:08.007 [ERROR   ] pump_01: Sensor read FAILED — register 0x0003 timeout
2026-05-01T18:42:08.258 [WARNING ] valve_05: Response latency high: 63ms
2026-05-01T18:42:08.509 [INFO    ] conveyor_04: Sensor read cycle complete
2026-05-01T18:42:08.760 [INFO    ] compressor_03: Connection alive
2026-05-01T18:42:09.010 [ERROR   ] motor_02: Motor stall detected — RPM dropped to 84
2026-05-01T18:42:09.261 [INFO    ] motor_02: Sensor read cycle complete
2026-05-01T18:42:09.512 [INFO    ] motor_02: Temperature within normal range: 32.2°C
2026-05-01T18:42:09.763 [INFO    ] conveyor_04: Connection alive
2026-05-01T18:42:10.014 [WARNING ] compressor_03: Temperature elevated: 59.2°C — threshold 75°C
2026-05-01T18:42:10.264 [WARNING ] valve_05: Response latency high: 37ms
2026-05-01T18:42:10.515 [ERROR   ] conveyor_04: Motor stall detected — RPM dropped to 13
2026-05-01T18:42:10.766 [ERROR   ] motor_02: Over-temperature limit exceeded: 76.4°C
2026-05-01T18:42:11.016 [INFO    ] motor_02: Connection alive
2026-05-01T18:42:11.267 [CRITICAL] pump_01: Power supply failure detected
2026-05-01T18:42:11.517 [WARNING ] motor_02: Buffer utilisation at 70%
2026-05-01T18:42:11.768 [WARNING ] motor_02: Buffer utilisation at 103%
2026-05-01T18:42:12.019 [ERROR   ] conveyor_04: Sensor read FAILED — register 0x0003 timeout
2026-05-01T18:42:12.269 [INFO    ] pump_01: Sensor read cycle complete
2026-05-01T18:42:12.520 [WARNING ] motor_02: Vibration spike detected: 83.5 Hz
2026-05-01T18:42:12.771 [INFO    ] conveyor_04: Connection alive
2026-05-01T18:42:13.021 [WARNING ] compressor_03: Temperature elevated: 37.0°C — threshold 75°C
2026-05-01T18:42:13.272 [ERROR   ] conveyor_04: Motor stall detected — RPM dropped to 71
2026-05-01T18:42:13.523 [CRITICAL] pump_01: EMERGENCY STOP triggered — safety interlock activated
2026-05-01T18:42:13.774 [INFO    ] motor_02: Pressure normal: 114.04 bar
2026-05-01T18:42:14.026 [INFO    ] compressor_03: RPM stable at 117
2026-05-01T18:42:14.278 [INFO    ] valve_05: System heartbeat OK
2026-05-01T18:42:14.529 [ERROR   ] conveyor_04: Sensor read FAILED — register 0x0003 timeout
2026-05-01T18:42:14.779 [INFO    ] compressor_03: Sensor read cycle complete
2026-05-01T18:42:15.030 [WARNING ] pump_01: Retry attempt 12 for register 0x0002
2026-05-01T18:42:15.281 [WARNING ] pump_01: Retry attempt 92 for register 0x0002
2026-05-01T18:42:15.532 [CRITICAL] conveyor_04: Catastrophic vibration: 29.0 Hz — shutting down
2026-05-01T18:42:15.782 [WARNING ] conveyor_04: Response latency high: 37ms
2026-05-01T18:42:16.033 [WARNING ] valve_05: Vibration spike detected: 85.4 Hz
2026-05-01T18:42:16.284 [INFO    ] motor_02: Temperature within normal range: 76.9°C
2026-05-01T18:42:16.534 [ERROR   ] valve_05: Motor stall detected — RPM dropped to 94
2026-05-01T18:42:16.785 [INFO    ] valve_05: Connection alive
2026-05-01T18:42:17.036 [INFO    ] valve_05: Sensor read cycle complete
2026-05-01T18:42:17.286 [ERROR   ] conveyor_04: Communication error: CRC mismatch
2026-05-01T18:42:17.537 [ERROR   ] compressor_03: Communication error: CRC mismatch
2026-05-01T18:42:17.787 [INFO    ] motor_02: Sensor read cycle complete
2026-05-01T18:42:18.038 [INFO    ] valve_05: Sensor read cycle complete
2026-05-01T18:42:18.288 [WARNING ] valve_05: Vibration spike detected: 51.7 Hz
2026-05-01T18:42:18.538 [ERROR   ] conveyor_04: Sensor read FAILED — register 0x0003 timeout
2026-05-01T18:42:18.789 [CRITICAL] conveyor_04: EMERGENCY STOP triggered — safety interlock activated
2026-05-01T18:42:19.040 [WARNING ] conveyor_04: Retry attempt 24 for register 0x0002
2026-05-01T18:42:19.290 [CRITICAL] valve_05: Catastrophic vibration: 103.9 Hz — shutting down
2026-05-01T18:42:19.541 [INFO    ] compressor_03: System heartbeat OK
2026-05-01T18:42:19.791 [ERROR   ] compressor_03: Over-temperature limit exceeded: 17.5°C
2026-05-01T18:42:20.042 [INFO    ] compressor_03: Temperature within normal range: 30.5°C
2026-05-01T18:42:20.292 [INFO    ] compressor_03: Temperature within normal range: 78.3°C
2026-05-01T18:42:20.543 [INFO    ] conveyor_04: Pressure normal: 89.71 bar
2026-05-01T18:42:20.793 [INFO    ] compressor_03: Pressure normal: 62.82 bar
2026-05-01T18:42:21.044 [CRITICAL] compressor_03: Power supply failure detected
2026-05-01T18:42:21.295 [INFO    ] conveyor_04: Sensor read cycle complete
2026-05-01T18:42:21.546 [WARNING ] valve_05: Vibration spike detected: 64.3 Hz
2026-05-01T18:42:21.796 [WARNING ] pump_01: Response latency high: 25ms
2026-05-01T18:42:22.047 [INFO    ] pump_01: Pressure normal: 14.22 bar
2026-05-01T18:42:22.298 [INFO    ] conveyor_04: Pressure normal: 62.59 bar
2026-05-01T18:42:22.549 [INFO    ] pump_01: Sensor read cycle complete
2026-05-01T18:42:22.799 [WARNING ] motor_02: Vibration spike detected: 17.8 Hz
2026-05-01T18:42:23.050 [ERROR   ] pump_01: Motor stall detected — RPM dropped to 21
2026-05-01T18:42:23.301 [INFO    ] pump_01: Connection alive
2026-05-01T18:42:23.552 [INFO    ] motor_02: Pressure normal: 86.32 bar
2026-05-01T18:42:23.803 [INFO    ] valve_05: System heartbeat OK
2026-05-01T18:42:24.053 [INFO    ] valve_05: Sensor read cycle complete
2026-05-01T18:42:24.304 [INFO    ] motor_02: Sensor read cycle complete
2026-05-01T18:42:24.555 [INFO    ] motor_02: Connection alive
2026-05-01T18:42:24.805 [WARNING ] motor_02: Buffer utilisation at 94%
2026-05-01T18:42:25.056 [INFO    ] motor_02: System heartbeat OK
2026-05-01T18:42:25.307 [INFO    ] motor_02: RPM stable at 25
2026-05-01T18:42:25.558 [INFO    ] compressor_03: Sensor read cycle complete
2026-05-01T18:42:25.809 [WARNING ] valve_05: Retry attempt 101 for register 0x0002
2026-05-01T18:42:26.059 [INFO    ] compressor_03: Temperature within normal range: 33.6°C
2026-05-01T18:42:26.310 [INFO    ] conveyor_04: Pressure normal: 118.47 bar
2026-05-01T18:42:26.560 [INFO    ] motor_02: Sensor read cycle complete
2026-05-01T18:42:26.811 [INFO    ] pump_01: RPM stable at 63
2026-05-01T18:42:27.061 [INFO    ] valve_05: RPM stable at 104
2026-05-01T18:42:27.312 [INFO    ] conveyor_04: Pressure normal: 77.40 bar
2026-05-01T18:42:27.563 [INFO    ] valve_05: Connection alive
2026-05-01T18:42:27.814 [WARNING ] valve_05: Temperature elevated: 57.3°C — threshold 75°C
2026-05-01T18:42:28.064 [INFO    ] compressor_03: Temperature within normal range: 91.1°C
2026-05-01T18:42:28.314 [ERROR   ] pump_01: Sensor read FAILED — register 0x0003 timeout
2026-05-01T18:42:28.565 [INFO    ] valve_05: Connection alive
2026-05-01T18:42:28.817 [WARNING ] conveyor_04: Response latency high: 85ms
2026-05-01T18:42:29.068 [INFO    ] motor_02: Connection alive
2026-05-01T18:42:29.321 [INFO    ] motor_02: Temperature within normal range: 74.8°C
2026-05-01T18:42:29.572 [INFO    ] pump_01: Connection alive
2026-05-01T18:42:29.822 [WARNING ] conveyor_04: Vibration spike detected: 101.8 Hz
2026-05-01T18:42:30.074 [WARNING ] motor_02: Response latency high: 70ms
2026-05-01T18:42:30.324 [ERROR   ] compressor_03: Motor stall detected — RPM dropped to 83
2026-05-01T18:42:30.575 [INFO    ] compressor_03: Sensor read cycle complete
2026-05-01T18:42:30.826 [INFO    ] conveyor_04: Temperature within normal range: 61.8°C
2026-05-01T18:42:31.077 [CRITICAL] compressor_03: EMERGENCY STOP triggered — safety interlock activated
2026-05-01T18:42:31.328 [CRITICAL] compressor_03: Catastrophic vibration: 106.5 Hz — shutting down
2026-05-01T18:42:31.579 [INFO    ] motor_02: RPM stable at 52
2026-05-01T18:42:31.830 [WARNING ] motor_02: Vibration spike detected: 11.6 Hz
2026-05-01T18:42:32.080 [INFO    ] motor_02: RPM stable at 75
2026-05-01T18:42:32.331 [INFO    ] compressor_03: System heartbeat OK
2026-05-01T18:42:32.582 [INFO    ] compressor_03: Temperature within normal range: 11.8°C
2026-05-01T18:42:32.833 [WARNING ] motor_02: Buffer utilisation at 98%
2026-05-01T18:42:33.084 [INFO    ] valve_05: Pressure normal: 49.44 bar
2026-05-01T18:42:33.334 [INFO    ] conveyor_04: Sensor read cycle complete
2026-05-01T18:42:33.585 [INFO    ] valve_05: Connection alive
2026-05-01T18:42:33.835 [INFO    ] compressor_03: Connection alive
2026-05-01T18:42:34.088 [WARNING ] compressor_03: Temperature elevated: 83.6°C — threshold 75°C
2026-05-01T18:42:34.339 [INFO    ] conveyor_04: Sensor read cycle complete
2026-05-01T18:42:34.589 [INFO    ] motor_02: System heartbeat OK
2026-05-01T18:42:34.841 [INFO    ] pump_01: System heartbeat OK
2026-05-01T18:42:35.092 [INFO    ] valve_05: Sensor read cycle complete
2026-05-01T18:42:35.343 [INFO    ] conveyor_04: Temperature within normal range: 47.2°C
2026-05-01T18:42:35.594 [INFO    ] conveyor_04: RPM stable at 85
2026-05-01T18:42:35.845 [INFO    ] valve_05: System heartbeat OK
2026-05-01T18:42:36.095 [INFO    ] compressor_03: Connection alive
2026-05-01T18:42:36.346 [INFO    ] compressor_03: Temperature within normal range: 68.2°C
2026-05-01T18:42:36.596 [CRITICAL] compressor_03: EMERGENCY STOP triggered — safety interlock activated
2026-05-01T18:42:36.847 [WARNING ] valve_05: Response latency high: 49ms
2026-05-01T18:42:37.097 [INFO    ] valve_05: Pressure normal: 78.94 bar
2026-05-01T18:42:37.348 [WARNING ] motor_02: Temperature elevated: 52.3°C — threshold 75°C
2026-05-01T18:42:37.599 [INFO    ] motor_02: System heartbeat OK
2026-05-01T18:42:37.851 [INFO    ] compressor_03: System heartbeat OK
2026-05-01T18:42:38.102 [WARNING ] valve_05: Buffer utilisation at 96%
2026-05-01T18:42:38.352 [INFO    ] pump_01: Temperature within normal range: 105.9°C
2026-05-01T18:42:38.603 [INFO    ] pump_01: RPM stable at 52
2026-05-01T18:42:38.854 [INFO    ] compressor_03: Temperature within normal range: 114.1°C
2026-05-01T18:42:39.104 [WARNING ] conveyor_04: Response latency high: 105ms
2026-05-01T18:42:39.355 [WARNING ] compressor_03: Retry attempt 33 for register 0x0002
2026-05-01T18:42:39.605 [WARNING ] compressor_03: Response latency high: 55ms
2026-05-01T18:42:39.856 [ERROR   ] valve_05: Motor stall detected — RPM dropped to 44
2026-05-01T18:42:40.107 [WARNING ] pump_01: Buffer utilisation at 18%
2026-05-01T18:42:40.358 [ERROR   ] motor_02: Over-temperature limit exceeded: 75.3°C
2026-05-01T18:42:40.609 [INFO    ] compressor_03: Sensor read cycle complete
2026-05-01T18:42:40.859 [WARNING ] pump_01: Retry attempt 43 for register 0x0002
2026-05-01T18:42:41.110 [INFO    ] compressor_03: Pressure normal: 37.35 bar
2026-05-01T18:42:41.361 [INFO    ] conveyor_04: Sensor read cycle complete
2026-05-01T18:42:41.612 [WARNING ] compressor_03: Vibration spike detected: 118.3 Hz
2026-05-01T18:42:41.863 [INFO    ] valve_05: Temperature within normal range: 26.0°C
2026-05-01T18:42:42.114 [CRITICAL] valve_05: Power supply failure detected
2026-05-01T18:42:42.364 [WARNING ] motor_02: Vibration spike detected: 14.7 Hz
2026-05-01T18:42:42.614 [ERROR   ] compressor_03: Sensor read FAILED — register 0x0003 timeout
2026-05-01T18:42:42.865 [WARNING ] pump_01: Vibration spike detected: 90.3 Hz
2026-05-01T18:42:43.116 [CRITICAL] conveyor_04: EMERGENCY STOP triggered — safety interlock activated
2026-05-01T18:42:43.367 [WARNING ] valve_05: Buffer utilisation at 117%
2026-05-01T18:42:43.618 [INFO    ] conveyor_04: Pressure normal: 11.97 bar
2026-05-01T18:42:43.869 [INFO    ] conveyor_04: Temperature within normal range: 22.0°C
2026-05-01T18:42:44.120 [ERROR   ] motor_02: Sensor read FAILED — register 0x0003 timeout
2026-05-01T18:42:44.371 [INFO    ] motor_02: Temperature within normal range: 108.7°C
2026-05-01T18:42:44.622 [INFO    ] motor_02: RPM stable at 108
2026-05-01T18:42:44.873 [INFO    ] valve_05: RPM stable at 90
2026-05-01T18:42:45.124 [CRITICAL] compressor_03: Catastrophic vibration: 84.2 Hz — shutting down
2026-05-01T18:42:45.374 [INFO    ] motor_02: Connection alive
2026-05-01T18:42:45.625 [INFO    ] conveyor_04: Temperature within normal range: 69.9°C
2026-05-01T18:42:45.876 [INFO    ] compressor_03: Connection alive
2026-05-01T18:42:46.127 [WARNING ] valve_05: Temperature elevated: 96.6°C — threshold 75°C
2026-05-01T18:42:46.377 [ERROR   ] conveyor_04: Communication error: CRC mismatch
2026-05-01T18:42:46.628 [INFO    ] compressor_03: Temperature within normal range: 60.8°C
2026-05-01T18:42:46.878 [WARNING ] conveyor_04: Temperature elevated: 65.9°C — threshold 75°C
2026-05-01T18:42:47.129 [WARNING ] valve_05: Response latency high: 95ms
2026-05-01T18:42:47.380 [INFO    ] pump_01: Pressure normal: 110.86 bar
2026-05-01T18:42:47.631 [ERROR   ] pump_01: Sensor read FAILED — register 0x0003 timeout
2026-05-01T18:42:47.882 [INFO    ] conveyor_04: Sensor read cycle complete
2026-05-01T18:42:48.133 [INFO    ] motor_02: Pressure normal: 82.87 bar
2026-05-01T18:42:48.384 [INFO    ] pump_01: Temperature within normal range: 45.9°C
2026-05-01T18:42:48.634 [INFO    ] conveyor_04: Pressure normal: 94.45 bar
2026-05-01T18:42:48.885 [INFO    ] motor_02: RPM stable at 90
2026-05-01T18:42:49.135 [WARNING ] valve_05: Retry attempt 95 for register 0x0002
2026-05-01T18:42:49.386 [INFO    ] compressor_03: Connection alive
2026-05-01T18:42:49.636 [WARNING ] compressor_03: Response latency high: 104ms
2026-05-01T18:42:49.887 [WARNING ] compressor_03: Retry attempt 36 for register 0x0002
2026-05-01T18:42:50.138 [INFO    ] compressor_03: System heartbeat OK
2026-05-01T18:42:50.388 [INFO    ] valve_05: Temperature within normal range: 48.5°C
2026-05-01T18:42:50.639 [INFO    ] motor_02: Temperature within normal range: 25.3°C
2026-05-01T18:42:50.890 [INFO    ] conveyor_04: Pressure normal: 22.70 bar
2026-05-01T18:42:51.140 [WARNING ] compressor_03: Retry attempt 87 for register 0x0002
2026-05-01T18:42:51.392 [WARNING ] motor_02: Response latency high: 16ms
2026-05-01T18:42:51.642 [ERROR   ] conveyor_04: Sensor read FAILED — register 0x0003 timeout
2026-05-01T18:42:51.893 [WARNING ] pump_01: Temperature elevated: 89.2°C — threshold 75°C
2026-05-01T18:42:52.143 [INFO    ] valve_05: Temperature within normal range: 33.2°C
2026-05-01T18:42:52.394 [ERROR   ] compressor_03: Communication error: CRC mismatch
2026-05-01T18:42:52.644 [WARNING ] compressor_03: Retry attempt 32 for register 0x0002
2026-05-01T18:42:52.895 [CRITICAL] conveyor_04: Catastrophic vibration: 104.7 Hz — shutting down
2026-05-01T18:42:53.146 [INFO    ] motor_02: Pressure normal: 46.56 bar
2026-05-01T18:42:53.396 [ERROR   ] motor_02: Motor stall detected — RPM dropped to 82
2026-05-01T18:42:53.647 [WARNING ] compressor_03: Temperature elevated: 35.9°C — threshold 75°C
2026-05-01T18:42:53.899 [CRITICAL] motor_02: EMERGENCY STOP triggered — safety interlock activated
2026-05-01T18:42:54.151 [INFO    ] compressor_03: Temperature within normal range: 29.3°C
2026-05-01T18:42:54.401 [INFO    ] motor_02: Pressure normal: 69.63 bar
2026-05-01T18:42:54.652 [INFO    ] pump_01: System heartbeat OK
2026-05-01T18:42:54.903 [INFO    ] compressor_03: System heartbeat OK
2026-05-01T18:42:55.154 [INFO    ] motor_02: Temperature within normal range: 105.5°C
2026-05-01T18:42:55.404 [INFO    ] motor_02: Connection alive
2026-05-01T18:42:55.656 [WARNING ] pump_01: Response latency high: 67ms
2026-05-01T18:42:55.906 [WARNING ] conveyor_04: Response latency high: 103ms
2026-05-01T18:42:56.157 [WARNING ] pump_01: Buffer utilisation at 28%
2026-05-01T18:42:56.407 [INFO    ] compressor_03: Connection alive
2026-05-01T18:42:56.658 [INFO    ] compressor_03: Connection alive
2026-05-01T18:42:56.909 [INFO    ] motor_02: Sensor read cycle complete
2026-05-01T18:42:57.165 [INFO    ] pump_01: Connection alive
2026-05-01T18:42:57.416 [ERROR   ] valve_05: Communication error: CRC mismatch
2026-05-01T18:42:57.667 [WARNING ] compressor_03: Temperature elevated: 33.6°C — threshold 75°C
2026-05-01T18:42:57.917 [INFO    ] valve_05: Temperature within normal range: 57.1°C
2026-05-01T18:42:58.168 [INFO    ] conveyor_04: Sensor read cycle complete
2026-05-01T18:42:58.419 [WARNING ] pump_01: Retry attempt 58 for register 0x0002
2026-05-01T18:42:58.670 [INFO    ] pump_01: Temperature within normal range: 31.9°C
2026-05-01T18:42:58.920 [INFO    ] motor_02: Connection alive
2026-05-01T18:42:59.171 [INFO    ] conveyor_04: Connection alive
2026-05-01T18:42:59.421 [INFO    ] valve_05: Connection alive
2026-05-01T18:42:59.672 [INFO    ] motor_02: RPM stable at 117
2026-05-01T18:42:59.923 [INFO    ] compressor_03: RPM stable at 21
2026-05-01T18:43:00.173 [WARNING ] conveyor_04: Response latency high: 110ms
2026-05-01T18:43:00.424 [ERROR   ] conveyor_04: Sensor read FAILED — register 0x0003 timeout
2026-05-01T18:43:00.675 [INFO    ] motor_02: RPM stable at 39
2026-05-01T18:43:00.925 [WARNING ] motor_02: Response latency high: 26ms
2026-05-01T18:43:01.178 [WARNING ] pump_01: Vibration spike detected: 101.2 Hz
2026-05-01T18:43:01.431 [ERROR   ] conveyor_04: Motor stall detected — RPM dropped to 23
2026-05-01T18:43:01.682 [INFO    ] pump_01: Pressure normal: 98.90 bar
2026-05-01T18:43:01.933 [WARNING ] compressor_03: Retry attempt 73 for register 0x0002
2026-05-01T18:43:02.185 [INFO    ] motor_02: Pressure normal: 117.50 bar
2026-05-01T18:43:02.436 [INFO    ] motor_02: Connection alive
2026-05-01T18:43:02.687 [WARNING ] valve_05: Buffer utilisation at 49%
2026-05-01T18:43:02.938 [INFO    ] compressor_03: Connection alive
2026-05-01T18:43:03.188 [INFO    ] motor_02: RPM stable at 19
2026-05-01T18:43:03.439 [INFO    ] valve_05: Connection alive
2026-05-01T18:43:03.689 [ERROR   ] conveyor_04: Communication error: CRC mismatch
2026-05-01T18:43:03.939 [ERROR   ] motor_02: Communication error: CRC mismatch
2026-05-01T18:43:04.190 [INFO    ] pump_01: Pressure normal: 23.17 bar
2026-05-01T18:43:04.447 [INFO    ] compressor_03: RPM stable at 105
2026-05-01T18:43:04.699 [INFO    ] pump_01: Pressure normal: 13.60 bar
2026-05-01T18:43:04.951 [ERROR   ] conveyor_04: Motor stall detected — RPM dropped to 57
2026-05-01T18:43:05.206 [WARNING ] motor_02: Vibration spike detected: 107.0 Hz
2026-05-01T18:43:05.458 [INFO    ] compressor_03: Sensor read cycle complete
2026-05-01T18:43:05.709 [INFO    ] pump_01: Connection alive
2026-05-01T18:43:05.962 [WARNING ] valve_05: Retry attempt 22 for register 0x0002
2026-05-01T18:43:06.212 [INFO    ] pump_01: Connection alive
2026-05-01T18:43:06.463 [INFO    ] motor_02: RPM stable at 21
2026-05-01T18:43:06.714 [INFO    ] motor_02: Sensor read cycle complete
2026-05-01T18:43:06.965 [ERROR   ] pump_01: Sensor read FAILED — register 0x0003 timeout
2026-05-01T18:43:07.215 [WARNING ] motor_02: Temperature elevated: 73.5°C — threshold 75°C
2026-05-01T18:43:07.468 [WARNING ] valve_05: Buffer utilisation at 116%
2026-05-01T18:43:07.719 [INFO    ] compressor_03: Temperature within normal range: 107.3°C
2026-05-01T18:43:07.970 [ERROR   ] motor_02: Sensor read FAILED — register 0x0003 timeout
2026-05-01T18:43:08.220 [INFO    ] conveyor_04: System heartbeat OK
2026-05-01T18:43:08.471 [INFO    ] motor_02: System heartbeat OK
2026-05-01T18:43:08.721 [WARNING ] pump_01: Vibration spike detected: 47.4 Hz
2026-05-01T18:43:08.972 [INFO    ] conveyor_04: RPM stable at 74
2026-05-01T18:43:09.223 [WARNING ] conveyor_04: Response latency high: 83ms
2026-05-01T18:43:09.473 [INFO    ] motor_02: Connection alive
2026-05-01T18:43:09.724 [WARNING ] motor_02: Temperature elevated: 98.1°C — threshold 75°C
2026-05-01T18:43:09.974 [INFO    ] valve_05: Connection alive
2026-05-01T18:43:10.225 [INFO    ] valve_05: Pressure normal: 94.03 bar
2026-05-01T18:43:10.476 [INFO    ] pump_01: Temperature within normal range: 25.0°C
2026-05-01T18:43:10.726 [WARNING ] valve_05: Retry attempt 48 for register 0x0002
2026-05-01T18:43:10.977 [INFO    ] valve_05: Pressure normal: 90.55 bar
2026-05-01T18:43:11.227 [WARNING ] motor_02: Vibration spike detected: 39.5 Hz
2026-05-01T18:43:11.478 [INFO    ] conveyor_04: System heartbeat OK
2026-05-01T18:43:11.729 [INFO    ] conveyor_04: Sensor read cycle complete
2026-05-01T18:43:11.981 [CRITICAL] motor_02: Power supply failure detected
2026-05-01T18:43:12.231 [INFO    ] pump_01: RPM stable at 35
2026-05-01T18:43:12.483 [INFO    ] pump_01: Sensor read cycle complete
2026-05-01T18:43:12.733 [INFO    ] pump_01: Temperature within normal range: 79.3°C
2026-05-01T18:43:12.984 [INFO    ] conveyor_04: System heartbeat OK
2026-05-01T18:43:13.234 [INFO    ] motor_02: Temperature within normal range: 60.3°C
2026-05-01T18:43:13.485 [WARNING ] pump_01: Temperature elevated: 51.8°C — threshold 75°C
2026-05-01T18:43:13.736 [INFO    ] motor_02: Temperature within normal range: 80.5°C
2026-05-01T18:43:13.986 [INFO    ] compressor_03: Temperature within normal range: 79.0°C
2026-05-01T18:43:14.237 [WARNING ] conveyor_04: Temperature elevated: 95.0°C — threshold 75°C
2026-05-01T18:43:14.488 [INFO    ] conveyor_04: Temperature within normal range: 78.3°C
2026-05-01T18:43:14.738 [INFO    ] valve_05: Connection alive
2026-05-01T18:43:14.989 [INFO    ] compressor_03: Connection alive
2026-05-01T18:43:15.239 [INFO    ] motor_02: Connection alive
2026-05-01T18:43:15.490 [ERROR   ] valve_05: Over-temperature limit exceeded: 113.7°C
2026-05-01T18:43:15.741 [INFO    ] conveyor_04: Sensor read cycle complete
2026-05-01T18:43:15.991 [CRITICAL] compressor_03: Power supply failure detected
2026-05-01T18:43:16.242 [CRITICAL] pump_01: Catastrophic vibration: 49.5 Hz — shutting down
2026-05-01T18:43:16.494 [WARNING ] valve_05: Retry attempt 77 for register 0x0002
2026-05-01T18:43:16.746 [CRITICAL] motor_02: EMERGENCY STOP triggered — safety interlock activated
2026-05-01T18:43:16.997 [WARNING ] conveyor_04: Temperature elevated: 43.0°C — threshold 75°C
2026-05-01T18:43:17.248 [INFO    ] conveyor_04: Connection alive
2026-05-01T18:43:17.499 [WARNING ] conveyor_04: Vibration spike detected: 87.5 Hz
2026-05-01T18:43:17.750 [INFO    ] valve_05: Sensor read cycle complete
2026-05-01T18:43:18.000 [INFO    ] pump_01: System heartbeat OK
2026-05-01T18:43:18.251 [INFO    ] compressor_03: Connection alive
2026-05-01T18:43:18.502 [WARNING ] conveyor_04: Buffer utilisation at 82%
2026-05-01T18:43:18.753 [CRITICAL] motor_02: Power supply failure detected
2026-05-01T18:43:19.003 [INFO    ] motor_02: Temperature within normal range: 19.9°C
2026-05-01T18:43:19.254 [INFO    ] pump_01: System heartbeat OK
2026-05-01T18:43:19.505 [INFO    ] pump_01: Connection alive
2026-05-01T18:43:19.756 [INFO    ] pump_01: System heartbeat OK
2026-05-01T18:43:20.006 [ERROR   ] valve_05: Over-temperature limit exceeded: 108.3°C
2026-05-01T18:43:20.257 [ERROR   ] conveyor_04: Sensor read FAILED — register 0x0003 timeout
2026-05-01T18:43:20.508 [INFO    ] pump_01: Pressure normal: 57.84 bar
2026-05-01T18:43:20.759 [WARNING ] compressor_03: Temperature elevated: 108.1°C — threshold 75°C
2026-05-01T18:43:21.010 [ERROR   ] valve_05: Over-temperature limit exceeded: 51.3°C
2026-05-01T18:43:21.261 [INFO    ] pump_01: Temperature within normal range: 100.2°C
2026-05-01T18:43:21.512 [INFO    ] motor_02: Pressure normal: 62.06 bar
2026-05-01T18:43:21.776 [CRITICAL] pump_01: Power supply failure detected
2026-05-01T18:43:22.027 [INFO    ] motor_02: Temperature within normal range: 33.7°C
2026-05-01T18:43:22.278 [ERROR   ] conveyor_04: Over-temperature limit exceeded: 31.6°C
2026-05-01T18:43:22.529 [INFO    ] motor_02: Pressure normal: 18.42 bar
2026-05-01T18:43:22.780 [INFO    ] conveyor_04: Connection alive
2026-05-01T18:43:23.030 [INFO    ] valve_05: Temperature within normal range: 113.2°C
2026-05-01T18:43:23.280 [INFO    ] conveyor_04: Connection alive
2026-05-01T18:43:23.531 [INFO    ] motor_02: Connection alive
2026-05-01T18:43:23.781 [INFO    ] valve_05: Temperature within normal range: 62.6°C
2026-05-01T18:43:24.032 [WARNING ] motor_02: Buffer utilisation at 34%
2026-05-01T18:43:24.283 [INFO    ] conveyor_04: RPM stable at 93
2026-05-01T18:43:24.534 [WARNING ] pump_01: Retry attempt 40 for register 0x0002
2026-05-01T18:43:24.785 [INFO    ] compressor_03: Temperature within normal range: 29.0°C
2026-05-01T18:43:25.035 [INFO    ] compressor_03: RPM stable at 19
2026-05-01T18:43:25.286 [INFO    ] pump_01: Pressure normal: 60.97 bar
2026-05-01T18:43:25.537 [ERROR   ] pump_01: Over-temperature limit exceeded: 35.3°C
2026-05-01T18:43:25.787 [INFO    ] compressor_03: Pressure normal: 36.59 bar
2026-05-01T18:43:26.038 [WARNING ] pump_01: Retry attempt 34 for register 0x0002
2026-05-01T18:43:26.289 [INFO    ] conveyor_04: System heartbeat OK
2026-05-01T18:43:26.539 [INFO    ] pump_01: RPM stable at 67
2026-05-01T18:43:26.790 [ERROR   ] conveyor_04: Communication error: CRC mismatch
2026-05-01T18:43:27.041 [INFO    ] conveyor_04: Pressure normal: 88.36 bar
2026-05-01T18:43:27.292 [INFO    ] motor_02: Sensor read cycle complete
2026-05-01T18:43:27.543 [WARNING ] compressor_03: Vibration spike detected: 77.6 Hz
2026-05-01T18:43:27.794 [ERROR   ] compressor_03: Over-temperature limit exceeded: 89.0°C
2026-05-01T18:43:28.045 [INFO    ] compressor_03: System heartbeat OK
2026-05-01T18:43:28.295 [INFO    ] conveyor_04: Connection alive
2026-05-01T18:43:28.546 [CRITICAL] conveyor_04: Power supply failure detected
2026-05-01T18:43:28.797 [INFO    ] motor_02: RPM stable at 105
2026-05-01T18:43:29.048 [INFO    ] conveyor_04: RPM stable at 44
2026-05-01T18:43:29.299 [WARNING ] valve_05: Temperature elevated: 43.6°C — threshold 75°C
2026-05-01T18:43:29.549 [ERROR   ] conveyor_04: Over-temperature limit exceeded: 86.7°C
2026-05-01T18:43:29.800 [CRITICAL] motor_02: EMERGENCY STOP triggered — safety interlock activated
2026-05-01T18:43:30.051 [INFO    ] valve_05: RPM stable at 43
2026-05-01T18:43:30.302 [INFO    ] pump_01: Temperature within normal range: 94.9°C
2026-05-01T18:43:30.552 [INFO    ] conveyor_04: Pressure normal: 27.68 bar
2026-05-01T18:43:30.803 [ERROR   ] valve_05: Motor stall detected — RPM dropped to 32
2026-05-01T18:43:31.054 [ERROR   ] motor_02: Over-temperature limit exceeded: 22.5°C
2026-05-01T18:43:31.305 [WARNING ] conveyor_04: Response latency high: 92ms
2026-05-01T18:43:31.556 [WARNING ] compressor_03: Buffer utilisation at 66%
2026-05-01T18:43:31.807 [ERROR   ] pump_01: Sensor read FAILED — register 0x0003 timeout
2026-05-01T18:43:32.058 [WARNING ] pump_01: Temperature elevated: 35.7°C — threshold 75°C
2026-05-01T18:43:32.309 [ERROR   ] conveyor_04: Over-temperature limit exceeded: 11.5°C
2026-05-01T18:43:32.560 [INFO    ] compressor_03: Pressure normal: 32.69 bar
2026-05-01T18:43:32.812 [INFO    ] motor_02: Connection alive
2026-05-01T18:43:33.064 [CRITICAL] conveyor_04: EMERGENCY STOP triggered — safety interlock activated
2026-05-01T18:43:33.318 [INFO    ] conveyor_04: RPM stable at 64
2026-05-01T18:43:33.570 [WARNING ] compressor_03: Response latency high: 22ms
2026-05-01T18:43:33.820 [CRITICAL] compressor_03: Catastrophic vibration: 117.9 Hz — shutting down
2026-05-01T18:43:34.071 [CRITICAL] compressor_03: EMERGENCY STOP triggered — safety interlock activated
2026-05-01T18:43:34.322 [WARNING ] pump_01: Temperature elevated: 37.7°C — threshold 75°C
2026-05-01T18:43:34.572 [INFO    ] pump_01: Pressure normal: 31.84 bar
2026-05-01T18:43:34.823 [INFO    ] motor_02: Connection alive
2026-05-01T18:43:35.074 [ERROR   ] compressor_03: Communication error: CRC mismatch
2026-05-01T18:43:35.325 [WARNING ] motor_02: Retry attempt 104 for register 0x0002
2026-05-01T18:43:35.575 [WARNING ] conveyor_04: Response latency high: 110ms
2026-05-01T18:43:35.826 [WARNING ] pump_01: Buffer utilisation at 119%
2026-05-01T18:43:36.076 [INFO    ] pump_01: Connection alive
2026-05-01T18:43:36.327 [INFO    ] motor_02: Sensor read cycle complete
2026-05-01T18:43:36.581 [WARNING ] valve_05: Vibration spike detected: 62.5 Hz
2026-05-01T18:43:36.832 [WARNING ] valve_05: Retry attempt 32 for register 0x0002
2026-05-01T18:43:37.082 [WARNING ] valve_05: Temperature elevated: 111.2°C — threshold 75°C
2026-05-01T18:43:37.333 [WARNING ] motor_02: Retry attempt 51 for register 0x0002
2026-05-01T18:43:37.583 [INFO    ] motor_02: Sensor read cycle complete
2026-05-01T18:43:37.834 [INFO    ] conveyor_04: Temperature within normal range: 26.8°C
2026-05-01T18:43:38.086 [WARNING ] valve_05: Temperature elevated: 14.1°C — threshold 75°C
2026-05-01T18:43:38.337 [ERROR   ] pump_01: Motor stall detected — RPM dropped to 28
2026-05-01T18:43:38.587 [WARNING ] pump_01: Buffer utilisation at 56%
2026-05-01T18:43:38.838 [WARNING ] conveyor_04: Retry attempt 32 for register 0x0002
2026-05-01T18:43:39.089 [CRITICAL] pump_01: EMERGENCY STOP triggered — safety interlock activated
2026-05-01T18:43:39.343 [WARNING ] motor_02: Retry attempt 50 for register 0x0002
2026-05-01T18:43:39.594 [INFO    ] compressor_03: Temperature within normal range: 44.2°C
2026-05-01T18:43:39.845 [INFO    ] compressor_03: System heartbeat OK
2026-05-01T18:43:40.096 [INFO    ] compressor_03: Connection alive
2026-05-01T18:43:40.350 [WARNING ] compressor_03: Retry attempt 105 for register 0x0002
2026-05-01T18:43:40.601 [INFO    ] pump_01: System heartbeat OK
2026-05-01T18:43:40.852 [WARNING ] conveyor_04: Retry attempt 60 for register 0x0002
2026-05-01T18:43:41.103 [INFO    ] compressor_03: Connection alive
2026-05-01T18:43:41.354 [INFO    ] valve_05: RPM stable at 101
2026-05-01T18:43:41.605 [INFO    ] conveyor_04: Connection alive
2026-05-01T18:43:41.855 [INFO    ] conveyor_04: Connection alive
2026-05-01T18:43:42.106 [INFO    ] valve_05: RPM stable at 88
2026-05-01T18:43:42.357 [INFO    ] compressor_03: System heartbeat OK
2026-05-01T18:43:42.608 [WARNING ] pump_01: Retry attempt 89 for register 0x0002
2026-05-01T18:43:42.859 [INFO    ] conveyor_04: Temperature within normal range: 60.5°C
2026-05-01T18:43:43.109 [WARNING ] compressor_03: Response latency high: 104ms
2026-05-01T18:43:43.360 [CRITICAL] conveyor_04: EMERGENCY STOP triggered — safety interlock activated
2026-05-01T18:43:43.611 [INFO    ] compressor_03: RPM stable at 93
2026-05-01T18:43:43.862 [WARNING ] conveyor_04: Retry attempt 89 for register 0x0002
2026-05-01T18:43:44.112 [INFO    ] motor_02: Connection alive
2026-05-01T18:43:44.363 [CRITICAL] pump_01: EMERGENCY STOP triggered — safety interlock activated
2026-05-01T18:43:44.615 [INFO    ] valve_05: RPM stable at 83
2026-05-01T18:43:44.865 [INFO    ] pump_01: Pressure normal: 11.21 bar
2026-05-01T18:43:45.116 [INFO    ] pump_01: System heartbeat OK
2026-05-01T18:43:45.367 [INFO    ] compressor_03: Temperature within normal range: 10.4°C
2026-05-01T18:43:45.618 [INFO    ] compressor_03: Sensor read cycle complete
2026-05-01T18:43:45.868 [INFO    ] valve_05: RPM stable at 94
2026-05-01T18:43:46.120 [INFO    ] compressor_03: System heartbeat OK
2026-05-01T18:43:46.370 [WARNING ] motor_02: Retry attempt 69 for register 0x0002
2026-05-01T18:43:46.621 [INFO    ] motor_02: RPM stable at 119
2026-05-01T18:43:46.872 [INFO    ] compressor_03: System heartbeat OK
2026-05-01T18:43:47.126 [INFO    ] compressor_03: RPM stable at 41
2026-05-01T18:43:47.376 [INFO    ] pump_01: Connection alive
2026-05-01T18:43:47.627 [WARNING ] pump_01: Temperature elevated: 98.5°C — threshold 75°C
2026-05-01T18:43:47.878 [INFO    ] valve_05: Temperature within normal range: 92.0°C
2026-05-01T18:43:48.128 [WARNING ] motor_02: Vibration spike detected: 92.0 Hz
2026-05-01T18:43:48.379 [WARNING ] compressor_03: Retry attempt 11 for register 0x0002
2026-05-01T18:43:48.631 [INFO    ] conveyor_04: Sensor read cycle complete
2026-05-01T18:43:48.882 [ERROR   ] conveyor_04: Over-temperature limit exceeded: 43.2°C
2026-05-01T18:43:49.133 [INFO    ] valve_05: Temperature within normal range: 54.5°C
2026-05-01T18:43:49.387 [INFO    ] motor_02: Temperature within normal range: 91.9°C
2026-05-01T18:43:49.640 [INFO    ] motor_02: Temperature within normal range: 16.2°C
2026-05-01T18:43:49.896 [INFO    ] conveyor_04: System heartbeat OK
2026-05-01T18:43:50.147 [WARNING ] motor_02: Response latency high: 110ms
2026-05-01T18:43:50.398 [INFO    ] conveyor_04: Temperature within normal range: 30.2°C
2026-05-01T18:43:50.648 [WARNING ] conveyor_04: Retry attempt 71 for register 0x0002
2026-05-01T18:43:50.901 [WARNING ] valve_05: Temperature elevated: 94.6°C — threshold 75°C
2026-05-01T18:43:51.152 [WARNING ] valve_05: Temperature elevated: 45.6°C — threshold 75°C
2026-05-01T18:43:51.402 [INFO    ] conveyor_04: Pressure normal: 33.34 bar
2026-05-01T18:43:51.654 [WARNING ] pump_01: Temperature elevated: 110.5°C — threshold 75°C
2026-05-01T18:43:51.905 [INFO    ] motor_02: Temperature within normal range: 101.7°C
2026-05-01T18:43:52.155 [INFO    ] conveyor_04: Sensor read cycle complete
2026-05-01T18:43:52.406 [WARNING ] valve_05: Temperature elevated: 118.5°C — threshold 75°C
2026-05-01T18:43:52.657 [INFO    ] pump_01: System heartbeat OK
2026-05-01T18:43:52.908 [WARNING ] compressor_03: Retry attempt 87 for register 0x0002
2026-05-01T18:43:53.158 [INFO    ] compressor_03: Sensor read cycle complete
2026-05-01T18:43:53.409 [INFO    ] compressor_03: Sensor read cycle complete
2026-05-01T18:43:53.660 [INFO    ] compressor_03: Sensor read cycle complete
2026-05-01T18:43:53.912 [INFO    ] conveyor_04: System heartbeat OK
2026-05-01T18:43:54.163 [ERROR   ] valve_05: Sensor read FAILED — register 0x0003 timeout
2026-05-01T18:43:54.416 [INFO    ] valve_05: Pressure normal: 40.92 bar
2026-05-01T18:43:54.667 [ERROR   ] valve_05: Motor stall detected — RPM dropped to 67
2026-05-01T18:43:54.918 [INFO    ] compressor_03: RPM stable at 89
2026-05-01T18:43:55.169 [ERROR   ] conveyor_04: Over-temperature limit exceeded: 73.5°C
2026-05-01T18:43:55.422 [CRITICAL] motor_02: Power supply failure detected
2026-05-01T18:43:55.672 [ERROR   ] motor_02: Communication error: CRC mismatch
2026-05-01T18:43:55.923 [WARNING ] pump_01: Response latency high: 44ms
2026-05-01T18:43:56.174 [INFO    ] conveyor_04: RPM stable at 100
2026-05-01T18:43:56.425 [INFO    ] pump_01: Connection alive
2026-05-01T18:43:56.676 [INFO    ] pump_01: Connection alive
2026-05-01T18:43:56.926 [WARNING ] motor_02: Response latency high: 108ms
2026-05-01T18:43:57.178 [INFO    ] motor_02: System heartbeat OK
2026-05-01T18:43:57.429 [INFO    ] valve_05: Sensor read cycle complete
2026-05-01T18:43:57.682 [INFO    ] conveyor_04: Temperature within normal range: 98.1°C
2026-05-01T18:43:57.933 [ERROR   ] pump_01: Communication error: CRC mismatch
2026-05-01T18:43:58.184 [INFO    ] conveyor_04: Sensor read cycle complete
2026-05-01T18:43:58.435 [INFO    ] conveyor_04: Sensor read cycle complete
2026-05-01T18:43:58.685 [INFO    ] motor_02: System heartbeat OK
2026-05-01T18:43:58.936 [WARNING ] pump_01: Vibration spike detected: 108.1 Hz
2026-05-01T18:43:59.187 [INFO    ] motor_02: Temperature within normal range: 103.8°C
2026-05-01T18:43:59.439 [INFO    ] motor_02: Connection alive
2026-05-01T18:43:59.690 [ERROR   ] compressor_03: Over-temperature limit exceeded: 58.3°C
2026-05-01T18:43:59.941 [INFO    ] valve_05: Connection alive
2026-05-01T18:44:00.192 [ERROR   ] valve_05: Over-temperature limit exceeded: 89.3°C
2026-05-01T18:44:00.442 [INFO    ] compressor_03: System heartbeat OK
2026-05-01T18:44:00.693 [ERROR   ] valve_05: Motor stall detected — RPM dropped to 113
2026-05-01T18:44:00.944 [WARNING ] compressor_03: Buffer utilisation at 30%
2026-05-01T18:44:01.194 [INFO    ] valve_05: Sensor read cycle complete
2026-05-01T18:44:01.445 [INFO    ] motor_02: Connection alive
2026-05-01T18:44:01.697 [INFO    ] motor_02: Connection alive
2026-05-01T18:44:01.948 [INFO    ] valve_05: Pressure normal: 103.49 bar
2026-05-01T18:44:02.198 [INFO    ] pump_01: Sensor read cycle complete
2026-05-01T18:44:02.449 [INFO    ] compressor_03: Temperature within normal range: 88.5°C
2026-05-01T18:44:02.700 [WARNING ] motor_02: Response latency high: 118ms
2026-05-01T18:44:02.950 [INFO    ] conveyor_04: Connection alive
2026-05-01T18:44:03.201 [INFO    ] pump_01: Pressure normal: 23.54 bar
2026-05-01T18:44:03.451 [ERROR   ] compressor_03: Communication error: CRC mismatch
2026-05-01T18:44:03.708 [ERROR   ] valve_05: Over-temperature limit exceeded: 65.3°C
2026-05-01T18:44:03.960 [INFO    ] conveyor_04: Connection alive
2026-05-01T18:44:04.210 [WARNING ] motor_02: Buffer utilisation at 44%
2026-05-01T18:44:04.462 [INFO    ] conveyor_04: RPM stable at 90
2026-05-01T18:44:04.713 [CRITICAL] motor_02: Power supply failure detected
2026-05-01T18:44:04.964 [CRITICAL] compressor_03: Power supply failure detected
2026-05-01T18:44:05.215 [CRITICAL] pump_01: EMERGENCY STOP triggered — safety interlock activated
2026-05-01T18:44:05.465 [INFO    ] conveyor_04: Temperature within normal range: 54.1°C
2026-05-01T18:44:05.716 [CRITICAL] conveyor_04: Catastrophic vibration: 33.0 Hz — shutting down
2026-05-01T18:44:05.967 [WARNING ] motor_02: Buffer utilisation at 100%
2026-05-01T18:44:06.218 [INFO    ] motor_02: Pressure normal: 92.18 bar
2026-05-01T18:44:06.469 [INFO    ] compressor_03: RPM stable at 66
2026-05-01T18:44:06.720 [INFO    ] pump_01: System heartbeat OK
2026-05-01T18:44:06.970 [INFO    ] motor_02: Pressure normal: 118.81 bar
2026-05-01T18:44:07.222 [INFO    ] conveyor_04: Temperature within normal range: 107.8°C
2026-05-01T18:44:07.478 [WARNING ] pump_01: Vibration spike detected: 117.1 Hz
2026-05-01T18:44:07.729 [INFO    ] compressor_03: Temperature within normal range: 43.3°C
2026-05-01T18:44:07.980 [INFO    ] conveyor_04: Temperature within normal range: 99.8°C
2026-05-01T18:44:08.230 [INFO    ] valve_05: Pressure normal: 86.29 bar
2026-05-01T18:44:08.481 [INFO    ] conveyor_04: Connection alive
2026-05-01T18:44:08.732 [WARNING ] motor_02: Response latency high: 70ms
2026-05-01T18:44:08.982 [ERROR   ] compressor_03: Communication error: CRC mismatch
2026-05-01T18:44:09.233 [INFO    ] compressor_03: Sensor read cycle complete
2026-05-01T18:44:09.488 [INFO    ] valve_05: Temperature within normal range: 48.2°C
2026-05-01T18:44:09.739 [INFO    ] motor_02: System heartbeat OK
2026-05-01T18:44:09.993 [WARNING ] motor_02: Temperature elevated: 79.9°C — threshold 75°C
2026-05-01T18:44:10.244 [INFO    ] motor_02: System heartbeat OK
2026-05-01T18:44:10.495 [INFO    ] pump_01: Temperature within normal range: 72.0°C
2026-05-01T18:44:10.745 [INFO    ] pump_01: Pressure normal: 27.20 bar
2026-05-01T18:44:10.996 [WARNING ] conveyor_04: Vibration spike detected: 40.3 Hz
2026-05-01T18:44:11.247 [WARNING ] compressor_03: Buffer utilisation at 77%
2026-05-01T18:44:11.498 [WARNING ] pump_01: Vibration spike detected: 108.8 Hz
2026-05-01T18:44:11.748 [INFO    ] pump_01: Pressure normal: 81.32 bar
2026-05-01T18:44:11.999 [WARNING ] conveyor_04: Buffer utilisation at 83%
2026-05-01T18:44:12.249 [INFO    ] valve_05: Pressure normal: 63.95 bar
2026-05-01T18:44:12.500 [WARNING ] valve_05: Retry attempt 20 for register 0x0002
2026-05-01T18:44:12.753 [WARNING ] pump_01: Response latency high: 67ms
2026-05-01T18:44:13.003 [INFO    ] motor_02: Sensor read cycle complete
2026-05-01T18:44:13.254 [INFO    ] compressor_03: Sensor read cycle complete
2026-05-01T18:44:13.505 [ERROR   ] valve_05: Over-temperature limit exceeded: 69.6°C
2026-05-01T18:44:13.756 [CRITICAL] motor_02: Power supply failure detected
2026-05-01T18:44:14.013 [INFO    ] conveyor_04: Sensor read cycle complete
2026-05-01T18:44:14.264 [INFO    ] pump_01: System heartbeat OK
2026-05-01T18:44:14.514 [INFO    ] compressor_03: Connection alive
2026-05-01T18:44:14.765 [INFO    ] compressor_03: RPM stable at 17
2026-05-01T18:44:15.015 [INFO    ] valve_05: RPM stable at 67
2026-05-01T18:44:15.266 [INFO    ] pump_01: System heartbeat OK
2026-05-01T18:44:15.517 [WARNING ] motor_02: Temperature elevated: 95.5°C — threshold 75°C
2026-05-01T18:44:15.767 [CRITICAL] pump_01: Catastrophic vibration: 60.0 Hz — shutting down
2026-05-01T18:44:16.018 [WARNING ] conveyor_04: Response latency high: 106ms
2026-05-01T18:44:16.269 [WARNING ] pump_01: Temperature elevated: 65.7°C — threshold 75°C
2026-05-01T18:44:16.519 [INFO    ] motor_02: System heartbeat OK
2026-05-01T18:44:16.770 [WARNING ] motor_02: Temperature elevated: 38.5°C — threshold 75°C
2026-05-01T18:44:17.020 [INFO    ] compressor_03: Sensor read cycle complete
2026-05-01T18:44:17.271 [INFO    ] pump_01: System heartbeat OK
2026-05-01T18:44:17.526 [INFO    ] compressor_03: Temperature within normal range: 36.3°C
2026-05-01T18:44:17.777 [INFO    ] pump_01: Sensor read cycle complete
2026-05-01T18:44:18.027 [INFO    ] motor_02: System heartbeat OK
2026-05-01T18:44:18.280 [WARNING ] compressor_03: Retry attempt 73 for register 0x0002
2026-05-01T18:44:18.531 [WARNING ] motor_02: Temperature elevated: 114.8°C — threshold 75°C
2026-05-01T18:44:18.781 [WARNING ] valve_05: Temperature elevated: 68.8°C — threshold 75°C
2026-05-01T18:44:19.032 [WARNING ] pump_01: Buffer utilisation at 23%
2026-05-01T18:44:19.282 [INFO    ] compressor_03: Temperature within normal range: 118.9°C
2026-05-01T18:44:19.534 [ERROR   ] pump_01: Sensor read FAILED — register 0x0003 timeout
2026-05-01T18:44:19.785 [INFO    ] pump_01: Pressure normal: 79.69 bar
2026-05-01T18:44:20.038 [INFO    ] pump_01: Sensor read cycle complete
2026-05-01T18:44:20.289 [INFO    ] pump_01: System heartbeat OK
2026-05-01T18:44:20.540 [ERROR   ] compressor_03: Over-temperature limit exceeded: 28.2°C
2026-05-01T18:44:20.792 [WARNING ] valve_05: Temperature elevated: 72.6°C — threshold 75°C
2026-05-01T18:44:21.043 [ERROR   ] compressor_03: Over-temperature limit exceeded: 94.9°C
2026-05-01T18:44:21.294 [INFO    ] valve_05: System heartbeat OK
2026-05-01T18:44:21.546 [WARNING ] pump_01: Vibration spike detected: 87.3 Hz
2026-05-01T18:44:21.796 [INFO    ] valve_05: Temperature within normal range: 77.9°C
2026-05-01T18:44:22.047 [ERROR   ] pump_01: Over-temperature limit exceeded: 33.2°C
2026-05-01T18:44:22.298 [INFO    ] motor_02: RPM stable at 84
2026-05-01T18:44:22.549 [CRITICAL] motor_02: Catastrophic vibration: 105.7 Hz — shutting down
2026-05-01T18:44:22.800 [INFO    ] compressor_03: Temperature within normal range: 40.4°C
2026-05-01T18:44:23.053 [INFO    ] motor_02: RPM stable at 35
2026-05-01T18:44:23.304 [INFO    ] compressor_03: RPM stable at 87
2026-05-01T18:44:23.555 [INFO    ] conveyor_04: Connection alive
2026-05-01T18:44:23.806 [INFO    ] compressor_03: Temperature within normal range: 78.6°C
2026-05-01T18:44:24.057 [INFO    ] pump_01: RPM stable at 42
2026-05-01T18:44:24.308 [INFO    ] motor_02: RPM stable at 66
2026-05-01T18:44:24.558 [INFO    ] motor_02: Sensor read cycle complete
2026-05-01T18:44:24.809 [WARNING ] valve_05: Response latency high: 10ms
2026-05-01T18:44:25.060 [INFO    ] conveyor_04: System heartbeat OK
2026-05-01T18:44:25.310 [INFO    ] conveyor_04: Temperature within normal range: 23.4°C
2026-05-01T18:44:25.561 [ERROR   ] motor_02: Communication error: CRC mismatch
2026-05-01T18:44:25.813 [INFO    ] pump_01: RPM stable at 106
2026-05-01T18:44:26.063 [INFO    ] compressor_03: Pressure normal: 12.41 bar
2026-05-01T18:44:26.315 [INFO    ] valve_05: RPM stable at 97
2026-05-01T18:44:26.566 [INFO    ] compressor_03: System heartbeat OK
2026-05-01T18:44:26.819 [INFO    ] conveyor_04: Connection alive
2026-05-01T18:44:27.070 [INFO    ] valve_05: Sensor read cycle complete
2026-05-01T18:44:27.321 [INFO    ] conveyor_04: Connection alive
2026-05-01T18:44:27.571 [WARNING ] valve_05: Buffer utilisation at 68%
2026-05-01T18:44:27.822 [INFO    ] motor_02: Temperature within normal range: 14.9°C
2026-05-01T18:44:28.073 [ERROR   ] compressor_03: Sensor read FAILED — register 0x0003 timeout
2026-05-01T18:44:28.324 [CRITICAL] pump_01: Catastrophic vibration: 31.0 Hz — shutting down
2026-05-01T18:44:28.575 [INFO    ] pump_01: Connection alive
2026-05-01T18:44:28.826 [INFO    ] conveyor_04: Sensor read cycle complete
2026-05-01T18:44:29.077 [WARNING ] conveyor_04: Vibration spike detected: 114.0 Hz
2026-05-01T18:44:29.327 [INFO    ] valve_05: System heartbeat OK
2026-05-01T18:44:29.578 [INFO    ] pump_01: Pressure normal: 52.72 bar
2026-05-01T18:44:29.830 [INFO    ] valve_05: Sensor read cycle complete
2026-05-01T18:44:30.081 [INFO    ] valve_05: System heartbeat OK
2026-05-01T18:44:30.332 [INFO    ] valve_05: Temperature within normal range: 34.3°C
2026-05-01T18:44:30.583 [INFO    ] compressor_03: Sensor read cycle complete
2026-05-01T18:44:30.834 [ERROR   ] conveyor_04: Communication error: CRC mismatch
2026-05-01T18:44:31.084 [WARNING ] motor_02: Temperature elevated: 17.9°C — threshold 75°C
2026-05-01T18:44:31.335 [WARNING ] conveyor_04: Buffer utilisation at 110%
2026-05-01T18:44:31.591 [INFO    ] pump_01: RPM stable at 17
2026-05-01T18:44:31.845 [INFO    ] conveyor_04: Temperature within normal range: 27.0°C
2026-05-01T18:44:32.097 [ERROR   ] motor_02: Sensor read FAILED — register 0x0003 timeout
2026-05-01T18:44:32.348 [INFO    ] conveyor_04: Connection alive
2026-05-01T18:44:32.598 [INFO    ] valve_05: System heartbeat OK
2026-05-01T18:44:32.849 [INFO    ] compressor_03: Connection alive
2026-05-01T18:44:33.100 [ERROR   ] pump_01: Sensor read FAILED — register 0x0003 timeout
2026-05-01T18:44:33.355 [INFO    ] valve_05: System heartbeat OK
2026-05-01T18:44:33.606 [ERROR   ] compressor_03: Sensor read FAILED — register 0x0003 timeout
2026-05-01T18:44:33.857 [INFO    ] motor_02: Connection alive
2026-05-01T18:44:34.108 [INFO    ] conveyor_04: Sensor read cycle complete
2026-05-01T18:44:34.358 [INFO    ] compressor_03: System heartbeat OK
2026-05-01T18:44:34.609 [INFO    ] pump_01: Pressure normal: 96.84 bar
2026-05-01T18:44:34.860 [ERROR   ] valve_05: Over-temperature limit exceeded: 91.6°C
2026-05-01T18:44:35.110 [INFO    ] motor_02: System heartbeat OK
2026-05-01T18:44:35.361 [INFO    ] pump_01: Sensor read cycle complete
2026-05-01T18:44:35.612 [WARNING ] valve_05: Vibration spike detected: 14.9 Hz
2026-05-01T18:44:35.863 [WARNING ] valve_05: Vibration spike detected: 98.3 Hz
2026-05-01T18:44:36.114 [INFO    ] valve_05: RPM stable at 24
2026-05-01T18:44:36.365 [INFO    ] compressor_03: Sensor read cycle complete
2026-05-01T18:44:36.615 [INFO    ] compressor_03: RPM stable at 13
2026-05-01T18:44:36.867 [WARNING ] pump_01: Response latency high: 81ms
2026-05-01T18:44:37.118 [WARNING ] compressor_03: Temperature elevated: 19.3°C — threshold 75°C
2026-05-01T18:44:37.369 [ERROR   ] compressor_03: Over-temperature limit exceeded: 41.6°C
2026-05-01T18:44:37.620 [INFO    ] compressor_03: RPM stable at 80
2026-05-01T18:44:37.871 [INFO    ] compressor_03: Sensor read cycle complete
2026-05-01T18:44:38.121 [INFO    ] pump_01: Pressure normal: 47.24 bar
2026-05-01T18:44:38.372 [WARNING ] compressor_03: Vibration spike detected: 52.9 Hz
2026-05-01T18:44:38.623 [INFO    ] valve_05: Sensor read cycle complete
2026-05-01T18:44:38.874 [INFO    ] motor_02: RPM stable at 27
2026-05-01T18:44:39.129 [ERROR   ] conveyor_04: Sensor read FAILED — register 0x0003 timeout
2026-05-01T18:44:39.380 [CRITICAL] pump_01: Catastrophic vibration: 105.6 Hz — shutting down
2026-05-01T18:44:39.631 [ERROR   ] motor_02: Over-temperature limit exceeded: 109.6°C
2026-05-01T18:44:39.882 [INFO    ] pump_01: RPM stable at 58
2026-05-01T18:44:40.134 [WARNING ] valve_05: Retry attempt 104 for register 0x0002
2026-05-01T18:44:40.385 [WARNING ] valve_05: Buffer utilisation at 18%
2026-05-01T18:44:40.636 [INFO    ] pump_01: System heartbeat OK
2026-05-01T18:44:40.886 [INFO    ] compressor_03: Sensor read cycle complete
2026-05-01T18:44:41.137 [WARNING ] pump_01: Retry attempt 87 for register 0x0002
2026-05-01T18:44:41.388 [INFO    ] compressor_03: Connection alive
2026-05-01T18:44:41.639 [INFO    ] motor_02: Pressure normal: 20.65 bar
2026-05-01T18:44:41.890 [WARNING ] compressor_03: Retry attempt 76 for register 0x0002
2026-05-01T18:44:42.140 [CRITICAL] motor_02: Power supply failure detected
2026-05-01T18:44:42.396 [INFO    ] valve_05: Connection alive
2026-05-01T18:44:42.647 [WARNING ] valve_05: Retry attempt 56 for register 0x0002
2026-05-01T18:44:42.897 [INFO    ] valve_05: Temperature within normal range: 98.4°C
2026-05-01T18:44:43.148 [CRITICAL] pump_01: Power supply failure detected
2026-05-01T18:44:43.400 [INFO    ] pump_01: System heartbeat OK
2026-05-01T18:44:43.651 [INFO    ] valve_05: Pressure normal: 20.02 bar
2026-05-01T18:44:43.901 [INFO    ] conveyor_04: Connection alive
2026-05-01T18:44:44.153 [WARNING ] compressor_03: Temperature elevated: 21.4°C — threshold 75°C
2026-05-01T18:44:44.404 [WARNING ] conveyor_04: Buffer utilisation at 82%
2026-05-01T18:44:44.655 [INFO    ] conveyor_04: Pressure normal: 48.55 bar
2026-05-01T18:44:44.907 [INFO    ] motor_02: System heartbeat OK
2026-05-01T18:44:45.158 [INFO    ] motor_02: Pressure normal: 89.62 bar
2026-05-01T18:44:45.411 [ERROR   ] motor_02: Communication error: CRC mismatch
2026-05-01T18:44:45.662 [WARNING ] motor_02: Response latency high: 26ms
2026-05-01T18:44:45.913 [INFO    ] pump_01: RPM stable at 32
2026-05-01T18:44:46.163 [INFO    ] motor_02: Connection alive
2026-05-01T18:44:46.414 [WARNING ] motor_02: Response latency high: 53ms
2026-05-01T18:44:46.665 [WARNING ] pump_01: Temperature elevated: 46.1°C — threshold 75°C
2026-05-01T18:44:46.916 [WARNING ] compressor_03: Vibration spike detected: 34.7 Hz
2026-05-01T18:44:47.167 [INFO    ] motor_02: System heartbeat OK
2026-05-01T18:44:47.418 [INFO    ] conveyor_04: Sensor read cycle complete
2026-05-01T18:44:47.669 [INFO    ] conveyor_04: Temperature within normal range: 25.4°C
2026-05-01T18:44:47.920 [WARNING ] conveyor_04: Retry attempt 57 for register 0x0002
2026-05-01T18:44:48.170 [ERROR   ] conveyor_04: Sensor read FAILED — register 0x0003 timeout
2026-05-01T18:44:48.420 [ERROR   ] valve_05: Communication error: CRC mismatch
2026-05-01T18:44:48.671 [CRITICAL] pump_01: Catastrophic vibration: 50.0 Hz — shutting down
2026-05-01T18:44:48.922 [ERROR   ] pump_01: Motor stall detected — RPM dropped to 92
2026-05-01T18:44:49.173 [WARNING ] conveyor_04: Temperature elevated: 51.0°C — threshold 75°C
2026-05-01T18:44:49.423 [INFO    ] motor_02: System heartbeat OK
2026-05-01T18:44:49.674 [INFO    ] conveyor_04: Sensor read cycle complete
2026-05-01T18:44:49.925 [INFO    ] conveyor_04: Pressure normal: 104.49 bar
2026-05-01T18:44:50.176 [INFO    ] pump_01: System heartbeat OK
2026-05-01T18:44:50.426 [WARNING ] pump_01: Buffer utilisation at 32%
2026-05-01T18:44:50.677 [INFO    ] pump_01: Connection alive
2026-05-01T18:44:50.929 [INFO    ] valve_05: Pressure normal: 57.15 bar
2026-05-01T18:44:51.180 [WARNING ] pump_01: Temperature elevated: 60.0°C — threshold 75°C
2026-05-01T18:44:51.431 [INFO    ] pump_01: Sensor read cycle complete
2026-05-01T18:44:51.682 [WARNING ] pump_01: Buffer utilisation at 29%
2026-05-01T18:44:51.932 [WARNING ] valve_05: Retry attempt 66 for register 0x0002
2026-05-01T18:44:52.183 [INFO    ] pump_01: Sensor read cycle complete
2026-05-01T18:44:52.434 [WARNING ] compressor_03: Retry attempt 89 for register 0x0002
2026-05-01T18:44:52.685 [INFO    ] compressor_03: Connection alive
2026-05-01T18:44:52.937 [WARNING ] valve_05: Buffer utilisation at 74%
2026-05-01T18:44:53.188 [INFO    ] pump_01: Pressure normal: 70.54 bar
2026-05-01T18:44:53.442 [INFO    ] conveyor_04: Temperature within normal range: 118.5°C
2026-05-01T18:44:53.693 [INFO    ] valve_05: Temperature within normal range: 66.5°C
2026-05-01T18:44:53.945 [WARNING ] conveyor_04: Retry attempt 54 for register 0x0002
2026-05-01T18:44:54.195 [WARNING ] valve_05: Buffer utilisation at 92%
2026-05-01T18:44:54.446 [INFO    ] valve_05: Sensor read cycle complete
2026-05-01T18:44:54.697 [WARNING ] pump_01: Temperature elevated: 66.8°C — threshold 75°C
2026-05-01T18:44:54.947 [INFO    ] motor_02: System heartbeat OK
2026-05-01T18:44:55.199 [INFO    ] compressor_03: Connection alive
2026-05-01T18:44:55.450 [WARNING ] valve_05: Retry attempt 95 for register 0x0002
2026-05-01T18:44:55.701 [INFO    ] motor_02: Sensor read cycle complete
2026-05-01T18:44:55.952 [WARNING ] valve_05: Retry attempt 33 for register 0x0002
2026-05-01T18:44:56.203 [ERROR   ] valve_05: Over-temperature limit exceeded: 41.1°C
2026-05-01T18:44:56.457 [INFO    ] compressor_03: System heartbeat OK
2026-05-01T18:44:56.708 [INFO    ] compressor_03: Temperature within normal range: 13.6°C
2026-05-01T18:44:56.959 [WARNING ] conveyor_04: Response latency high: 35ms
2026-05-01T18:44:57.215 [INFO    ] compressor_03: Pressure normal: 65.82 bar
2026-05-01T18:44:57.465 [INFO    ] compressor_03: RPM stable at 85
2026-05-01T18:44:57.722 [WARNING ] pump_01: Retry attempt 84 for register 0x0002
2026-05-01T18:44:57.972 [INFO    ] conveyor_04: Temperature within normal range: 44.4°C
2026-05-01T18:44:58.223 [INFO    ] valve_05: Pressure normal: 69.69 bar
2026-05-01T18:44:58.474 [INFO    ] pump_01: Sensor read cycle complete
2026-05-01T18:44:58.724 [INFO    ] conveyor_04: System heartbeat OK
2026-05-01T18:44:58.975 [INFO    ] valve_05: Temperature within normal range: 96.2°C
2026-05-01T18:44:59.226 [WARNING ] valve_05: Temperature elevated: 81.0°C — threshold 75°C
2026-05-01T18:44:59.477 [ERROR   ] motor_02: Motor stall detected — RPM dropped to 40
2026-05-01T18:44:59.728 [INFO    ] motor_02: Pressure normal: 75.91 bar
2026-05-01T18:44:59.980 [INFO    ] motor_02: Pressure normal: 51.86 bar
2026-05-01T18:45:00.232 [WARNING ] pump_01: Retry attempt 72 for register 0x0002
2026-05-01T18:45:00.485 [INFO    ] motor_02: Connection alive
2026-05-01T18:45:00.735 [WARNING ] conveyor_04: Buffer utilisation at 102%
2026-05-01T18:45:00.986 [WARNING ] compressor_03: Buffer utilisation at 119%
2026-05-01T18:45:01.236 [ERROR   ] conveyor_04: Over-temperature limit exceeded: 104.6°C
2026-05-01T18:45:01.487 [WARNING ] motor_02: Buffer utilisation at 12%
2026-05-01T18:45:01.738 [WARNING ] valve_05: Vibration spike detected: 27.7 Hz
2026-05-01T18:45:01.992 [INFO    ] motor_02: Sensor read cycle complete
2026-05-01T18:45:02.242 [ERROR   ] motor_02: Sensor read FAILED — register 0x0003 timeout
2026-05-01T18:45:02.498 [CRITICAL] motor_02: EMERGENCY STOP triggered — safety interlock activated
2026-05-01T18:45:02.749 [WARNING ] valve_05: Response latency high: 90ms
2026-05-01T18:45:03.000 [INFO    ] compressor_03: RPM stable at 27
2026-05-01T18:45:03.252 [INFO    ] compressor_03: RPM stable at 73
2026-05-01T18:45:03.502 [WARNING ] pump_01: Temperature elevated: 17.4°C — threshold 75°C
2026-05-01T18:45:03.758 [INFO    ] compressor_03: Connection alive
2026-05-01T18:45:04.010 [WARNING ] pump_01: Temperature elevated: 81.6°C — threshold 75°C
2026-05-01T18:45:04.260 [INFO    ] valve_05: Sensor read cycle complete
2026-05-01T18:45:04.511 [INFO    ] motor_02: RPM stable at 31
2026-05-01T18:45:04.765 [ERROR   ] motor_02: Sensor read FAILED — register 0x0003 timeout
2026-05-01T18:45:05.017 [INFO    ] pump_01: Temperature within normal range: 74.0°C
2026-05-01T18:45:05.267 [INFO    ] valve_05: RPM stable at 39
2026-05-01T18:45:05.519 [INFO    ] compressor_03: Sensor read cycle complete
2026-05-01T18:45:05.769 [INFO    ] motor_02: Pressure normal: 20.99 bar
2026-05-01T18:45:06.020 [INFO    ] pump_01: Sensor read cycle complete
2026-05-01T18:45:06.270 [INFO    ] pump_01: Temperature within normal range: 58.4°C
2026-05-01T18:45:06.521 [ERROR   ] conveyor_04: Sensor read FAILED — register 0x0003 timeout
2026-05-01T18:45:06.772 [WARNING ] valve_05: Buffer utilisation at 46%
2026-05-01T18:45:07.023 [INFO    ] conveyor_04: RPM stable at 58
2026-05-01T18:45:07.274 [CRITICAL] valve_05: EMERGENCY STOP triggered — safety interlock activated
2026-05-01T18:45:07.525 [INFO    ] motor_02: Temperature within normal range: 67.5°C
2026-05-01T18:45:07.775 [INFO    ] pump_01: System heartbeat OK
2026-05-01T18:45:08.026 [INFO    ] valve_05: Connection alive
2026-05-01T18:45:08.276 [WARNING ] pump_01: Buffer utilisation at 33%
2026-05-01T18:45:08.527 [ERROR   ] motor_02: Motor stall detected — RPM dropped to 90
2026-05-01T18:45:08.777 [CRITICAL] valve_05: Catastrophic vibration: 89.3 Hz — shutting down
2026-05-01T18:45:09.028 [WARNING ] motor_02: Retry attempt 18 for register 0x0002
2026-05-01T18:45:09.279 [INFO    ] pump_01: System heartbeat OK
2026-05-01T18:45:09.539 [ERROR   ] compressor_03: Over-temperature limit exceeded: 75.2°C
2026-05-01T18:45:09.789 [INFO    ] motor_02: System heartbeat OK
2026-05-01T18:45:10.040 [INFO    ] valve_05: Sensor read cycle complete
2026-05-01T18:45:10.291 [ERROR   ] valve_05: Sensor read FAILED — register 0x0003 timeout
2026-05-01T18:45:10.542 [INFO    ] motor_02: System heartbeat OK
2026-05-01T18:45:10.792 [INFO    ] compressor_03: RPM stable at 45
2026-05-01T18:45:11.043 [INFO    ] motor_02: System heartbeat OK
2026-05-01T18:45:11.293 [WARNING ] conveyor_04: Buffer utilisation at 41%
2026-05-01T18:45:11.544 [INFO    ] pump_01: Connection alive
2026-05-01T18:45:11.794 [WARNING ] conveyor_04: Vibration spike detected: 109.0 Hz
2026-05-01T18:45:12.045 [INFO    ] valve_05: RPM stable at 35
2026-05-01T18:45:12.300 [INFO    ] compressor_03: Sensor read cycle complete
2026-05-01T18:45:12.551 [WARNING ] conveyor_04: Temperature elevated: 24.0°C — threshold 75°C
2026-05-01T18:45:12.802 [INFO    ] pump_01: System heartbeat OK
2026-05-01T18:45:13.053 [CRITICAL] compressor_03: EMERGENCY STOP triggered — safety interlock activated
2026-05-01T18:45:13.303 [INFO    ] conveyor_04: Sensor read cycle complete
2026-05-01T18:45:13.554 [INFO    ] motor_02: Connection alive
2026-05-01T18:45:13.805 [CRITICAL] valve_05: Catastrophic vibration: 96.4 Hz — shutting down
2026-05-01T18:45:14.056 [INFO    ] pump_01: Pressure normal: 105.41 bar
2026-05-01T18:45:14.308 [INFO    ] pump_01: Temperature within normal range: 104.9°C
2026-05-01T18:45:14.559 [INFO    ] valve_05: System heartbeat OK
2026-05-01T18:45:14.811 [INFO    ] motor_02: Temperature within normal range: 109.7°C
2026-05-01T18:45:15.062 [WARNING ] compressor_03: Temperature elevated: 46.5°C — threshold 75°C
2026-05-01T18:45:15.314 [INFO    ] valve_05: Sensor read cycle complete
2026-05-01T18:45:15.564 [WARNING ] motor_02: Temperature elevated: 35.2°C — threshold 75°C
2026-05-01T18:45:15.815 [INFO    ] pump_01: Connection alive
2026-05-01T18:45:16.066 [ERROR   ] valve_05: Sensor read FAILED — register 0x0003 timeout
2026-05-01T18:45:16.317 [INFO    ] conveyor_04: Sensor read cycle complete
2026-05-01T18:45:16.569 [WARNING ] motor_02: Response latency high: 81ms
2026-05-01T18:45:16.820 [WARNING ] pump_01: Vibration spike detected: 72.6 Hz
2026-05-01T18:45:17.071 [INFO    ] motor_02: Pressure normal: 39.41 bar
2026-05-01T18:45:17.321 [WARNING ] motor_02: Vibration spike detected: 94.3 Hz
2026-05-01T18:45:17.572 [CRITICAL] pump_01: Power supply failure detected
2026-05-01T18:45:17.823 [CRITICAL] valve_05: Catastrophic vibration: 33.6 Hz — shutting down
2026-05-01T18:45:18.073 [INFO    ] pump_01: Pressure normal: 106.78 bar
2026-05-01T18:45:18.324 [INFO    ] compressor_03: System heartbeat OK
2026-05-01T18:45:18.575 [INFO    ] conveyor_04: Sensor read cycle complete
2026-05-01T18:45:18.826 [ERROR   ] compressor_03: Over-temperature limit exceeded: 34.3°C
2026-05-01T18:45:19.077 [WARNING ] motor_02: Retry attempt 116 for register 0x0002
2026-05-01T18:45:19.328 [WARNING ] pump_01: Temperature elevated: 16.9°C — threshold 75°C
2026-05-01T18:45:19.579 [INFO    ] conveyor_04: Sensor read cycle complete
2026-05-01T18:45:19.830 [INFO    ] compressor_03: Connection alive
2026-05-01T18:45:20.080 [WARNING ] conveyor_04: Vibration spike detected: 102.7 Hz
2026-05-01T18:45:20.331 [CRITICAL] pump_01: Power supply failure detected
2026-05-01T18:45:20.581 [WARNING ] compressor_03: Vibration spike detected: 87.8 Hz
2026-05-01T18:45:20.834 [INFO    ] conveyor_04: RPM stable at 57
2026-05-01T18:45:21.085 [WARNING ] pump_01: Buffer utilisation at 23%
2026-05-01T18:45:21.336 [INFO    ] conveyor_04: RPM stable at 106
2026-05-01T18:45:21.586 [CRITICAL] compressor_03: Catastrophic vibration: 95.8 Hz — shutting down
2026-05-01T18:45:21.837 [ERROR   ] compressor_03: Sensor read FAILED — register 0x0003 timeout
2026-05-01T18:45:22.088 [WARNING ] compressor_03: Buffer utilisation at 96%
2026-05-01T18:45:22.339 [WARNING ] pump_01: Vibration spike detected: 84.1 Hz
2026-05-01T18:45:22.590 [INFO    ] compressor_03: Connection alive
2026-05-01T18:45:22.842 [WARNING ] pump_01: Response latency high: 43ms
2026-05-01T18:45:23.093 [WARNING ] motor_02: Response latency high: 35ms
2026-05-01T18:45:23.344 [WARNING ] compressor_03: Retry attempt 111 for register 0x0002
2026-05-01T18:45:23.598 [CRITICAL] valve_05: EMERGENCY STOP triggered — safety interlock activated
2026-05-01T18:45:23.850 [INFO    ] pump_01: Connection alive
2026-05-01T18:45:24.101 [INFO    ] motor_02: Connection alive
2026-05-01T18:45:24.351 [WARNING ] pump_01: Response latency high: 54ms
2026-05-01T18:45:24.602 [WARNING ] motor_02: Vibration spike detected: 97.6 Hz
2026-05-01T18:45:24.853 [INFO    ] conveyor_04: Pressure normal: 23.24 bar
2026-05-01T18:45:25.103 [INFO    ] pump_01: Sensor read cycle complete
2026-05-01T18:45:25.354 [INFO    ] valve_05: Temperature within normal range: 97.6°C
2026-05-01T18:45:25.608 [INFO    ] valve_05: Temperature within normal range: 115.8°C
2026-05-01T18:45:25.859 [WARNING ] conveyor_04: Retry attempt 21 for register 0x0002
2026-05-01T18:45:26.109 [INFO    ] valve_05: Temperature within normal range: 72.9°C
2026-05-01T18:45:26.360 [CRITICAL] valve_05: Catastrophic vibration: 79.5 Hz — shutting down
2026-05-01T18:45:26.611 [INFO    ] motor_02: Temperature within normal range: 79.1°C
2026-05-01T18:45:26.862 [INFO    ] valve_05: Pressure normal: 15.61 bar
2026-05-01T18:45:27.112 [WARNING ] conveyor_04: Buffer utilisation at 95%
2026-05-01T18:45:27.363 [CRITICAL] compressor_03: Power supply failure detected
2026-05-01T18:45:27.614 [INFO    ] pump_01: Connection alive
2026-05-01T18:45:27.864 [WARNING ] pump_01: Vibration spike detected: 15.7 Hz
2026-05-01T18:45:28.115 [WARNING ] conveyor_04: Retry attempt 118 for register 0x0002
2026-05-01T18:45:28.367 [INFO    ] conveyor_04: Pressure normal: 62.47 bar
2026-05-01T18:45:28.618 [INFO    ] compressor_03: Temperature within normal range: 70.4°C
2026-05-01T18:45:28.868 [INFO    ] valve_05: Connection alive
2026-05-01T18:45:29.120 [ERROR   ] compressor_03: Sensor read FAILED — register 0x0003 timeout
2026-05-01T18:45:29.371 [INFO    ] compressor_03: Pressure normal: 65.21 bar
2026-05-01T18:45:29.622 [INFO    ] valve_05: Pressure normal: 27.01 bar
2026-05-01T18:45:29.873 [WARNING ] compressor_03: Response latency high: 78ms
2026-05-01T18:45:30.124 [INFO    ] pump_01: Connection alive
2026-05-01T18:45:30.374 [ERROR   ] valve_05: Communication error: CRC mismatch
2026-05-01T18:45:30.625 [INFO    ] conveyor_04: Pressure normal: 90.62 bar
2026-05-01T18:45:30.876 [ERROR   ] conveyor_04: Communication error: CRC mismatch
2026-05-01T18:45:31.126 [WARNING ] compressor_03: Vibration spike detected: 83.8 Hz
2026-05-01T18:45:31.377 [INFO    ] pump_01: Connection alive
2026-05-01T18:45:31.628 [INFO    ] pump_01: System heartbeat OK
2026-05-01T18:45:31.879 [INFO    ] conveyor_04: Temperature within normal range: 63.7°C
2026-05-01T18:45:32.129 [INFO    ] compressor_03: Sensor read cycle complete
2026-05-01T18:45:32.380 [WARNING ] motor_02: Response latency high: 10ms
2026-05-01T18:45:32.631 [WARNING ] conveyor_04: Temperature elevated: 19.2°C — threshold 75°C
2026-05-01T18:45:32.884 [INFO    ] pump_01: RPM stable at 105
2026-05-01T18:45:33.143 [WARNING ] conveyor_04: Temperature elevated: 26.1°C — threshold 75°C
2026-05-01T18:45:33.397 [CRITICAL] compressor_03: Catastrophic vibration: 48.1 Hz — shutting down
2026-05-01T18:45:33.648 [INFO    ] valve_05: System heartbeat OK
2026-05-01T18:45:33.902 [WARNING ] conveyor_04: Vibration spike detected: 59.6 Hz
2026-05-01T18:45:34.153 [INFO    ] compressor_03: Temperature within normal range: 10.4°C
2026-05-01T18:45:34.404 [INFO    ] pump_01: Pressure normal: 95.75 bar
2026-05-01T18:45:34.656 [ERROR   ] motor_02: Communication error: CRC mismatch
2026-05-01T18:45:34.906 [INFO    ] conveyor_04: Sensor read cycle complete
2026-05-01T18:45:35.157 [WARNING ] pump_01: Temperature elevated: 63.8°C — threshold 75°C
2026-05-01T18:45:35.407 [ERROR   ] conveyor_04: Communication error: CRC mismatch
2026-05-01T18:45:35.658 [WARNING ] conveyor_04: Buffer utilisation at 17%
2026-05-01T18:45:35.909 [INFO    ] valve_05: Temperature within normal range: 104.7°C
2026-05-01T18:45:36.160 [INFO    ] conveyor_04: Pressure normal: 79.64 bar
2026-05-01T18:45:36.411 [WARNING ] motor_02: Response latency high: 74ms
2026-05-01T18:45:36.662 [WARNING ] pump_01: Response latency high: 40ms
2026-05-01T18:45:36.913 [WARNING ] motor_02: Retry attempt 32 for register 0x0002
2026-05-01T18:45:37.164 [INFO    ] conveyor_04: System heartbeat OK
2026-05-01T18:45:37.414 [INFO    ] conveyor_04: Temperature within normal range: 93.6°C
2026-05-01T18:45:37.665 [INFO    ] pump_01: Temperature within normal range: 97.7°C
2026-05-01T18:45:37.916 [INFO    ] motor_02: Connection alive
2026-05-01T18:45:38.166 [INFO    ] compressor_03: System heartbeat OK
2026-05-01T18:45:38.418 [INFO    ] compressor_03: Pressure normal: 49.38 bar
2026-05-01T18:45:38.669 [WARNING ] valve_05: Vibration spike detected: 106.6 Hz
2026-05-01T18:45:38.920 [INFO    ] conveyor_04: Connection alive
2026-05-01T18:45:39.171 [INFO    ] valve_05: Connection alive
2026-05-01T18:45:39.422 [WARNING ] pump_01: Temperature elevated: 90.4°C — threshold 75°C
2026-05-01T18:45:39.673 [WARNING ] valve_05: Retry attempt 86 for register 0x0002
2026-05-01T18:45:39.924 [INFO    ] valve_05: System heartbeat OK
2026-05-01T18:45:40.175 [WARNING ] valve_05: Vibration spike detected: 12.3 Hz
2026-05-01T18:45:40.426 [CRITICAL] pump_01: EMERGENCY STOP triggered — safety interlock activated
2026-05-01T18:45:40.677 [INFO    ] compressor_03: System heartbeat OK
2026-05-01T18:45:40.927 [INFO    ] compressor_03: Pressure normal: 14.96 bar
2026-05-01T18:45:41.178 [INFO    ] pump_01: Connection alive
2026-05-01T18:45:41.429 [INFO    ] conveyor_04: Connection alive
2026-05-01T18:45:41.680 [INFO    ] motor_02: RPM stable at 62
2026-05-01T18:45:41.931 [WARNING ] compressor_03: Buffer utilisation at 88%
2026-05-01T18:45:42.182 [INFO    ] valve_05: Pressure normal: 94.15 bar
2026-05-01T18:45:42.432 [ERROR   ] motor_02: Over-temperature limit exceeded: 87.8°C
2026-05-01T18:45:42.683 [INFO    ] pump_01: System heartbeat OK
2026-05-01T18:45:42.934 [INFO    ] pump_01: System heartbeat OK
2026-05-01T18:45:43.185 [INFO    ] pump_01: RPM stable at 26
2026-05-01T18:45:43.436 [INFO    ] conveyor_04: System heartbeat OK
2026-05-01T18:45:43.687 [WARNING ] pump_01: Vibration spike detected: 11.1 Hz
2026-05-01T18:45:43.937 [WARNING ] valve_05: Temperature elevated: 112.6°C — threshold 75°C
2026-05-01T18:45:44.188 [INFO    ] compressor_03: RPM stable at 17
2026-05-01T18:45:44.438 [ERROR   ] conveyor_04: Motor stall detected — RPM dropped to 42
2026-05-01T18:45:44.689 [ERROR   ] pump_01: Over-temperature limit exceeded: 99.1°C
2026-05-01T18:45:44.940 [WARNING ] motor_02: Retry attempt 93 for register 0x0002
2026-05-01T18:45:45.193 [WARNING ] pump_01: Temperature elevated: 37.6°C — threshold 75°C
2026-05-01T18:45:45.445 [INFO    ] compressor_03: System heartbeat OK
2026-05-01T18:45:45.695 [WARNING ] compressor_03: Vibration spike detected: 110.2 Hz
2026-05-01T18:45:45.946 [INFO    ] compressor_03: Temperature within normal range: 79.3°C
2026-05-01T18:45:46.197 [CRITICAL] valve_05: EMERGENCY STOP triggered — safety interlock activated
2026-05-01T18:45:46.448 [INFO    ] compressor_03: RPM stable at 111
2026-05-01T18:45:46.698 [INFO    ] compressor_03: System heartbeat OK
2026-05-01T18:45:46.949 [INFO    ] valve_05: Sensor read cycle complete
2026-05-01T18:45:47.199 [CRITICAL] pump_01: Catastrophic vibration: 51.9 Hz — shutting down
2026-05-01T18:45:47.450 [INFO    ] motor_02: Sensor read cycle complete
2026-05-01T18:45:47.701 [INFO    ] compressor_03: RPM stable at 45
2026-05-01T18:45:47.951 [ERROR   ] compressor_03: Motor stall detected — RPM dropped to 97
2026-05-01T18:45:48.202 [ERROR   ] conveyor_04: Sensor read FAILED — register 0x0003 timeout
2026-05-01T18:45:48.452 [INFO    ] compressor_03: Temperature within normal range: 91.8°C
2026-05-01T18:45:48.704 [INFO    ] valve_05: Sensor read cycle complete
2026-05-01T18:45:48.954 [INFO    ] pump_01: Pressure normal: 77.27 bar
2026-05-01T18:45:49.205 [INFO    ] conveyor_04: Temperature within normal range: 47.5°C
2026-05-01T18:45:49.456 [INFO    ] pump_01: Sensor read cycle complete
2026-05-01T18:45:49.707 [INFO    ] compressor_03: Pressure normal: 56.41 bar
2026-05-01T18:45:49.958 [INFO    ] motor_02: Connection alive
2026-05-01T18:45:50.209 [INFO    ] conveyor_04: RPM stable at 104
2026-05-01T18:45:50.462 [INFO    ] valve_05: Sensor read cycle complete
2026-05-01T18:45:50.713 [INFO    ] conveyor_04: Pressure normal: 58.85 bar
2026-05-01T18:45:50.963 [INFO    ] valve_05: Sensor read cycle complete
2026-05-01T18:45:51.214 [WARNING ] pump_01: Temperature elevated: 45.9°C — threshold 75°C
2026-05-01T18:45:51.465 [INFO    ] pump_01: Connection alive
2026-05-01T18:45:51.715 [INFO    ] valve_05: Temperature within normal range: 60.0°C
2026-05-01T18:45:51.966 [INFO    ] conveyor_04: RPM stable at 47
2026-05-01T18:45:52.217 [WARNING ] compressor_03: Buffer utilisation at 76%
2026-05-01T18:45:52.467 [INFO    ] conveyor_04: Sensor read cycle complete
2026-05-01T18:45:52.718 [INFO    ] pump_01: Temperature within normal range: 105.8°C
2026-05-01T18:45:52.969 [CRITICAL] compressor_03: EMERGENCY STOP triggered — safety interlock activated
2026-05-01T18:45:53.220 [WARNING ] motor_02: Temperature elevated: 103.0°C — threshold 75°C
2026-05-01T18:45:53.471 [INFO    ] pump_01: System heartbeat OK
2026-05-01T18:45:53.722 [INFO    ] valve_05: Connection alive
2026-05-01T18:45:53.972 [ERROR   ] pump_01: Motor stall detected — RPM dropped to 102
2026-05-01T18:45:54.224 [INFO    ] pump_01: System heartbeat OK
2026-05-01T18:45:54.475 [INFO    ] compressor_03: System heartbeat OK
2026-05-01T18:45:54.726 [WARNING ] valve_05: Temperature elevated: 51.6°C — threshold 75°C
2026-05-01T18:45:54.977 [ERROR   ] conveyor_04: Over-temperature limit exceeded: 117.8°C
2026-05-01T18:45:55.227 [INFO    ] motor_02: Temperature within normal range: 107.2°C
2026-05-01T18:45:55.478 [INFO    ] pump_01: Pressure normal: 85.14 bar
2026-05-01T18:45:55.729 [WARNING ] conveyor_04: Buffer utilisation at 82%
2026-05-01T18:45:55.980 [WARNING ] motor_02: Vibration spike detected: 17.3 Hz
2026-05-01T18:45:56.230 [INFO    ] conveyor_04: Pressure normal: 53.70 bar
2026-05-01T18:45:56.481 [WARNING ] valve_05: Temperature elevated: 29.7°C — threshold 75°C
2026-05-01T18:45:56.731 [INFO    ] compressor_03: System heartbeat OK
2026-05-01T18:45:56.982 [WARNING ] compressor_03: Retry attempt 82 for register 0x0002
2026-05-01T18:45:57.238 [WARNING ] valve_05: Response latency high: 76ms
2026-05-01T18:45:57.489 [INFO    ] conveyor_04: RPM stable at 72
2026-05-01T18:45:57.739 [WARNING ] motor_02: Response latency high: 53ms
2026-05-01T18:45:57.989 [INFO    ] compressor_03: Sensor read cycle complete
2026-05-01T18:45:58.240 [WARNING ] valve_05: Vibration spike detected: 14.7 Hz
2026-05-01T18:45:58.491 [INFO    ] motor_02: RPM stable at 14
2026-05-01T18:45:58.742 [INFO    ] compressor_03: Pressure normal: 53.11 bar
2026-05-01T18:45:58.993 [CRITICAL] valve_05: Catastrophic vibration: 55.6 Hz — shutting down
2026-05-01T18:45:59.244 [WARNING ] pump_01: Temperature elevated: 86.0°C — threshold 75°C
2026-05-01T18:45:59.495 [INFO    ] pump_01: Connection alive
2026-05-01T18:45:59.746 [INFO    ] pump_01: Sensor read cycle complete
2026-05-01T18:45:59.996 [INFO    ] pump_01: Connection alive
2026-05-01T18:46:00.247 [WARNING ] compressor_03: Vibration spike detected: 44.9 Hz
2026-05-01T18:46:00.498 [INFO    ] pump_01: System heartbeat OK
2026-05-01T18:46:00.749 [WARNING ] compressor_03: Buffer utilisation at 82%
2026-05-01T18:46:01.000 [ERROR   ] pump_01: Sensor read FAILED — register 0x0003 timeout
2026-05-01T18:46:01.250 [ERROR   ] valve_05: Motor stall detected — RPM dropped to 44
2026-05-01T18:46:01.501 [INFO    ] compressor_03: Temperature within normal range: 66.6°C
2026-05-01T18:46:01.751 [ERROR   ] valve_05: Motor stall detected — RPM dropped to 55
2026-05-01T18:46:02.002 [INFO    ] compressor_03: Connection alive
2026-05-01T18:46:02.254 [WARNING ] valve_05: Vibration spike detected: 10.1 Hz
2026-05-01T18:46:02.505 [ERROR   ] compressor_03: Over-temperature limit exceeded: 81.8°C
2026-05-01T18:46:02.755 [CRITICAL] valve_05: Catastrophic vibration: 54.4 Hz — shutting down
2026-05-01T18:46:03.006 [INFO    ] conveyor_04: Sensor read cycle complete
2026-05-01T18:46:03.256 [INFO    ] motor_02: Pressure normal: 105.36 bar
2026-05-01T18:46:03.507 [INFO    ] pump_01: Pressure normal: 74.93 bar
2026-05-01T18:46:03.757 [WARNING ] compressor_03: Temperature elevated: 110.1°C — threshold 75°C
2026-05-01T18:46:04.008 [INFO    ] conveyor_04: Connection alive
2026-05-01T18:46:04.259 [INFO    ] pump_01: RPM stable at 88
2026-05-01T18:46:04.510 [INFO    ] conveyor_04: Connection alive
2026-05-01T18:46:04.760 [INFO    ] pump_01: Pressure normal: 31.64 bar
2026-05-01T18:46:05.011 [INFO    ] motor_02: Sensor read cycle complete
2026-05-01T18:46:05.264 [INFO    ] conveyor_04: Temperature within normal range: 31.6°C
2026-05-01T18:46:05.515 [INFO    ] conveyor_04: Pressure normal: 48.38 bar
2026-05-01T18:46:05.766 [INFO    ] conveyor_04: RPM stable at 49
2026-05-01T18:46:06.016 [INFO    ] valve_05: System heartbeat OK
2026-05-01T18:46:06.267 [INFO    ] compressor_03: RPM stable at 81
2026-05-01T18:46:06.518 [INFO    ] compressor_03: Temperature within normal range: 20.9°C
2026-05-01T18:46:06.769 [INFO    ] compressor_03: Pressure normal: 10.91 bar
2026-05-01T18:46:07.019 [ERROR   ] motor_02: Communication error: CRC mismatch
2026-05-01T18:46:07.270 [INFO    ] pump_01: Connection alive
2026-05-01T18:46:07.521 [WARNING ] motor_02: Buffer utilisation at 86%
2026-05-01T18:46:07.771 [INFO    ] compressor_03: Temperature within normal range: 69.5°C
2026-05-01T18:46:08.022 [WARNING ] compressor_03: Buffer utilisation at 74%
2026-05-01T18:46:08.273 [INFO    ] compressor_03: Pressure normal: 96.10 bar
2026-05-01T18:46:08.523 [INFO    ] pump_01: Connection alive
2026-05-01T18:46:08.774 [INFO    ] compressor_03: Sensor read cycle complete
2026-05-01T18:46:09.024 [INFO    ] pump_01: RPM stable at 21
2026-05-01T18:46:09.275 [INFO    ] compressor_03: Temperature within normal range: 90.1°C
2026-05-01T18:46:09.526 [ERROR   ] compressor_03: Motor stall detected — RPM dropped to 76
2026-05-01T18:46:09.776 [WARNING ] compressor_03: Buffer utilisation at 69%
2026-05-01T18:46:10.027 [ERROR   ] motor_02: Motor stall detected — RPM dropped to 89
2026-05-01T18:46:10.278 [INFO    ] pump_01: Connection alive
2026-05-01T18:46:10.529 [INFO    ] motor_02: Pressure normal: 27.80 bar
2026-05-01T18:46:10.781 [INFO    ] valve_05: RPM stable at 117
2026-05-01T18:46:11.032 [INFO    ] motor_02: RPM stable at 71
2026-05-01T18:46:11.283 [ERROR   ] compressor_03: Over-temperature limit exceeded: 14.5°C
2026-05-01T18:46:11.534 [INFO    ] conveyor_04: Sensor read cycle complete
2026-05-01T18:46:11.785 [INFO    ] valve_05: Connection alive
2026-05-01T18:46:12.036 [CRITICAL] conveyor_04: Power supply failure detected
2026-05-01T18:46:12.286 [INFO    ] pump_01: Connection alive
2026-05-01T18:46:12.537 [INFO    ] valve_05: Pressure normal: 44.65 bar
2026-05-01T18:46:12.788 [INFO    ] conveyor_04: Connection alive
2026-05-01T18:46:13.038 [INFO    ] compressor_03: RPM stable at 55
2026-05-01T18:46:13.289 [WARNING ] valve_05: Temperature elevated: 59.6°C — threshold 75°C
2026-05-01T18:46:13.539 [WARNING ] conveyor_04: Response latency high: 19ms
2026-05-01T18:46:13.790 [WARNING ] motor_02: Response latency high: 107ms
2026-05-01T18:46:14.043 [WARNING ] motor_02: Buffer utilisation at 20%
2026-05-01T18:46:14.294 [WARNING ] pump_01: Temperature elevated: 91.0°C — threshold 75°C
2026-05-01T18:46:14.544 [INFO    ] valve_05: Temperature within normal range: 31.5°C
2026-05-01T18:46:14.795 [CRITICAL] compressor_03: EMERGENCY STOP triggered — safety interlock activated
2026-05-01T18:46:15.046 [INFO    ] motor_02: Sensor read cycle complete
2026-05-01T18:46:15.297 [INFO    ] compressor_03: Sensor read cycle complete
2026-05-01T18:46:15.548 [INFO    ] compressor_03: System heartbeat OK
2026-05-01T18:46:15.800 [INFO    ] pump_01: Sensor read cycle complete
2026-05-01T18:46:16.051 [INFO    ] pump_01: Temperature within normal range: 110.5°C
2026-05-01T18:46:16.309 [WARNING ] conveyor_04: Temperature elevated: 29.8°C — threshold 75°C
2026-05-01T18:46:16.559 [ERROR   ] conveyor_04: Communication error: CRC mismatch
2026-05-01T18:46:16.810 [INFO    ] valve_05: Temperature within normal range: 79.8°C
2026-05-01T18:46:17.061 [INFO    ] valve_05: Sensor read cycle complete
2026-05-01T18:46:17.311 [WARNING ] motor_02: Retry attempt 37 for register 0x0002
2026-05-01T18:46:17.562 [INFO    ] compressor_03: Pressure normal: 76.03 bar
2026-05-01T18:46:17.813 [WARNING ] pump_01: Buffer utilisation at 103%
2026-05-01T18:46:18.063 [INFO    ] compressor_03: RPM stable at 23
2026-05-01T18:46:18.315 [ERROR   ] compressor_03: Over-temperature limit exceeded: 110.2°C
2026-05-01T18:46:18.565 [WARNING ] conveyor_04: Response latency high: 87ms
2026-05-01T18:46:18.816 [INFO    ] compressor_03: System heartbeat OK
2026-05-01T18:46:19.068 [WARNING ] motor_02: Vibration spike detected: 14.0 Hz
2026-05-01T18:46:19.319 [INFO    ] pump_01: RPM stable at 43
2026-05-01T18:46:19.569 [INFO    ] conveyor_04: Temperature within normal range: 84.7°C
2026-05-01T18:46:19.820 [INFO    ] conveyor_04: System heartbeat OK
2026-05-01T18:46:20.071 [INFO    ] conveyor_04: Sensor read cycle complete
2026-05-01T18:46:20.322 [INFO    ] conveyor_04: RPM stable at 89
2026-05-01T18:46:20.572 [CRITICAL] compressor_03: EMERGENCY STOP triggered — safety interlock activated
2026-05-01T18:46:20.825 [INFO    ] pump_01: Pressure normal: 91.55 bar
2026-05-01T18:46:21.075 [CRITICAL] compressor_03: Power supply failure detected
2026-05-01T18:46:21.326 [WARNING ] pump_01: Temperature elevated: 35.5°C — threshold 75°C
2026-05-01T18:46:21.577 [INFO    ] conveyor_04: Pressure normal: 49.30 bar
2026-05-01T18:46:21.828 [INFO    ] pump_01: System heartbeat OK
2026-05-01T18:46:22.078 [ERROR   ] pump_01: Over-temperature limit exceeded: 74.3°C
2026-05-01T18:46:22.329 [ERROR   ] conveyor_04: Communication error: CRC mismatch
2026-05-01T18:46:22.580 [INFO    ] pump_01: System heartbeat OK
2026-05-01T18:46:22.830 [INFO    ] compressor_03: RPM stable at 66
2026-05-01T18:46:23.085 [ERROR   ] valve_05: Communication error: CRC mismatch
2026-05-01T18:46:23.336 [INFO    ] valve_05: System heartbeat OK
2026-05-01T18:46:23.586 [INFO    ] compressor_03: Sensor read cycle complete
2026-05-01T18:46:23.837 [CRITICAL] conveyor_04: EMERGENCY STOP triggered — safety interlock activated
2026-05-01T18:46:24.087 [INFO    ] motor_02: Temperature within normal range: 45.8°C
2026-05-01T18:46:24.339 [INFO    ] pump_01: Temperature within normal range: 20.9°C
2026-05-01T18:46:24.597 [INFO    ] pump_01: System heartbeat OK
2026-05-01T18:46:24.848 [INFO    ] compressor_03: Temperature within normal range: 108.7°C
2026-05-01T18:46:25.099 [INFO    ] motor_02: RPM stable at 85
2026-05-01T18:46:25.350 [INFO    ] conveyor_04: Temperature within normal range: 12.7°C
2026-05-01T18:46:25.602 [WARNING ] conveyor_04: Vibration spike detected: 82.9 Hz
2026-05-01T18:46:25.853 [INFO    ] valve_05: Temperature within normal range: 75.1°C
2026-05-01T18:46:26.103 [INFO    ] conveyor_04: RPM stable at 44
2026-05-01T18:46:26.354 [INFO    ] motor_02: RPM stable at 78
2026-05-01T18:46:26.607 [INFO    ] compressor_03: System heartbeat OK
2026-05-01T18:46:26.858 [INFO    ] conveyor_04: Temperature within normal range: 38.3°C
2026-05-01T18:46:27.109 [INFO    ] conveyor_04: Sensor read cycle complete
2026-05-01T18:46:27.360 [ERROR   ] pump_01: Motor stall detected — RPM dropped to 14
2026-05-01T18:46:27.610 [WARNING ] valve_05: Vibration spike detected: 46.8 Hz
2026-05-01T18:46:27.861 [ERROR   ] pump_01: Motor stall detected — RPM dropped to 96
2026-05-01T18:46:28.111 [INFO    ] motor_02: Sensor read cycle complete
2026-05-01T18:46:28.362 [INFO    ] compressor_03: System heartbeat OK
2026-05-01T18:46:28.613 [WARNING ] motor_02: Response latency high: 114ms
2026-05-01T18:46:28.864 [INFO    ] motor_02: Temperature within normal range: 97.5°C
2026-05-01T18:46:29.118 [WARNING ] valve_05: Temperature elevated: 65.5°C — threshold 75°C
2026-05-01T18:46:29.369 [CRITICAL] motor_02: Catastrophic vibration: 41.9 Hz — shutting down
2026-05-01T18:46:29.621 [ERROR   ] motor_02: Motor stall detected — RPM dropped to 69
2026-05-01T18:46:29.872 [INFO    ] pump_01: Pressure normal: 98.49 bar
2026-05-01T18:46:30.122 [WARNING ] motor_02: Response latency high: 97ms
2026-05-01T18:46:30.373 [INFO    ] motor_02: RPM stable at 97
2026-05-01T18:46:30.624 [WARNING ] pump_01: Buffer utilisation at 73%
2026-05-01T18:46:30.875 [WARNING ] pump_01: Response latency high: 107ms
2026-05-01T18:46:31.125 [CRITICAL] valve_05: Power supply failure detected
2026-05-01T18:46:31.376 [WARNING ] compressor_03: Response latency high: 20ms
2026-05-01T18:46:31.627 [WARNING ] motor_02: Retry attempt 51 for register 0x0002
2026-05-01T18:46:31.878 [INFO    ] compressor_03: Connection alive
2026-05-01T18:46:32.128 [ERROR   ] compressor_03: Motor stall detected — RPM dropped to 38
2026-05-01T18:46:32.379 [WARNING ] pump_01: Response latency high: 32ms
2026-05-01T18:46:32.630 [ERROR   ] motor_02: Over-temperature limit exceeded: 102.3°C
2026-05-01T18:46:32.881 [INFO    ] conveyor_04: Sensor read cycle complete
2026-05-01T18:46:33.133 [ERROR   ] compressor_03: Communication error: CRC mismatch
2026-05-01T18:46:33.384 [INFO    ] compressor_03: RPM stable at 50
2026-05-01T18:46:33.635 [CRITICAL] conveyor_04: Power supply failure detected
2026-05-01T18:46:33.886 [ERROR   ] pump_01: Communication error: CRC mismatch
2026-05-01T18:46:34.137 [INFO    ] valve_05: Pressure normal: 18.60 bar
2026-05-01T18:46:34.388 [WARNING ] conveyor_04: Retry attempt 29 for register 0x0002
2026-05-01T18:46:34.638 [WARNING ] motor_02: Response latency high: 53ms
2026-05-01T18:46:34.893 [INFO    ] motor_02: Connection alive
2026-05-01T18:46:35.147 [INFO    ] conveyor_04: Sensor read cycle complete
2026-05-01T18:46:35.398 [INFO    ] conveyor_04: Connection alive
2026-05-01T18:46:35.649 [INFO    ] compressor_03: Temperature within normal range: 56.2°C
2026-05-01T18:46:35.900 [INFO    ] pump_01: Sensor read cycle complete
2026-05-01T18:46:36.151 [WARNING ] motor_02: Temperature elevated: 24.7°C — threshold 75°C
2026-05-01T18:46:36.402 [INFO    ] motor_02: System heartbeat OK
2026-05-01T18:46:36.652 [INFO    ] compressor_03: RPM stable at 41
2026-05-01T18:46:36.903 [ERROR   ] conveyor_04: Motor stall detected — RPM dropped to 78
2026-05-01T18:46:37.154 [WARNING ] valve_05: Buffer utilisation at 73%
2026-05-01T18:46:37.404 [WARNING ] pump_01: Temperature elevated: 32.7°C — threshold 75°C
2026-05-01T18:46:37.655 [WARNING ] pump_01: Vibration spike detected: 37.6 Hz
2026-05-01T18:46:37.906 [CRITICAL] valve_05: EMERGENCY STOP triggered — safety interlock activated
2026-05-01T18:46:38.157 [WARNING ] valve_05: Vibration spike detected: 35.7 Hz
2026-05-01T18:46:38.408 [INFO    ] conveyor_04: Temperature within normal range: 39.1°C
2026-05-01T18:46:38.660 [INFO    ] conveyor_04: Temperature within normal range: 89.1°C
2026-05-01T18:46:38.911 [INFO    ] pump_01: Sensor read cycle complete
2026-05-01T18:46:39.163 [INFO    ] compressor_03: Pressure normal: 62.68 bar
2026-05-01T18:46:39.415 [CRITICAL] conveyor_04: Power supply failure detected
2026-05-01T18:46:39.666 [ERROR   ] compressor_03: Motor stall detected — RPM dropped to 89
2026-05-01T18:46:39.917 [INFO    ] pump_01: Pressure normal: 68.61 bar
2026-05-01T18:46:40.167 [INFO    ] valve_05: Temperature within normal range: 47.1°C
2026-05-01T18:46:40.418 [WARNING ] compressor_03: Response latency high: 55ms
2026-05-01T18:46:40.669 [WARNING ] valve_05: Temperature elevated: 69.2°C — threshold 75°C
2026-05-01T18:46:40.921 [INFO    ] compressor_03: Temperature within normal range: 76.3°C
2026-05-01T18:46:41.172 [INFO    ] valve_05: RPM stable at 47
2026-05-01T18:46:41.423 [INFO    ] pump_01: Sensor read cycle complete
2026-05-01T18:46:41.673 [INFO    ] motor_02: Temperature within normal range: 59.2°C
2026-05-01T18:46:41.924 [INFO    ] pump_01: System heartbeat OK
2026-05-01T18:46:42.175 [INFO    ] compressor_03: Connection alive
2026-05-01T18:46:42.425 [INFO    ] conveyor_04: Connection alive
2026-05-01T18:46:42.676 [INFO    ] motor_02: Pressure normal: 68.60 bar
2026-05-01T18:46:42.926 [INFO    ] pump_01: Pressure normal: 96.55 bar
2026-05-01T18:46:43.177 [WARNING ] compressor_03: Temperature elevated: 119.8°C — threshold 75°C
2026-05-01T18:46:43.428 [INFO    ] conveyor_04: Pressure normal: 108.72 bar
2026-05-01T18:46:43.679 [INFO    ] compressor_03: Connection alive
2026-05-01T18:46:43.929 [INFO    ] motor_02: Pressure normal: 87.42 bar
2026-05-01T18:46:44.181 [ERROR   ] compressor_03: Over-temperature limit exceeded: 50.5°C
2026-05-01T18:46:44.431 [INFO    ] conveyor_04: System heartbeat OK
2026-05-01T18:46:44.682 [INFO    ] motor_02: System heartbeat OK
2026-05-01T18:46:44.933 [INFO    ] valve_05: Pressure normal: 93.64 bar
2026-05-01T18:46:45.183 [INFO    ] pump_01: Temperature within normal range: 44.3°C
2026-05-01T18:46:45.434 [INFO    ] valve_05: Connection alive
2026-05-01T18:46:45.688 [INFO    ] conveyor_04: Sensor read cycle complete
2026-05-01T18:46:45.939 [INFO    ] motor_02: Temperature within normal range: 92.0°C
2026-05-01T18:46:46.190 [INFO    ] pump_01: Connection alive
2026-05-01T18:46:46.442 [INFO    ] valve_05: Temperature within normal range: 41.4°C
2026-05-01T18:46:46.693 [WARNING ] conveyor_04: Temperature elevated: 21.1°C — threshold 75°C
2026-05-01T18:46:46.943 [INFO    ] conveyor_04: Connection alive
2026-05-01T18:46:47.194 [WARNING ] motor_02: Vibration spike detected: 28.2 Hz
2026-05-01T18:46:47.446 [INFO    ] compressor_03: RPM stable at 70
2026-05-01T18:46:47.696 [INFO    ] conveyor_04: Connection alive
2026-05-01T18:46:47.951 [INFO    ] motor_02: System heartbeat OK
2026-05-01T18:46:48.202 [WARNING ] valve_05: Temperature elevated: 86.9°C — threshold 75°C
2026-05-01T18:46:48.453 [WARNING ] valve_05: Response latency high: 22ms
2026-05-01T18:46:48.704 [WARNING ] conveyor_04: Buffer utilisation at 51%
2026-05-01T18:46:48.955 [WARNING ] valve_05: Temperature elevated: 97.7°C — threshold 75°C
2026-05-01T18:46:49.205 [INFO    ] conveyor_04: Sensor read cycle complete
2026-05-01T18:46:49.456 [INFO    ] pump_01: Pressure normal: 34.57 bar
2026-05-01T18:46:49.707 [INFO    ] conveyor_04: RPM stable at 42
2026-05-01T18:46:49.958 [WARNING ] conveyor_04: Retry attempt 63 for register 0x0002
2026-05-01T18:46:50.209 [CRITICAL] conveyor_04: EMERGENCY STOP triggered — safety interlock activated
2026-05-01T18:46:50.459 [INFO    ] conveyor_04: System heartbeat OK
2026-05-01T18:46:50.710 [ERROR   ] conveyor_04: Motor stall detected — RPM dropped to 13
2026-05-01T18:46:50.962 [INFO    ] valve_05: Sensor read cycle complete
2026-05-01T18:46:51.214 [INFO    ] valve_05: System heartbeat OK
2026-05-01T18:46:51.465 [INFO    ] valve_05: Connection alive
2026-05-01T18:46:51.716 [INFO    ] pump_01: Connection alive
2026-05-01T18:46:51.966 [INFO    ] compressor_03: Temperature within normal range: 115.8°C
2026-05-01T18:46:52.217 [WARNING ] motor_02: Vibration spike detected: 86.7 Hz
2026-05-01T18:46:52.468 [ERROR   ] conveyor_04: Over-temperature limit exceeded: 51.5°C
2026-05-01T18:46:52.719 [INFO    ] valve_05: Connection alive
2026-05-01T18:46:52.974 [WARNING ] pump_01: Vibration spike detected: 39.1 Hz
2026-05-01T18:46:53.225 [WARNING ] valve_05: Retry attempt 112 for register 0x0002
2026-05-01T18:46:53.476 [WARNING ] valve_05: Vibration spike detected: 116.8 Hz
2026-05-01T18:46:53.727 [INFO    ] conveyor_04: Connection alive
2026-05-01T18:46:53.980 [WARNING ] motor_02: Buffer utilisation at 64%
2026-05-01T18:46:54.230 [INFO    ] compressor_03: RPM stable at 80
2026-05-01T18:46:54.484 [WARNING ] compressor_03: Response latency high: 86ms
2026-05-01T18:46:54.736 [CRITICAL] valve_05: Power supply failure detected
2026-05-01T18:46:54.986 [INFO    ] compressor_03: Temperature within normal range: 53.3°C
2026-05-01T18:46:55.237 [INFO    ] pump_01: Sensor read cycle complete
2026-05-01T18:46:55.487 [INFO    ] compressor_03: Temperature within normal range: 60.1°C
2026-05-01T18:46:55.739 [WARNING ] motor_02: Temperature elevated: 22.4°C — threshold 75°C
2026-05-01T18:46:55.992 [INFO    ] valve_05: Pressure normal: 68.13 bar
2026-05-01T18:46:56.243 [INFO    ] valve_05: RPM stable at 52
2026-05-01T18:46:56.493 [INFO    ] valve_05: Connection alive
2026-05-01T18:46:56.752 [INFO    ] valve_05: Sensor read cycle complete
2026-05-01T18:46:57.004 [INFO    ] motor_02: Sensor read cycle complete
2026-05-01T18:46:57.258 [INFO    ] conveyor_04: Connection alive
2026-05-01T18:46:57.509 [ERROR   ] motor_02: Sensor read FAILED — register 0x0003 timeout
2026-05-01T18:46:57.760 [INFO    ] motor_02: Connection alive
2026-05-01T18:46:58.011 [INFO    ] motor_02: Pressure normal: 66.69 bar
2026-05-01T18:46:58.262 [INFO    ] compressor_03: System heartbeat OK
2026-05-01T18:46:58.512 [WARNING ] motor_02: Vibration spike detected: 38.6 Hz
2026-05-01T18:46:58.763 [INFO    ] pump_01: Pressure normal: 117.90 bar
2026-05-01T18:46:59.014 [INFO    ] pump_01: System heartbeat OK
2026-05-01T18:46:59.265 [INFO    ] valve_05: System heartbeat OK
2026-05-01T18:46:59.515 [INFO    ] compressor_03: Pressure normal: 110.45 bar
2026-05-01T18:46:59.766 [INFO    ] valve_05: Sensor read cycle complete
2026-05-01T18:47:00.018 [ERROR   ] pump_01: Sensor read FAILED — register 0x0003 timeout
2026-05-01T18:47:00.269 [WARNING ] pump_01: Retry attempt 87 for register 0x0002
2026-05-01T18:47:00.521 [INFO    ] pump_01: Pressure normal: 15.29 bar
2026-05-01T18:47:00.771 [INFO    ] pump_01: Temperature within normal range: 47.3°C
2026-05-01T18:47:01.022 [INFO    ] pump_01: Connection alive
2026-05-01T18:47:01.273 [WARNING ] compressor_03: Buffer utilisation at 39%
2026-05-01T18:47:01.525 [WARNING ] valve_05: Retry attempt 41 for register 0x0002
2026-05-01T18:47:01.776 [WARNING ] motor_02: Retry attempt 120 for register 0x0002
2026-05-01T18:47:02.026 [INFO    ] valve_05: RPM stable at 32
2026-05-01T18:47:02.277 [INFO    ] pump_01: Pressure normal: 84.60 bar
2026-05-01T18:47:02.528 [WARNING ] motor_02: Buffer utilisation at 90%
2026-05-01T18:47:02.778 [INFO    ] valve_05: Temperature within normal range: 47.4°C
2026-05-01T18:47:03.029 [INFO    ] compressor_03: Sensor read cycle complete
2026-05-01T18:47:03.280 [WARNING ] compressor_03: Temperature elevated: 55.9°C — threshold 75°C
2026-05-01T18:47:03.531 [CRITICAL] compressor_03: Power supply failure detected
2026-05-01T18:47:03.782 [INFO    ] conveyor_04: Pressure normal: 75.43 bar
2026-05-01T18:47:04.032 [INFO    ] pump_01: Temperature within normal range: 57.6°C
2026-05-01T18:47:04.283 [ERROR   ] motor_02: Over-temperature limit exceeded: 27.0°C
2026-05-01T18:47:04.534 [INFO    ] pump_01: Connection alive
2026-05-01T18:47:04.786 [INFO    ] motor_02: Temperature within normal range: 119.9°C
2026-05-01T18:47:05.037 [INFO    ] motor_02: System heartbeat OK
2026-05-01T18:47:05.288 [INFO    ] compressor_03: Temperature within normal range: 67.8°C
2026-05-01T18:47:05.540 [INFO    ] pump_01: Sensor read cycle complete
2026-05-01T18:47:05.790 [ERROR   ] motor_02: Over-temperature limit exceeded: 55.2°C
2026-05-01T18:47:06.041 [INFO    ] valve_05: Sensor read cycle complete
2026-05-01T18:47:06.292 [WARNING ] conveyor_04: Buffer utilisation at 46%
2026-05-01T18:47:06.542 [ERROR   ] pump_01: Communication error: CRC mismatch
2026-05-01T18:47:06.793 [INFO    ] valve_05: Temperature within normal range: 92.1°C
2026-05-01T18:47:07.044 [WARNING ] conveyor_04: Temperature elevated: 112.6°C — threshold 75°C
2026-05-01T18:47:07.294 [INFO    ] compressor_03: Pressure normal: 65.80 bar
2026-05-01T18:47:07.545 [INFO    ] motor_02: RPM stable at 16
2026-05-01T18:47:07.796 [INFO    ] valve_05: Temperature within normal range: 57.4°C
2026-05-01T18:47:08.049 [WARNING ] motor_02: Buffer utilisation at 41%
2026-05-01T18:47:08.300 [INFO    ] conveyor_04: Connection alive
2026-05-01T18:47:08.551 [WARNING ] valve_05: Buffer utilisation at 88%
2026-05-01T18:47:08.805 [WARNING ] compressor_03: Temperature elevated: 81.7°C — threshold 75°C
2026-05-01T18:47:09.055 [INFO    ] motor_02: RPM stable at 81
2026-05-01T18:47:09.312 [CRITICAL] pump_01: EMERGENCY STOP triggered — safety interlock activated
2026-05-01T18:47:09.562 [INFO    ] motor_02: Pressure normal: 76.34 bar
2026-05-01T18:47:09.813 [ERROR   ] compressor_03: Motor stall detected — RPM dropped to 105
2026-05-01T18:47:10.064 [INFO    ] conveyor_04: Sensor read cycle complete
2026-05-01T18:47:10.315 [WARNING ] conveyor_04: Buffer utilisation at 93%
2026-05-01T18:47:10.566 [CRITICAL] compressor_03: EMERGENCY STOP triggered — safety interlock activated
2026-05-01T18:47:10.817 [INFO    ] valve_05: Pressure normal: 65.67 bar
2026-05-01T18:47:11.067 [CRITICAL] pump_01: Power supply failure detected
2026-05-01T18:47:11.318 [INFO    ] conveyor_04: Sensor read cycle complete
2026-05-01T18:47:11.570 [INFO    ] conveyor_04: Pressure normal: 50.18 bar
2026-05-01T18:47:11.820 [CRITICAL] valve_05: Power supply failure detected
2026-05-01T18:47:12.071 [INFO    ] motor_02: Connection alive
2026-05-01T18:47:12.322 [INFO    ] pump_01: RPM stable at 28
2026-05-01T18:47:12.573 [INFO    ] motor_02: RPM stable at 33
2026-05-01T18:47:12.823 [ERROR   ] conveyor_04: Over-temperature limit exceeded: 93.7°C
2026-05-01T18:47:13.077 [INFO    ] pump_01: RPM stable at 38
2026-05-01T18:47:13.327 [ERROR   ] compressor_03: Communication error: CRC mismatch
2026-05-01T18:47:13.580 [ERROR   ] motor_02: Sensor read FAILED — register 0x0003 timeout
2026-05-01T18:47:13.831 [INFO    ] compressor_03: Temperature within normal range: 41.5°C
2026-05-01T18:47:14.082 [INFO    ] motor_02: Pressure normal: 43.50 bar
2026-05-01T18:47:14.333 [ERROR   ] valve_05: Communication error: CRC mismatch
2026-05-01T18:47:14.584 [WARNING ] pump_01: Buffer utilisation at 108%
2026-05-01T18:47:14.835 [INFO    ] compressor_03: Sensor read cycle complete
2026-05-01T18:47:15.086 [INFO    ] motor_02: System heartbeat OK
2026-05-01T18:47:15.336 [WARNING ] valve_05: Retry attempt 29 for register 0x0002
2026-05-01T18:47:15.587 [WARNING ] compressor_03: Retry attempt 49 for register 0x0002
2026-05-01T18:47:15.837 [WARNING ] conveyor_04: Vibration spike detected: 68.7 Hz
2026-05-01T18:47:16.088 [INFO    ] pump_01: Connection alive
2026-05-01T18:47:16.339 [WARNING ] compressor_03: Retry attempt 57 for register 0x0002
2026-05-01T18:47:16.589 [INFO    ] motor_02: System heartbeat OK
2026-05-01T18:47:16.840 [WARNING ] compressor_03: Response latency high: 97ms
2026-05-01T18:47:17.091 [INFO    ] valve_05: RPM stable at 107
2026-05-01T18:47:17.341 [INFO    ] conveyor_04: RPM stable at 38
2026-05-01T18:47:17.593 [WARNING ] compressor_03: Temperature elevated: 55.0°C — threshold 75°C
2026-05-01T18:47:17.843 [INFO    ] valve_05: Sensor read cycle complete
2026-05-01T18:47:18.094 [INFO    ] compressor_03: Connection alive
2026-05-01T18:47:18.345 [INFO    ] compressor_03: Connection alive
2026-05-01T18:47:18.596 [INFO    ] motor_02: Sensor read cycle complete
2026-05-01T18:47:18.847 [INFO    ] conveyor_04: Pressure normal: 28.30 bar
2026-05-01T18:47:19.098 [WARNING ] valve_05: Temperature elevated: 94.3°C — threshold 75°C
2026-05-01T18:47:19.348 [WARNING ] pump_01: Response latency high: 37ms
2026-05-01T18:47:19.599 [CRITICAL] compressor_03: Catastrophic vibration: 90.5 Hz — shutting down
2026-05-01T18:47:19.850 [WARNING ] pump_01: Retry attempt 109 for register 0x0002
2026-05-01T18:47:20.100 [INFO    ] valve_05: Sensor read cycle complete
2026-05-01T18:47:20.351 [ERROR   ] pump_01: Communication error: CRC mismatch
2026-05-01T18:47:20.601 [INFO    ] compressor_03: Sensor read cycle complete
2026-05-01T18:47:20.852 [ERROR   ] motor_02: Motor stall detected — RPM dropped to 52
2026-05-01T18:47:21.102 [ERROR   ] valve_05: Motor stall detected — RPM dropped to 113
2026-05-01T18:47:21.354 [INFO    ] pump_01: System heartbeat OK
2026-05-01T18:47:21.604 [WARNING ] pump_01: Retry attempt 44 for register 0x0002
2026-05-01T18:47:21.855 [CRITICAL] valve_05: Power supply failure detected
2026-05-01T18:47:22.106 [CRITICAL] compressor_03: Catastrophic vibration: 25.3 Hz — shutting down
2026-05-01T18:47:22.356 [INFO    ] motor_02: Temperature within normal range: 115.7°C
2026-05-01T18:47:22.607 [ERROR   ] pump_01: Over-temperature limit exceeded: 118.6°C
2026-05-01T18:47:22.858 [INFO    ] pump_01: System heartbeat OK
2026-05-01T18:47:23.109 [WARNING ] conveyor_04: Response latency high: 86ms
2026-05-01T18:47:23.360 [INFO    ] conveyor_04: Temperature within normal range: 34.8°C
2026-05-01T18:47:23.610 [ERROR   ] valve_05: Sensor read FAILED — register 0x0003 timeout
2026-05-01T18:47:23.861 [ERROR   ] conveyor_04: Communication error: CRC mismatch
2026-05-01T18:47:24.112 [WARNING ] compressor_03: Buffer utilisation at 81%
2026-05-01T18:47:24.363 [INFO    ] valve_05: Connection alive
2026-05-01T18:47:24.614 [INFO    ] pump_01: Pressure normal: 18.15 bar
2026-05-01T18:47:24.865 [INFO    ] valve_05: Sensor read cycle complete
2026-05-01T18:47:25.116 [INFO    ] valve_05: Sensor read cycle complete
2026-05-01T18:47:25.366 [INFO    ] compressor_03: Sensor read cycle complete
2026-05-01T18:47:25.621 [WARNING ] compressor_03: Response latency high: 83ms
2026-05-01T18:47:25.872 [WARNING ] compressor_03: Retry attempt 40 for register 0x0002
2026-05-01T18:47:26.123 [INFO    ] conveyor_04: RPM stable at 24
2026-05-01T18:47:26.374 [INFO    ] valve_05: Pressure normal: 67.63 bar
2026-05-01T18:47:26.624 [WARNING ] pump_01: Retry attempt 87 for register 0x0002
2026-05-01T18:47:26.875 [INFO    ] compressor_03: Pressure normal: 69.27 bar
2026-05-01T18:47:27.126 [INFO    ] motor_02: RPM stable at 87
2026-05-01T18:47:27.377 [INFO    ] compressor_03: Connection alive
2026-05-01T18:47:27.628 [INFO    ] valve_05: Connection alive
2026-05-01T18:47:27.878 [INFO    ] pump_01: Sensor read cycle complete
2026-05-01T18:47:28.129 [CRITICAL] pump_01: Catastrophic vibration: 29.6 Hz — shutting down
2026-05-01T18:47:28.380 [INFO    ] conveyor_04: RPM stable at 23
2026-05-01T18:47:28.630 [WARNING ] pump_01: Temperature elevated: 33.1°C — threshold 75°C
2026-05-01T18:47:28.881 [WARNING ] valve_05: Temperature elevated: 98.8°C — threshold 75°C
2026-05-01T18:47:29.132 [WARNING ] conveyor_04: Response latency high: 25ms
2026-05-01T18:47:29.383 [INFO    ] valve_05: RPM stable at 19
2026-05-01T18:47:29.634 [INFO    ] compressor_03: Temperature within normal range: 82.2°C
2026-05-01T18:47:29.885 [WARNING ] compressor_03: Buffer utilisation at 72%
2026-05-01T18:47:30.136 [CRITICAL] conveyor_04: Catastrophic vibration: 91.4 Hz — shutting down
2026-05-01T18:47:30.387 [INFO    ] pump_01: Temperature within normal range: 90.8°C
2026-05-01T18:47:30.638 [ERROR   ] compressor_03: Communication error: CRC mismatch
2026-05-01T18:47:30.888 [ERROR   ] motor_02: Over-temperature limit exceeded: 111.3°C
2026-05-01T18:47:31.139 [INFO    ] motor_02: Pressure normal: 100.97 bar
2026-05-01T18:47:31.390 [WARNING ] motor_02: Retry attempt 92 for register 0x0002
2026-05-01T18:47:31.641 [INFO    ] motor_02: Sensor read cycle complete
2026-05-01T18:47:31.891 [INFO    ] conveyor_04: RPM stable at 55
2026-05-01T18:47:32.142 [INFO    ] pump_01: Pressure normal: 16.55 bar
2026-05-01T18:47:32.392 [WARNING ] conveyor_04: Buffer utilisation at 16%
2026-05-01T18:47:32.643 [WARNING ] motor_02: Buffer utilisation at 50%
2026-05-01T18:47:32.895 [INFO    ] valve_05: Pressure normal: 38.15 bar
2026-05-01T18:47:33.162 [WARNING ] pump_01: Buffer utilisation at 87%
2026-05-01T18:47:33.426 [INFO    ] pump_01: Temperature within normal range: 13.3°C
2026-05-01T18:47:33.684 [CRITICAL] pump_01: Power supply failure detected
2026-05-01T18:47:33.935 [WARNING ] valve_05: Response latency high: 98ms
2026-05-01T18:47:34.186 [INFO    ] conveyor_04: Sensor read cycle complete
2026-05-01T18:47:34.436 [INFO    ] valve_05: RPM stable at 110
2026-05-01T18:47:34.687 [ERROR   ] valve_05: Communication error: CRC mismatch
2026-05-01T18:47:34.940 [INFO    ] compressor_03: Pressure normal: 71.73 bar
2026-05-01T18:47:35.190 [WARNING ] motor_02: Response latency high: 98ms
2026-05-01T18:47:35.441 [INFO    ] pump_01: Sensor read cycle complete
2026-05-01T18:47:35.691 [INFO    ] conveyor_04: Connection alive
2026-05-01T18:47:35.942 [ERROR   ] motor_02: Sensor read FAILED — register 0x0003 timeout
2026-05-01T18:47:36.193 [INFO    ] valve_05: Temperature within normal range: 27.2°C
2026-05-01T18:47:36.444 [INFO    ] valve_05: Pressure normal: 88.83 bar
2026-05-01T18:47:36.694 [WARNING ] pump_01: Temperature elevated: 60.0°C — threshold 75°C
2026-05-01T18:47:36.945 [WARNING ] motor_02: Buffer utilisation at 23%
2026-05-01T18:47:37.196 [INFO    ] compressor_03: Connection alive
2026-05-01T18:47:37.446 [WARNING ] pump_01: Vibration spike detected: 40.0 Hz
2026-05-01T18:47:37.697 [INFO    ] conveyor_04: RPM stable at 113
2026-05-01T18:47:37.948 [INFO    ] conveyor_04: Connection alive
2026-05-01T18:47:38.198 [CRITICAL] compressor_03: Power supply failure detected
2026-05-01T18:47:38.449 [INFO    ] conveyor_04: Pressure normal: 69.55 bar
2026-05-01T18:47:38.700 [INFO    ] conveyor_04: Sensor read cycle complete
2026-05-01T18:47:38.951 [WARNING ] valve_05: Vibration spike detected: 94.7 Hz
2026-05-01T18:47:39.201 [INFO    ] valve_05: Sensor read cycle complete
2026-05-01T18:47:39.452 [INFO    ] conveyor_04: Sensor read cycle complete
2026-05-01T18:47:39.702 [WARNING ] conveyor_04: Buffer utilisation at 116%
2026-05-01T18:47:39.953 [WARNING ] pump_01: Buffer utilisation at 80%
2026-05-01T18:47:40.204 [INFO    ] pump_01: System heartbeat OK
2026-05-01T18:47:40.455 [WARNING ] pump_01: Temperature elevated: 20.8°C — threshold 75°C
2026-05-01T18:47:40.706 [CRITICAL] pump_01: Power supply failure detected
2026-05-01T18:47:40.958 [INFO    ] pump_01: System heartbeat OK
2026-05-01T18:47:41.209 [WARNING ] conveyor_04: Retry attempt 54 for register 0x0002
2026-05-01T18:47:41.459 [INFO    ] conveyor_04: Sensor read cycle complete
2026-05-01T18:47:41.710 [WARNING ] valve_05: Buffer utilisation at 112%
2026-05-01T18:47:41.962 [INFO    ] valve_05: Pressure normal: 77.94 bar
2026-05-01T18:47:42.212 [INFO    ] valve_05: RPM stable at 37
2026-05-01T18:47:42.463 [INFO    ] pump_01: Temperature within normal range: 57.0°C
2026-05-01T18:47:42.714 [ERROR   ] pump_01: Communication error: CRC mismatch
2026-05-01T18:47:42.964 [WARNING ] motor_02: Buffer utilisation at 118%
2026-05-01T18:47:43.215 [INFO    ] compressor_03: Temperature within normal range: 34.6°C
2026-05-01T18:47:43.466 [ERROR   ] conveyor_04: Over-temperature limit exceeded: 95.3°C
2026-05-01T18:47:43.717 [INFO    ] pump_01: Sensor read cycle complete
2026-05-01T18:47:43.967 [INFO    ] compressor_03: Sensor read cycle complete
2026-05-01T18:47:44.218 [WARNING ] pump_01: Buffer utilisation at 95%
2026-05-01T18:47:44.469 [INFO    ] motor_02: System heartbeat OK
2026-05-01T18:47:44.720 [INFO    ] pump_01: RPM stable at 36
2026-05-01T18:47:44.970 [INFO    ] conveyor_04: Temperature within normal range: 43.5°C
2026-05-01T18:47:45.221 [ERROR   ] compressor_03: Communication error: CRC mismatch
2026-05-01T18:47:45.472 [ERROR   ] pump_01: Sensor read FAILED — register 0x0003 timeout
2026-05-01T18:47:45.730 [INFO    ] valve_05: Sensor read cycle complete
2026-05-01T18:47:45.981 [INFO    ] compressor_03: Pressure normal: 85.83 bar
2026-05-01T18:47:46.232 [ERROR   ] valve_05: Sensor read FAILED — register 0x0003 timeout
2026-05-01T18:47:46.482 [INFO    ] motor_02: Pressure normal: 41.67 bar
2026-05-01T18:47:46.733 [ERROR   ] pump_01: Communication error: CRC mismatch
2026-05-01T18:47:46.984 [INFO    ] compressor_03: System heartbeat OK
2026-05-01T18:47:47.235 [ERROR   ] motor_02: Communication error: CRC mismatch
2026-05-01T18:47:47.486 [INFO    ] compressor_03: Temperature within normal range: 98.8°C
2026-05-01T18:47:47.736 [INFO    ] motor_02: Connection alive
2026-05-01T18:47:47.987 [INFO    ] conveyor_04: Sensor read cycle complete
2026-05-01T18:47:48.238 [ERROR   ] compressor_03: Sensor read FAILED — register 0x0003 timeout
2026-05-01T18:47:48.488 [INFO    ] motor_02: System heartbeat OK
2026-05-01T18:47:48.739 [INFO    ] motor_02: Temperature within normal range: 112.6°C
2026-05-01T18:47:48.990 [INFO    ] motor_02: Pressure normal: 18.75 bar
2026-05-01T18:47:49.245 [INFO    ] motor_02: Pressure normal: 37.72 bar
2026-05-01T18:47:49.497 [WARNING ] valve_05: Temperature elevated: 77.8°C — threshold 75°C
2026-05-01T18:47:49.747 [WARNING ] pump_01: Buffer utilisation at 117%
2026-05-01T18:47:49.998 [INFO    ] conveyor_04: Sensor read cycle complete
2026-05-01T18:47:50.249 [INFO    ] valve_05: Temperature within normal range: 112.7°C
2026-05-01T18:47:50.499 [INFO    ] motor_02: Connection alive
2026-05-01T18:47:50.750 [ERROR   ] valve_05: Motor stall detected — RPM dropped to 34
2026-05-01T18:47:51.001 [INFO    ] conveyor_04: Connection alive
2026-05-01T18:47:51.251 [INFO    ] motor_02: Temperature within normal range: 64.8°C
2026-05-01T18:47:51.502 [INFO    ] conveyor_04: Temperature within normal range: 83.4°C
2026-05-01T18:47:51.754 [WARNING ] valve_05: Temperature elevated: 91.3°C — threshold 75°C
2026-05-01T18:47:52.005 [INFO    ] compressor_03: System heartbeat OK
2026-05-01T18:47:52.257 [INFO    ] valve_05: Connection alive
2026-05-01T18:47:52.508 [ERROR   ] compressor_03: Motor stall detected — RPM dropped to 53
2026-05-01T18:47:52.758 [INFO    ] pump_01: Pressure normal: 111.85 bar
2026-05-01T18:47:53.010 [INFO    ] valve_05: Pressure normal: 15.51 bar
2026-05-01T18:47:53.260 [WARNING ] pump_01: Vibration spike detected: 23.4 Hz
2026-05-01T18:47:53.511 [INFO    ] pump_01: System heartbeat OK
2026-05-01T18:47:53.762 [INFO    ] conveyor_04: Temperature within normal range: 103.1°C
2026-05-01T18:47:54.012 [WARNING ] valve_05: Retry attempt 99 for register 0x0002
2026-05-01T18:47:54.263 [INFO    ] conveyor_04: Connection alive
2026-05-01T18:47:54.514 [INFO    ] compressor_03: System heartbeat OK
2026-05-01T18:47:54.764 [INFO    ] compressor_03: Temperature within normal range: 10.4°C
2026-05-01T18:47:55.015 [WARNING ] pump_01: Buffer utilisation at 16%
2026-05-01T18:47:55.266 [WARNING ] pump_01: Response latency high: 78ms
2026-05-01T18:47:55.516 [ERROR   ] valve_05: Over-temperature limit exceeded: 102.1°C
2026-05-01T18:47:55.768 [ERROR   ] pump_01: Sensor read FAILED — register 0x0003 timeout
2026-05-01T18:47:56.019 [INFO    ] motor_02: Sensor read cycle complete
2026-05-01T18:47:56.270 [INFO    ] motor_02: System heartbeat OK
2026-05-01T18:47:56.522 [INFO    ] conveyor_04: System heartbeat OK
2026-05-01T18:47:56.773 [INFO    ] motor_02: Sensor read cycle complete
2026-05-01T18:47:57.026 [INFO    ] conveyor_04: System heartbeat OK
2026-05-01T18:47:57.280 [INFO    ] valve_05: Pressure normal: 65.76 bar
2026-05-01T18:47:57.531 [INFO    ] motor_02: System heartbeat OK
2026-05-01T18:47:57.781 [INFO    ] compressor_03: System heartbeat OK
2026-05-01T18:47:58.032 [INFO    ] motor_02: Sensor read cycle complete
2026-05-01T18:47:58.282 [INFO    ] conveyor_04: Sensor read cycle complete
2026-05-01T18:47:58.533 [WARNING ] valve_05: Vibration spike detected: 101.3 Hz
2026-05-01T18:47:58.784 [INFO    ] pump_01: Temperature within normal range: 81.4°C
2026-05-01T18:47:59.035 [INFO    ] valve_05: Sensor read cycle complete
2026-05-01T18:47:59.286 [INFO    ] pump_01: RPM stable at 77
2026-05-01T18:47:59.537 [WARNING ] conveyor_04: Temperature elevated: 52.9°C — threshold 75°C
2026-05-01T18:47:59.788 [WARNING ] pump_01: Response latency high: 52ms
2026-05-01T18:48:00.040 [INFO    ] motor_02: Temperature within normal range: 94.3°C
2026-05-01T18:48:00.292 [ERROR   ] motor_02: Over-temperature limit exceeded: 18.5°C
2026-05-01T18:48:00.544 [INFO    ] motor_02: Connection alive
2026-05-01T18:48:00.796 [INFO    ] compressor_03: Connection alive
2026-05-01T18:48:01.046 [INFO    ] compressor_03: RPM stable at 47
2026-05-01T18:48:01.297 [INFO    ] motor_02: Sensor read cycle complete
2026-05-01T18:48:01.548 [INFO    ] pump_01: RPM stable at 32
2026-05-01T18:48:01.799 [ERROR   ] compressor_03: Communication error: CRC mismatch
2026-05-01T18:48:02.049 [INFO    ] conveyor_04: Pressure normal: 102.41 bar
2026-05-01T18:48:02.300 [INFO    ] motor_02: System heartbeat OK
2026-05-01T18:48:02.551 [INFO    ] motor_02: System heartbeat OK
2026-05-01T18:48:02.807 [CRITICAL] motor_02: EMERGENCY STOP triggered — safety interlock activated
2026-05-01T18:48:03.064 [INFO    ] motor_02: System heartbeat OK
2026-05-01T18:48:03.315 [WARNING ] valve_05: Vibration spike detected: 76.1 Hz
2026-05-01T18:48:03.566 [INFO    ] pump_01: Temperature within normal range: 99.0°C
2026-05-01T18:48:03.817 [INFO    ] pump_01: Pressure normal: 14.00 bar
2026-05-01T18:48:04.067 [INFO    ] motor_02: Pressure normal: 118.17 bar
2026-05-01T18:48:04.318 [CRITICAL] pump_01: Catastrophic vibration: 58.4 Hz — shutting down
2026-05-01T18:48:04.569 [WARNING ] pump_01: Vibration spike detected: 33.1 Hz
2026-05-01T18:48:04.819 [INFO    ] valve_05: Connection alive
2026-05-01T18:48:05.070 [WARNING ] motor_02: Vibration spike detected: 73.7 Hz
2026-05-01T18:48:05.320 [INFO    ] compressor_03: Temperature within normal range: 106.2°C
2026-05-01T18:48:05.571 [WARNING ] motor_02: Buffer utilisation at 86%
2026-05-01T18:48:05.822 [INFO    ] pump_01: System heartbeat OK
2026-05-01T18:48:06.073 [INFO    ] conveyor_04: RPM stable at 51
2026-05-01T18:48:06.324 [INFO    ] valve_05: Pressure normal: 111.74 bar
2026-05-01T18:48:06.575 [WARNING ] compressor_03: Buffer utilisation at 59%
2026-05-01T18:48:06.826 [INFO    ] valve_05: Connection alive
2026-05-01T18:48:07.077 [INFO    ] valve_05: RPM stable at 104
2026-05-01T18:48:07.327 [WARNING ] conveyor_04: Response latency high: 21ms
2026-05-01T18:48:07.578 [INFO    ] conveyor_04: RPM stable at 112
2026-05-01T18:48:07.829 [WARNING ] motor_02: Retry attempt 23 for register 0x0002
2026-05-01T18:48:08.079 [INFO    ] compressor_03: Connection alive
2026-05-01T18:48:08.330 [INFO    ] pump_01: Pressure normal: 111.88 bar
2026-05-01T18:48:08.580 [ERROR   ] conveyor_04: Sensor read FAILED — register 0x0003 timeout
2026-05-01T18:48:08.832 [INFO    ] pump_01: Temperature within normal range: 80.5°C
2026-05-01T18:48:09.083 [INFO    ] pump_01: Pressure normal: 39.42 bar
2026-05-01T18:48:09.334 [INFO    ] pump_01: Pressure normal: 49.87 bar
2026-05-01T18:48:09.585 [INFO    ] valve_05: Sensor read cycle complete
2026-05-01T18:48:09.835 [ERROR   ] compressor_03: Communication error: CRC mismatch
2026-05-01T18:48:10.086 [ERROR   ] compressor_03: Communication error: CRC mismatch
2026-05-01T18:48:10.337 [INFO    ] compressor_03: Connection alive
2026-05-01T18:48:10.589 [INFO    ] pump_01: Pressure normal: 48.46 bar
2026-05-01T18:48:10.839 [INFO    ] pump_01: RPM stable at 45
2026-05-01T18:48:11.090 [INFO    ] conveyor_04: Connection alive
2026-05-01T18:48:11.341 [INFO    ] conveyor_04: Pressure normal: 89.79 bar
2026-05-01T18:48:11.592 [INFO    ] motor_02: Temperature within normal range: 93.5°C
2026-05-01T18:48:11.843 [INFO    ] compressor_03: Temperature within normal range: 28.0°C
2026-05-01T18:48:12.094 [WARNING ] compressor_03: Response latency high: 23ms
2026-05-01T18:48:12.344 [INFO    ] conveyor_04: Connection alive
2026-05-01T18:48:12.595 [INFO    ] compressor_03: Temperature within normal range: 35.1°C
2026-05-01T18:48:12.846 [INFO    ] conveyor_04: Pressure normal: 83.86 bar
2026-05-01T18:48:13.101 [INFO    ] motor_02: Connection alive
2026-05-01T18:48:13.352 [INFO    ] pump_01: Pressure normal: 79.83 bar
2026-05-01T18:48:13.603 [INFO    ] compressor_03: RPM stable at 39
2026-05-01T18:48:13.853 [ERROR   ] valve_05: Motor stall detected — RPM dropped to 81
2026-05-01T18:48:14.104 [INFO    ] pump_01: System heartbeat OK
2026-05-01T18:48:14.355 [ERROR   ] valve_05: Motor stall detected — RPM dropped to 107
2026-05-01T18:48:14.605 [INFO    ] valve_05: Connection alive
2026-05-01T18:48:14.856 [INFO    ] compressor_03: System heartbeat OK
2026-05-01T18:48:15.107 [INFO    ] conveyor_04: Connection alive
2026-05-01T18:48:15.358 [INFO    ] compressor_03: System heartbeat OK
2026-05-01T18:48:15.610 [WARNING ] compressor_03: Buffer utilisation at 50%
2026-05-01T18:48:15.861 [INFO    ] pump_01: Sensor read cycle complete
2026-05-01T18:48:16.111 [WARNING ] motor_02: Retry attempt 74 for register 0x0002
2026-05-01T18:48:16.362 [ERROR   ] valve_05: Sensor read FAILED — register 0x0003 timeout
2026-05-01T18:48:16.613 [INFO    ] motor_02: Connection alive
2026-05-01T18:48:16.865 [WARNING ] motor_02: Temperature elevated: 78.9°C — threshold 75°C
2026-05-01T18:48:17.115 [INFO    ] conveyor_04: Pressure normal: 109.51 bar
2026-05-01T18:48:17.366 [INFO    ] motor_02: System heartbeat OK
2026-05-01T18:48:17.617 [INFO    ] conveyor_04: System heartbeat OK
2026-05-01T18:48:17.868 [WARNING ] compressor_03: Vibration spike detected: 50.3 Hz
2026-05-01T18:48:18.119 [WARNING ] compressor_03: Buffer utilisation at 92%
2026-05-01T18:48:18.370 [INFO    ] motor_02: Pressure normal: 96.49 bar
2026-05-01T18:48:18.620 [INFO    ] pump_01: Temperature within normal range: 85.1°C
2026-05-01T18:48:18.871 [INFO    ] compressor_03: System heartbeat OK
2026-05-01T18:48:19.122 [WARNING ] motor_02: Temperature elevated: 20.9°C — threshold 75°C
2026-05-01T18:48:19.372 [WARNING ] compressor_03: Temperature elevated: 47.6°C — threshold 75°C
2026-05-01T18:48:19.623 [INFO    ] compressor_03: Temperature within normal range: 95.0°C
2026-05-01T18:48:19.874 [INFO    ] valve_05: Connection alive
2026-05-01T18:48:20.125 [WARNING ] motor_02: Buffer utilisation at 14%
2026-05-01T18:48:20.376 [CRITICAL] conveyor_04: Power supply failure detected
2026-05-01T18:48:20.626 [WARNING ] conveyor_04: Temperature elevated: 85.3°C — threshold 75°C
2026-05-01T18:48:20.877 [INFO    ] conveyor_04: System heartbeat OK
2026-05-01T18:48:21.128 [INFO    ] motor_02: Pressure normal: 100.44 bar
2026-05-01T18:48:21.379 [INFO    ] motor_02: Temperature within normal range: 53.5°C
2026-05-01T18:48:21.629 [INFO    ] pump_01: System heartbeat OK
2026-05-01T18:48:21.880 [INFO    ] compressor_03: RPM stable at 89
2026-05-01T18:48:22.131 [CRITICAL] compressor_03: Catastrophic vibration: 12.1 Hz — shutting down
2026-05-01T18:48:22.381 [INFO    ] compressor_03: System heartbeat OK
2026-05-01T18:48:22.632 [ERROR   ] motor_02: Communication error: CRC mismatch
2026-05-01T18:48:22.883 [ERROR   ] valve_05: Communication error: CRC mismatch
2026-05-01T18:48:23.135 [INFO    ] conveyor_04: Pressure normal: 30.32 bar
2026-05-01T18:48:23.386 [INFO    ] valve_05: Pressure normal: 75.52 bar
2026-05-01T18:48:23.636 [WARNING ] pump_01: Response latency high: 31ms
2026-05-01T18:48:23.887 [WARNING ] pump_01: Buffer utilisation at 74%
2026-05-01T18:48:24.138 [INFO    ] conveyor_04: Sensor read cycle complete
2026-05-01T18:48:24.388 [ERROR   ] pump_01: Communication error: CRC mismatch
2026-05-01T18:48:24.639 [INFO    ] compressor_03: Temperature within normal range: 48.2°C
2026-05-01T18:48:24.889 [INFO    ] conveyor_04: Pressure normal: 81.20 bar
2026-05-01T18:48:25.143 [INFO    ] valve_05: Pressure normal: 84.40 bar
2026-05-01T18:48:25.394 [INFO    ] motor_02: System heartbeat OK
2026-05-01T18:48:25.646 [INFO    ] valve_05: System heartbeat OK
2026-05-01T18:48:25.897 [INFO    ] conveyor_04: Connection alive
2026-05-01T18:48:26.147 [ERROR   ] motor_02: Over-temperature limit exceeded: 59.8°C
2026-05-01T18:48:26.399 [INFO    ] conveyor_04: System heartbeat OK
2026-05-01T18:48:26.650 [INFO    ] conveyor_04: RPM stable at 43
2026-05-01T18:48:26.901 [INFO    ] motor_02: Sensor read cycle complete
2026-05-01T18:48:27.154 [INFO    ] motor_02: Pressure normal: 76.70 bar
2026-05-01T18:48:27.406 [INFO    ] compressor_03: RPM stable at 30
2026-05-01T18:48:27.658 [WARNING ] valve_05: Vibration spike detected: 64.6 Hz
2026-05-01T18:48:27.909 [CRITICAL] motor_02: EMERGENCY STOP triggered — safety interlock activated
2026-05-01T18:48:28.160 [INFO    ] compressor_03: Temperature within normal range: 75.6°C
2026-05-01T18:48:28.410 [INFO    ] motor_02: RPM stable at 50
2026-05-01T18:48:28.661 [ERROR   ] pump_01: Motor stall detected — RPM dropped to 82
2026-05-01T18:48:28.912 [INFO    ] pump_01: Temperature within normal range: 104.1°C
2026-05-01T18:48:29.163 [CRITICAL] valve_05: Power supply failure detected
2026-05-01T18:48:29.414 [INFO    ] compressor_03: RPM stable at 70
2026-05-01T18:48:29.664 [INFO    ] pump_01: Temperature within normal range: 27.0°C
2026-05-01T18:48:29.915 [INFO    ] compressor_03: System heartbeat OK
2026-05-01T18:48:30.165 [WARNING ] pump_01: Vibration spike detected: 26.8 Hz
2026-05-01T18:48:30.416 [INFO    ] conveyor_04: Temperature within normal range: 66.9°C
2026-05-01T18:48:30.667 [INFO    ] conveyor_04: System heartbeat OK
2026-05-01T18:48:30.918 [INFO    ] pump_01: Sensor read cycle complete
2026-05-01T18:48:31.169 [INFO    ] pump_01: Sensor read cycle complete
2026-05-01T18:48:31.420 [INFO    ] valve_05: Temperature within normal range: 115.3°C
2026-05-01T18:48:31.670 [WARNING ] compressor_03: Vibration spike detected: 25.2 Hz
2026-05-01T18:48:31.921 [ERROR   ] valve_05: Communication error: CRC mismatch
2026-05-01T18:48:32.171 [INFO    ] motor_02: System heartbeat OK
2026-05-01T18:48:32.422 [CRITICAL] compressor_03: Power supply failure detected
2026-05-01T18:48:32.675 [WARNING ] pump_01: Buffer utilisation at 116%
2026-05-01T18:48:32.925 [INFO    ] compressor_03: System heartbeat OK
2026-05-01T18:48:33.184 [INFO    ] pump_01: Temperature within normal range: 89.8°C
2026-05-01T18:48:33.439 [WARNING ] compressor_03: Retry attempt 110 for register 0x0002
2026-05-01T18:48:33.690 [WARNING ] pump_01: Response latency high: 41ms
2026-05-01T18:48:33.941 [INFO    ] conveyor_04: RPM stable at 113
2026-05-01T18:48:34.192 [INFO    ] pump_01: Pressure normal: 103.78 bar
2026-05-01T18:48:34.443 [ERROR   ] pump_01: Motor stall detected — RPM dropped to 66
2026-05-01T18:48:34.694 [INFO    ] valve_05: Connection alive
2026-05-01T18:48:34.945 [WARNING ] valve_05: Temperature elevated: 66.4°C — threshold 75°C
2026-05-01T18:48:35.195 [INFO    ] compressor_03: Pressure normal: 47.20 bar
2026-05-01T18:48:35.449 [INFO    ] motor_02: Connection alive
2026-05-01T18:48:35.700 [WARNING ] conveyor_04: Temperature elevated: 28.5°C — threshold 75°C
2026-05-01T18:48:35.951 [ERROR   ] valve_05: Sensor read FAILED — register 0x0003 timeout
2026-05-01T18:48:36.201 [ERROR   ] compressor_03: Communication error: CRC mismatch
2026-05-01T18:48:36.452 [WARNING ] pump_01: Buffer utilisation at 69%
2026-05-01T18:48:36.703 [WARNING ] conveyor_04: Vibration spike detected: 86.3 Hz
2026-05-01T18:48:36.954 [INFO    ] motor_02: RPM stable at 102
2026-05-01T18:48:37.204 [WARNING ] compressor_03: Buffer utilisation at 86%
2026-05-01T18:48:37.455 [WARNING ] pump_01: Temperature elevated: 23.9°C — threshold 75°C
2026-05-01T18:48:37.706 [WARNING ] compressor_03: Retry attempt 70 for register 0x0002
2026-05-01T18:48:37.957 [INFO    ] motor_02: System heartbeat OK
2026-05-01T18:48:38.209 [WARNING ] valve_05: Temperature elevated: 14.1°C — threshold 75°C
2026-05-01T18:48:38.460 [INFO    ] conveyor_04: Connection alive
2026-05-01T18:48:38.710 [ERROR   ] conveyor_04: Over-temperature limit exceeded: 75.1°C
2026-05-01T18:48:38.961 [WARNING ] compressor_03: Buffer utilisation at 77%
2026-05-01T18:48:39.213 [WARNING ] motor_02: Retry attempt 44 for register 0x0002
2026-05-01T18:48:39.464 [ERROR   ] motor_02: Sensor read FAILED — register 0x0003 timeout
2026-05-01T18:48:39.714 [INFO    ] motor_02: Temperature within normal range: 30.6°C
2026-05-01T18:48:39.965 [INFO    ] conveyor_04: Temperature within normal range: 55.6°C
2026-05-01T18:48:40.218 [INFO    ] valve_05: Pressure normal: 111.75 bar
2026-05-01T18:48:40.469 [INFO    ] pump_01: Pressure normal: 33.01 bar
2026-05-01T18:48:40.720 [INFO    ] compressor_03: System heartbeat OK
2026-05-01T18:48:40.971 [INFO    ] motor_02: Pressure normal: 20.75 bar
2026-05-01T18:48:41.221 [INFO    ] compressor_03: Pressure normal: 67.87 bar
2026-05-01T18:48:41.472 [INFO    ] compressor_03: System heartbeat OK
2026-05-01T18:48:41.723 [CRITICAL] valve_05: Catastrophic vibration: 84.3 Hz — shutting down
2026-05-01T18:48:41.974 [INFO    ] valve_05: RPM stable at 120
2026-05-01T18:48:42.225 [ERROR   ] compressor_03: Over-temperature limit exceeded: 50.8°C
2026-05-01T18:48:42.477 [ERROR   ] conveyor_04: Over-temperature limit exceeded: 58.9°C
2026-05-01T18:48:42.729 [CRITICAL] valve_05: Catastrophic vibration: 113.7 Hz — shutting down
2026-05-01T18:48:42.980 [INFO    ] motor_02: RPM stable at 97
2026-05-01T18:48:43.232 [INFO    ] compressor_03: Temperature within normal range: 40.4°C
2026-05-01T18:48:43.483 [INFO    ] pump_01: Temperature within normal range: 19.2°C
2026-05-01T18:48:43.733 [INFO    ] valve_05: Pressure normal: 103.35 bar
2026-05-01T18:48:43.984 [WARNING ] pump_01: Buffer utilisation at 84%
2026-05-01T18:48:44.235 [INFO    ] pump_01: Sensor read cycle complete
2026-05-01T18:48:44.486 [INFO    ] motor_02: RPM stable at 44
2026-05-01T18:48:44.737 [ERROR   ] compressor_03: Motor stall detected — RPM dropped to 12
2026-05-01T18:48:44.988 [INFO    ] motor_02: Sensor read cycle complete
2026-05-01T18:48:45.252 [WARNING ] compressor_03: Response latency high: 66ms
2026-05-01T18:48:45.504 [CRITICAL] pump_01: Power supply failure detected
2026-05-01T18:48:45.784 [INFO    ] valve_05: Temperature within normal range: 46.0°C
2026-05-01T18:48:46.036 [INFO    ] pump_01: RPM stable at 35
2026-05-01T18:48:46.288 [INFO    ] motor_02: Connection alive
2026-05-01T18:48:46.539 [INFO    ] motor_02: RPM stable at 16
2026-05-01T18:48:46.790 [INFO    ] valve_05: Temperature within normal range: 111.3°C
2026-05-01T18:48:47.040 [INFO    ] motor_02: System heartbeat OK
2026-05-01T18:48:47.291 [INFO    ] conveyor_04: Connection alive
2026-05-01T18:48:47.541 [INFO    ] pump_01: Pressure normal: 32.48 bar
2026-05-01T18:48:47.793 [WARNING ] conveyor_04: Temperature elevated: 18.9°C — threshold 75°C
2026-05-01T18:48:48.045 [INFO    ] motor_02: Pressure normal: 40.58 bar
2026-05-01T18:48:48.296 [CRITICAL] compressor_03: EMERGENCY STOP triggered — safety interlock activated
2026-05-01T18:48:48.547 [WARNING ] conveyor_04: Vibration spike detected: 28.2 Hz
2026-05-01T18:48:48.801 [INFO    ] valve_05: System heartbeat OK
2026-05-01T18:48:49.052 [INFO    ] conveyor_04: RPM stable at 27
2026-05-01T18:48:49.303 [INFO    ] compressor_03: RPM stable at 96
2026-05-01T18:48:49.554 [INFO    ] motor_02: RPM stable at 61
2026-05-01T18:48:49.805 [INFO    ] compressor_03: Temperature within normal range: 17.0°C
2026-05-01T18:48:50.058 [WARNING ] pump_01: Response latency high: 97ms
2026-05-01T18:48:50.308 [WARNING ] compressor_03: Temperature elevated: 21.8°C — threshold 75°C
2026-05-01T18:48:50.559 [WARNING ] motor_02: Buffer utilisation at 23%
2026-05-01T18:48:50.809 [INFO    ] valve_05: Sensor read cycle complete
2026-05-01T18:48:51.067 [CRITICAL] pump_01: EMERGENCY STOP triggered — safety interlock activated
2026-05-01T18:48:51.317 [CRITICAL] pump_01: Power supply failure detected
2026-05-01T18:48:51.569 [INFO    ] motor_02: Connection alive
2026-05-01T18:48:51.820 [INFO    ] valve_05: Pressure normal: 109.96 bar
2026-05-01T18:48:52.070 [ERROR   ] motor_02: Over-temperature limit exceeded: 54.7°C
2026-05-01T18:48:52.321 [INFO    ] conveyor_04: Sensor read cycle complete
2026-05-01T18:48:52.572 [INFO    ] compressor_03: System heartbeat OK
2026-05-01T18:48:52.825 [INFO    ] motor_02: Sensor read cycle complete
2026-05-01T18:48:53.076 [WARNING ] valve_05: Temperature elevated: 103.2°C — threshold 75°C
2026-05-01T18:48:53.327 [INFO    ] compressor_03: Pressure normal: 93.88 bar
2026-05-01T18:48:53.577 [INFO    ] pump_01: Connection alive
2026-05-01T18:48:53.830 [INFO    ] motor_02: Sensor read cycle complete
2026-05-01T18:48:54.082 [WARNING ] valve_05: Temperature elevated: 43.5°C — threshold 75°C
2026-05-01T18:48:54.334 [ERROR   ] pump_01: Motor stall detected — RPM dropped to 70
2026-05-01T18:48:54.585 [INFO    ] conveyor_04: Temperature within normal range: 117.9°C
2026-05-01T18:48:54.836 [INFO    ] pump_01: Temperature within normal range: 50.5°C
2026-05-01T18:48:55.086 [INFO    ] pump_01: Sensor read cycle complete
2026-05-01T18:48:55.337 [WARNING ] compressor_03: Retry attempt 49 for register 0x0002
2026-05-01T18:48:55.588 [ERROR   ] compressor_03: Sensor read FAILED — register 0x0003 timeout
2026-05-01T18:48:55.838 [INFO    ] motor_02: RPM stable at 50
2026-05-01T18:48:56.089 [INFO    ] compressor_03: Sensor read cycle complete
2026-05-01T18:48:56.340 [INFO    ] pump_01: RPM stable at 60
2026-05-01T18:48:56.590 [INFO    ] motor_02: Temperature within normal range: 33.2°C
2026-05-01T18:48:56.841 [ERROR   ] pump_01: Communication error: CRC mismatch
2026-05-01T18:48:57.092 [WARNING ] conveyor_04: Temperature elevated: 36.0°C — threshold 75°C
2026-05-01T18:48:57.343 [WARNING ] pump_01: Retry attempt 83 for register 0x0002
2026-05-01T18:48:57.593 [INFO    ] compressor_03: Temperature within normal range: 116.3°C
2026-05-01T18:48:57.844 [WARNING ] compressor_03: Vibration spike detected: 115.1 Hz
2026-05-01T18:48:58.095 [WARNING ] motor_02: Vibration spike detected: 102.5 Hz
2026-05-01T18:48:58.347 [INFO    ] valve_05: System heartbeat OK
2026-05-01T18:48:58.600 [INFO    ] pump_01: RPM stable at 14
2026-05-01T18:48:58.851 [ERROR   ] pump_01: Sensor read FAILED — register 0x0003 timeout
2026-05-01T18:48:59.102 [WARNING ] conveyor_04: Temperature elevated: 20.0°C — threshold 75°C
2026-05-01T18:48:59.353 [INFO    ] pump_01: Connection alive
2026-05-01T18:48:59.604 [INFO    ] valve_05: Sensor read cycle complete
2026-05-01T18:48:59.854 [WARNING ] motor_02: Response latency high: 54ms
2026-05-01T18:49:00.106 [WARNING ] pump_01: Buffer utilisation at 25%
2026-05-01T18:49:00.356 [CRITICAL] motor_02: Catastrophic vibration: 48.6 Hz — shutting down
2026-05-01T18:49:00.607 [INFO    ] motor_02: Temperature within normal range: 97.3°C
2026-05-01T18:49:00.860 [WARNING ] conveyor_04: Vibration spike detected: 23.6 Hz
2026-05-01T18:49:01.112 [INFO    ] conveyor_04: RPM stable at 27
2026-05-01T18:49:01.363 [INFO    ] compressor_03: Sensor read cycle complete
2026-05-01T18:49:01.614 [INFO    ] conveyor_04: RPM stable at 60
2026-05-01T18:49:01.866 [INFO    ] pump_01: Connection alive
2026-05-01T18:49:02.119 [ERROR   ] valve_05: Over-temperature limit exceeded: 18.5°C
2026-05-01T18:49:02.370 [ERROR   ] compressor_03: Motor stall detected — RPM dropped to 83
2026-05-01T18:49:02.621 [INFO    ] pump_01: Connection alive
2026-05-01T18:49:02.872 [ERROR   ] compressor_03: Over-temperature limit exceeded: 40.3°C
2026-05-01T18:49:03.122 [WARNING ] compressor_03: Retry attempt 94 for register 0x0002
2026-05-01T18:49:03.373 [WARNING ] pump_01: Buffer utilisation at 117%
2026-05-01T18:49:03.624 [INFO    ] motor_02: Connection alive
2026-05-01T18:49:03.875 [INFO    ] pump_01: Sensor read cycle complete
2026-05-01T18:49:04.126 [INFO    ] conveyor_04: Sensor read cycle complete
2026-05-01T18:49:04.377 [INFO    ] pump_01: Temperature within normal range: 77.5°C
2026-05-01T18:49:04.628 [ERROR   ] compressor_03: Over-temperature limit exceeded: 73.8°C
2026-05-01T18:49:04.878 [INFO    ] motor_02: Temperature within normal range: 113.3°C
2026-05-01T18:49:05.129 [INFO    ] motor_02: System heartbeat OK
2026-05-01T18:49:05.380 [WARNING ] conveyor_04: Buffer utilisation at 54%
2026-05-01T18:49:05.631 [INFO    ] motor_02: System heartbeat OK
2026-05-01T18:49:05.881 [INFO    ] motor_02: System heartbeat OK
2026-05-01T18:49:06.132 [INFO    ] valve_05: System heartbeat OK
2026-05-01T18:49:06.383 [ERROR   ] compressor_03: Motor stall detected — RPM dropped to 84
2026-05-01T18:49:06.634 [INFO    ] pump_01: Connection alive
2026-05-01T18:49:06.884 [INFO    ] compressor_03: Temperature within normal range: 19.2°C
2026-05-01T18:49:07.135 [INFO    ] pump_01: RPM stable at 65
2026-05-01T18:49:07.385 [INFO    ] pump_01: RPM stable at 77
2026-05-01T18:49:07.641 [WARNING ] motor_02: Retry attempt 63 for register 0x0002
2026-05-01T18:49:07.893 [INFO    ] motor_02: RPM stable at 47
2026-05-01T18:49:08.144 [INFO    ] motor_02: Temperature within normal range: 42.8°C
2026-05-01T18:49:08.394 [WARNING ] motor_02: Temperature elevated: 97.3°C — threshold 75°C
2026-05-01T18:49:08.645 [INFO    ] motor_02: RPM stable at 83
2026-05-01T18:49:08.895 [WARNING ] compressor_03: Retry attempt 15 for register 0x0002
2026-05-01T18:49:09.146 [WARNING ] compressor_03: Temperature elevated: 46.0°C — threshold 75°C
2026-05-01T18:49:09.397 [INFO    ] conveyor_04: Temperature within normal range: 66.0°C
2026-05-01T18:49:09.648 [ERROR   ] pump_01: Communication error: CRC mismatch
2026-05-01T18:49:09.899 [WARNING ] pump_01: Retry attempt 66 for register 0x0002
2026-05-01T18:49:10.152 [WARNING ] compressor_03: Buffer utilisation at 93%
2026-05-01T18:49:10.402 [ERROR   ] pump_01: Over-temperature limit exceeded: 100.9°C
2026-05-01T18:49:10.653 [WARNING ] valve_05: Vibration spike detected: 64.0 Hz
2026-05-01T18:49:10.904 [CRITICAL] conveyor_04: Catastrophic vibration: 18.5 Hz — shutting down
2026-05-01T18:49:11.155 [CRITICAL] compressor_03: Power supply failure detected
2026-05-01T18:49:11.407 [WARNING ] motor_02: Vibration spike detected: 57.6 Hz
2026-05-01T18:49:11.657 [INFO    ] motor_02: Sensor read cycle complete
2026-05-01T18:49:11.908 [WARNING ] pump_01: Response latency high: 18ms
2026-05-01T18:49:12.159 [WARNING ] valve_05: Vibration spike detected: 72.8 Hz
2026-05-01T18:49:12.410 [WARNING ] motor_02: Retry attempt 89 for register 0x0002
2026-05-01T18:49:12.661 [WARNING ] pump_01: Buffer utilisation at 79%
2026-05-01T18:49:12.912 [INFO    ] conveyor_04: RPM stable at 25
2026-05-01T18:49:13.162 [INFO    ] pump_01: System heartbeat OK
2026-05-01T18:49:13.414 [INFO    ] pump_01: System heartbeat OK
2026-05-01T18:49:13.664 [ERROR   ] motor_02: Sensor read FAILED — register 0x0003 timeout
2026-05-01T18:49:13.914 [INFO    ] valve_05: Pressure normal: 98.82 bar
2026-05-01T18:49:14.165 [INFO    ] conveyor_04: Pressure normal: 31.59 bar
2026-05-01T18:49:14.420 [INFO    ] motor_02: RPM stable at 48
2026-05-01T18:49:14.671 [WARNING ] pump_01: Response latency high: 93ms
2026-05-01T18:49:14.921 [INFO    ] pump_01: Pressure normal: 84.26 bar
2026-05-01T18:49:15.173 [ERROR   ] compressor_03: Communication error: CRC mismatch
2026-05-01T18:49:15.423 [WARNING ] conveyor_04: Retry attempt 110 for register 0x0002
2026-05-01T18:49:15.674 [ERROR   ] pump_01: Motor stall detected — RPM dropped to 87
2026-05-01T18:49:15.925 [INFO    ] motor_02: Connection alive
2026-05-01T18:49:16.176 [ERROR   ] conveyor_04: Over-temperature limit exceeded: 108.3°C
2026-05-01T18:49:16.426 [WARNING ] compressor_03: Vibration spike detected: 97.3 Hz
2026-05-01T18:49:16.677 [INFO    ] valve_05: Temperature within normal range: 71.8°C
2026-05-01T18:49:16.930 [INFO    ] compressor_03: System heartbeat OK
2026-05-01T18:49:17.181 [INFO    ] conveyor_04: Pressure normal: 36.13 bar
2026-05-01T18:49:17.439 [INFO    ] compressor_03: System heartbeat OK
2026-05-01T18:49:17.692 [WARNING ] pump_01: Buffer utilisation at 73%
2026-05-01T18:49:17.943 [INFO    ] compressor_03: Pressure normal: 107.83 bar
2026-05-01T18:49:18.194 [WARNING ] conveyor_04: Vibration spike detected: 33.6 Hz
2026-05-01T18:49:18.448 [INFO    ] motor_02: Sensor read cycle complete
2026-05-01T18:49:18.698 [WARNING ] conveyor_04: Response latency high: 67ms
2026-05-01T18:49:18.949 [INFO    ] compressor_03: System heartbeat OK
2026-05-01T18:49:19.199 [INFO    ] motor_02: System heartbeat OK
2026-05-01T18:49:19.450 [INFO    ] valve_05: Sensor read cycle complete
2026-05-01T18:49:19.703 [INFO    ] compressor_03: Connection alive
2026-05-01T18:49:19.954 [CRITICAL] pump_01: Power supply failure detected
2026-05-01T18:49:20.205 [INFO    ] valve_05: Pressure normal: 53.95 bar
2026-05-01T18:49:20.455 [INFO    ] valve_05: Sensor read cycle complete
2026-05-01T18:49:20.706 [WARNING ] motor_02: Vibration spike detected: 23.7 Hz
2026-05-01T18:49:20.956 [INFO    ] motor_02: System heartbeat OK
2026-05-01T18:49:21.207 [WARNING ] motor_02: Buffer utilisation at 76%
2026-05-01T18:49:21.458 [INFO    ] compressor_03: System heartbeat OK
2026-05-01T18:49:21.708 [INFO    ] valve_05: Connection alive
2026-05-01T18:49:21.959 [WARNING ] motor_02: Buffer utilisation at 56%
2026-05-01T18:49:22.210 [WARNING ] conveyor_04: Buffer utilisation at 77%
2026-05-01T18:49:22.461 [INFO    ] pump_01: Sensor read cycle complete
2026-05-01T18:49:22.711 [INFO    ] valve_05: Sensor read cycle complete
2026-05-01T18:49:22.962 [INFO    ] valve_05: Connection alive
2026-05-01T18:49:23.213 [WARNING ] pump_01: Vibration spike detected: 99.3 Hz
2026-05-01T18:49:23.464 [INFO    ] conveyor_04: Sensor read cycle complete
2026-05-01T18:49:23.714 [INFO    ] valve_05: RPM stable at 26
2026-05-01T18:49:23.965 [WARNING ] compressor_03: Buffer utilisation at 96%
2026-05-01T18:49:24.215 [INFO    ] pump_01: Sensor read cycle complete
2026-05-01T18:49:24.466 [ERROR   ] compressor_03: Over-temperature limit exceeded: 83.9°C
2026-05-01T18:49:24.717 [INFO    ] motor_02: Pressure normal: 89.11 bar
2026-05-01T18:49:24.968 [INFO    ] compressor_03: RPM stable at 45
2026-05-01T18:49:25.218 [INFO    ] motor_02: Pressure normal: 93.65 bar
2026-05-01T18:49:25.469 [INFO    ] pump_01: Connection alive
2026-05-01T18:49:25.720 [INFO    ] valve_05: Sensor read cycle complete
2026-05-01T18:49:25.971 [WARNING ] pump_01: Vibration spike detected: 108.4 Hz
2026-05-01T18:49:26.221 [INFO    ] motor_02: Pressure normal: 41.73 bar
2026-05-01T18:49:26.472 [INFO    ] motor_02: Connection alive
2026-05-01T18:49:26.722 [WARNING ] pump_01: Vibration spike detected: 12.5 Hz
2026-05-01T18:49:26.973 [ERROR   ] valve_05: Motor stall detected — RPM dropped to 57
2026-05-01T18:49:27.224 [INFO    ] motor_02: Temperature within normal range: 25.1°C
2026-05-01T18:49:27.475 [INFO    ] pump_01: Connection alive
2026-05-01T18:49:27.725 [WARNING ] conveyor_04: Buffer utilisation at 116%
2026-05-01T18:49:27.976 [WARNING ] valve_05: Vibration spike detected: 62.8 Hz
2026-05-01T18:49:28.227 [INFO    ] valve_05: Pressure normal: 70.61 bar
2026-05-01T18:49:28.483 [ERROR   ] motor_02: Sensor read FAILED — register 0x0003 timeout
2026-05-01T18:49:28.733 [INFO    ] motor_02: Sensor read cycle complete
2026-05-01T18:49:28.985 [INFO    ] pump_01: Pressure normal: 88.68 bar
2026-05-01T18:49:29.236 [INFO    ] conveyor_04: Pressure normal: 58.64 bar
2026-05-01T18:49:29.487 [WARNING ] compressor_03: Response latency high: 52ms
2026-05-01T18:49:29.737 [WARNING ] valve_05: Response latency high: 66ms
2026-05-01T18:49:29.988 [INFO    ] motor_02: Connection alive
2026-05-01T18:49:30.238 [INFO    ] compressor_03: Connection alive
2026-05-01T18:49:30.489 [WARNING ] compressor_03: Buffer utilisation at 36%
2026-05-01T18:49:30.740 [INFO    ] conveyor_04: Pressure normal: 67.20 bar
2026-05-01T18:49:30.991 [INFO    ] motor_02: Connection alive
2026-05-01T18:49:31.243 [INFO    ] valve_05: RPM stable at 70
2026-05-01T18:49:31.494 [INFO    ] valve_05: Connection alive
2026-05-01T18:49:31.745 [INFO    ] valve_05: Pressure normal: 22.51 bar
2026-05-01T18:49:31.996 [INFO    ] compressor_03: Pressure normal: 94.99 bar
2026-05-01T18:49:32.246 [INFO    ] pump_01: Pressure normal: 42.43 bar
2026-05-01T18:49:32.497 [ERROR   ] compressor_03: Over-temperature limit exceeded: 44.6°C
2026-05-01T18:49:32.748 [INFO    ] conveyor_04: Pressure normal: 62.08 bar
2026-05-01T18:49:33.004 [CRITICAL] pump_01: Power supply failure detected
2026-05-01T18:49:33.277 [WARNING ] pump_01: Buffer utilisation at 54%
2026-05-01T18:49:33.528 [INFO    ] conveyor_04: Connection alive
2026-05-01T18:49:33.780 [INFO    ] conveyor_04: Sensor read cycle complete
2026-05-01T18:49:34.032 [ERROR   ] valve_05: Over-temperature limit exceeded: 90.8°C
2026-05-01T18:49:34.282 [INFO    ] valve_05: Temperature within normal range: 106.3°C
2026-05-01T18:49:34.533 [INFO    ] conveyor_04: Temperature within normal range: 118.5°C
2026-05-01T18:49:34.784 [INFO    ] pump_01: Temperature within normal range: 61.1°C
2026-05-01T18:49:35.034 [WARNING ] compressor_03: Response latency high: 70ms
2026-05-01T18:49:35.285 [INFO    ] conveyor_04: Pressure normal: 56.22 bar
2026-05-01T18:49:35.542 [WARNING ] valve_05: Response latency high: 111ms
2026-05-01T18:49:35.792 [INFO    ] motor_02: System heartbeat OK
2026-05-01T18:49:36.043 [INFO    ] conveyor_04: Pressure normal: 96.59 bar
2026-05-01T18:49:36.294 [INFO    ] pump_01: Pressure normal: 53.13 bar
2026-05-01T18:49:36.544 [CRITICAL] conveyor_04: Power supply failure detected
2026-05-01T18:49:36.795 [INFO    ] motor_02: Pressure normal: 24.16 bar
2026-05-01T18:49:37.045 [INFO    ] valve_05: RPM stable at 73
2026-05-01T18:49:37.297 [INFO    ] motor_02: Sensor read cycle complete
2026-05-01T18:49:37.548 [WARNING ] pump_01: Temperature elevated: 46.0°C — threshold 75°C
2026-05-01T18:49:37.799 [CRITICAL] pump_01: Power supply failure detected
2026-05-01T18:49:38.049 [INFO    ] motor_02: Connection alive
2026-05-01T18:49:38.300 [INFO    ] pump_01: Pressure normal: 89.19 bar
2026-05-01T18:49:38.551 [INFO    ] compressor_03: System heartbeat OK
2026-05-01T18:49:38.801 [INFO    ] compressor_03: RPM stable at 68
2026-05-01T18:49:39.052 [INFO    ] motor_02: RPM stable at 94
2026-05-01T18:49:39.303 [INFO    ] motor_02: Sensor read cycle complete
2026-05-01T18:49:39.553 [ERROR   ] pump_01: Communication error: CRC mismatch
2026-05-01T18:49:39.806 [INFO    ] pump_01: RPM stable at 30
2026-05-01T18:49:40.057 [WARNING ] motor_02: Retry attempt 81 for register 0x0002
2026-05-01T18:49:40.308 [INFO    ] compressor_03: Connection alive
2026-05-01T18:49:40.559 [ERROR   ] valve_05: Motor stall detected — RPM dropped to 84
2026-05-01T18:49:40.810 [ERROR   ] pump_01: Motor stall detected — RPM dropped to 69
2026-05-01T18:49:41.061 [INFO    ] pump_01: Connection alive
2026-05-01T18:49:41.312 [ERROR   ] conveyor_04: Sensor read FAILED — register 0x0003 timeout
2026-05-01T18:49:41.562 [ERROR   ] valve_05: Communication error: CRC mismatch
2026-05-01T18:49:41.813 [INFO    ] conveyor_04: RPM stable at 88
2026-05-01T18:49:42.063 [WARNING ] compressor_03: Response latency high: 16ms
2026-05-01T18:49:42.314 [WARNING ] motor_02: Response latency high: 11ms
2026-05-01T18:49:42.565 [INFO    ] valve_05: RPM stable at 39
2026-05-01T18:49:42.816 [INFO    ] compressor_03: System heartbeat OK
2026-05-01T18:49:43.066 [INFO    ] pump_01: RPM stable at 80
2026-05-01T18:49:43.317 [ERROR   ] motor_02: Over-temperature limit exceeded: 15.4°C
2026-05-01T18:49:43.567 [WARNING ] motor_02: Response latency high: 80ms
2026-05-01T18:49:43.818 [INFO    ] compressor_03: Connection alive
2026-05-01T18:49:44.069 [CRITICAL] motor_02: Power supply failure detected
2026-05-01T18:49:44.319 [WARNING ] pump_01: Buffer utilisation at 30%
2026-05-01T18:49:44.570 [INFO    ] valve_05: System heartbeat OK
2026-05-01T18:49:44.821 [INFO    ] compressor_03: Temperature within normal range: 11.4°C
2026-05-01T18:49:45.072 [CRITICAL] conveyor_04: EMERGENCY STOP triggered — safety interlock activated
2026-05-01T18:49:45.322 [INFO    ] pump_01: RPM stable at 62
2026-05-01T18:49:45.573 [INFO    ] compressor_03: Sensor read cycle complete
2026-05-01T18:49:45.826 [ERROR   ] motor_02: Communication error: CRC mismatch
2026-05-01T18:49:46.077 [ERROR   ] pump_01: Communication error: CRC mismatch
2026-05-01T18:49:46.327 [INFO    ] pump_01: Connection alive
2026-05-01T18:49:46.578 [INFO    ] pump_01: RPM stable at 118
2026-05-01T18:49:46.829 [WARNING ] valve_05: Vibration spike detected: 87.7 Hz
2026-05-01T18:49:47.079 [ERROR   ] valve_05: Communication error: CRC mismatch
2026-05-01T18:49:47.330 [INFO    ] compressor_03: System heartbeat OK
2026-05-01T18:49:47.581 [ERROR   ] pump_01: Sensor read FAILED — register 0x0003 timeout
2026-05-01T18:49:47.831 [ERROR   ] motor_02: Motor stall detected — RPM dropped to 119
2026-05-01T18:49:48.082 [INFO    ] valve_05: System heartbeat OK
2026-05-01T18:49:48.334 [INFO    ] compressor_03: RPM stable at 40
2026-05-01T18:49:48.585 [INFO    ] pump_01: Connection alive
2026-05-01T18:49:48.835 [WARNING ] conveyor_04: Vibration spike detected: 104.2 Hz
2026-05-01T18:49:49.086 [INFO    ] pump_01: Sensor read cycle complete
2026-05-01T18:49:49.337 [INFO    ] motor_02: Connection alive
2026-05-01T18:49:49.587 [INFO    ] valve_05: Temperature within normal range: 117.2°C
2026-05-01T18:49:49.839 [WARNING ] motor_02: Buffer utilisation at 39%
2026-05-01T18:49:50.090 [WARNING ] pump_01: Buffer utilisation at 80%
2026-05-01T18:49:50.341 [INFO    ] conveyor_04: Sensor read cycle complete
2026-05-01T18:49:50.592 [WARNING ] motor_02: Temperature elevated: 33.4°C — threshold 75°C
2026-05-01T18:49:50.842 [INFO    ] conveyor_04: System heartbeat OK
2026-05-01T18:49:51.093 [ERROR   ] valve_05: Over-temperature limit exceeded: 77.4°C
2026-05-01T18:49:51.343 [WARNING ] valve_05: Temperature elevated: 26.8°C — threshold 75°C
2026-05-01T18:49:51.594 [INFO    ] compressor_03: System heartbeat OK
2026-05-01T18:49:51.846 [INFO    ] pump_01: Temperature within normal range: 50.0°C
2026-05-01T18:49:52.096 [CRITICAL] conveyor_04: Catastrophic vibration: 88.2 Hz — shutting down
2026-05-01T18:49:52.347 [INFO    ] pump_01: Pressure normal: 61.09 bar
2026-05-01T18:49:52.597 [WARNING ] compressor_03: Response latency high: 58ms
2026-05-01T18:49:52.848 [INFO    ] motor_02: Temperature within normal range: 56.6°C
2026-05-01T18:49:53.099 [INFO    ] motor_02: Sensor read cycle complete
2026-05-01T18:49:53.350 [INFO    ] pump_01: RPM stable at 50
2026-05-01T18:49:53.601 [INFO    ] valve_05: Temperature within normal range: 105.2°C
2026-05-01T18:49:53.851 [INFO    ] conveyor_04: Sensor read cycle complete
2026-05-01T18:49:54.102 [WARNING ] compressor_03: Vibration spike detected: 36.0 Hz
2026-05-01T18:49:54.353 [WARNING ] compressor_03: Retry attempt 79 for register 0x0002
2026-05-01T18:49:54.604 [INFO    ] compressor_03: Temperature within normal range: 51.7°C
2026-05-01T18:49:54.857 [WARNING ] pump_01: Temperature elevated: 82.9°C — threshold 75°C
2026-05-01T18:49:55.108 [WARNING ] pump_01: Response latency high: 117ms
2026-05-01T18:49:55.359 [INFO    ] valve_05: Sensor read cycle complete
2026-05-01T18:49:55.610 [INFO    ] motor_02: Sensor read cycle complete
2026-05-01T18:49:55.860 [INFO    ] compressor_03: Temperature within normal range: 45.7°C
2026-05-01T18:49:56.111 [INFO    ] valve_05: System heartbeat OK
2026-05-01T18:49:56.362 [WARNING ] compressor_03: Vibration spike detected: 91.1 Hz
2026-05-01T18:49:56.612 [INFO    ] compressor_03: RPM stable at 89
2026-05-01T18:49:56.863 [INFO    ] valve_05: Temperature within normal range: 79.5°C
2026-05-01T18:49:57.113 [INFO    ] pump_01: System heartbeat OK
2026-05-01T18:49:57.367 [ERROR   ] conveyor_04: Motor stall detected — RPM dropped to 62
2026-05-01T18:49:57.617 [ERROR   ] valve_05: Over-temperature limit exceeded: 13.4°C
2026-05-01T18:49:57.868 [INFO    ] valve_05: RPM stable at 113
2026-05-01T18:49:58.119 [WARNING ] valve_05: Response latency high: 72ms
2026-05-01T18:49:58.369 [ERROR   ] valve_05: Communication error: CRC mismatch
2026-05-01T18:49:58.620 [WARNING ] conveyor_04: Retry attempt 44 for register 0x0002
2026-05-01T18:49:58.871 [INFO    ] compressor_03: Connection alive
2026-05-01T18:49:59.122 [INFO    ] motor_02: System heartbeat OK
2026-05-01T18:49:59.373 [INFO    ] compressor_03: Sensor read cycle complete
2026-05-01T18:49:59.624 [WARNING ] valve_05: Buffer utilisation at 33%
2026-05-01T18:49:59.874 [INFO    ] compressor_03: RPM stable at 80
2026-05-01T18:50:00.125 [WARNING ] compressor_03: Temperature elevated: 36.4°C — threshold 75°C
2026-05-01T18:50:00.376 [INFO    ] conveyor_04: System heartbeat OK
2026-05-01T18:50:00.627 [INFO    ] pump_01: Temperature within normal range: 58.2°C
2026-05-01T18:50:00.877 [INFO    ] conveyor_04: Temperature within normal range: 26.8°C
2026-05-01T18:50:01.128 [WARNING ] compressor_03: Buffer utilisation at 111%
2026-05-01T18:50:01.379 [INFO    ] valve_05: System heartbeat OK
2026-05-01T18:50:01.630 [WARNING ] valve_05: Buffer utilisation at 13%
2026-05-01T18:50:01.881 [INFO    ] valve_05: Pressure normal: 28.42 bar
2026-05-01T18:50:02.131 [INFO    ] conveyor_04: Temperature within normal range: 76.9°C
2026-05-01T18:50:02.384 [INFO    ] pump_01: System heartbeat OK
2026-05-01T18:50:02.634 [INFO    ] motor_02: Pressure normal: 103.46 bar
2026-05-01T18:50:02.885 [INFO    ] motor_02: Temperature within normal range: 24.4°C
2026-05-01T18:50:03.135 [INFO    ] compressor_03: System heartbeat OK
2026-05-01T18:50:03.386 [INFO    ] motor_02: Pressure normal: 50.47 bar
2026-05-01T18:50:03.637 [INFO    ] valve_05: Connection alive
2026-05-01T18:50:03.888 [INFO    ] compressor_03: Pressure normal: 91.72 bar
2026-05-01T18:50:04.138 [INFO    ] pump_01: Temperature within normal range: 11.1°C
2026-05-01T18:50:04.389 [INFO    ] pump_01: RPM stable at 97
2026-05-01T18:50:04.640 [INFO    ] compressor_03: Sensor read cycle complete
2026-05-01T18:50:04.890 [WARNING ] motor_02: Response latency high: 91ms
2026-05-01T18:50:05.141 [WARNING ] motor_02: Temperature elevated: 34.5°C — threshold 75°C
2026-05-01T18:50:05.393 [INFO    ] conveyor_04: System heartbeat OK
2026-05-01T18:50:05.644 [INFO    ] motor_02: RPM stable at 64
2026-05-01T18:50:05.895 [INFO    ] conveyor_04: System heartbeat OK
2026-05-01T18:50:06.145 [INFO    ] pump_01: System heartbeat OK
2026-05-01T18:50:06.396 [WARNING ] compressor_03: Retry attempt 50 for register 0x0002
2026-05-01T18:50:06.647 [INFO    ] compressor_03: System heartbeat OK
2026-05-01T18:50:06.897 [INFO    ] compressor_03: Temperature within normal range: 102.3°C
2026-05-01T18:50:07.148 [INFO    ] pump_01: Connection alive
2026-05-01T18:50:07.399 [INFO    ] valve_05: Sensor read cycle complete
2026-05-01T18:50:07.650 [WARNING ] pump_01: Temperature elevated: 97.7°C — threshold 75°C
2026-05-01T18:50:07.901 [INFO    ] pump_01: Connection alive
2026-05-01T18:50:08.152 [WARNING ] compressor_03: Temperature elevated: 60.1°C — threshold 75°C
2026-05-01T18:50:08.403 [INFO    ] motor_02: Temperature within normal range: 12.5°C
2026-05-01T18:50:08.653 [INFO    ] conveyor_04: Pressure normal: 62.60 bar
2026-05-01T18:50:08.904 [INFO    ] conveyor_04: Pressure normal: 77.68 bar
2026-05-01T18:50:09.155 [WARNING ] pump_01: Retry attempt 90 for register 0x0002
2026-05-01T18:50:09.405 [WARNING ] valve_05: Vibration spike detected: 74.5 Hz
2026-05-01T18:50:09.656 [INFO    ] pump_01: Connection alive
2026-05-01T18:50:09.907 [ERROR   ] conveyor_04: Motor stall detected — RPM dropped to 77
2026-05-01T18:50:10.157 [CRITICAL] conveyor_04: Power supply failure detected
2026-05-01T18:50:10.408 [WARNING ] compressor_03: Retry attempt 30 for register 0x0002
2026-05-01T18:50:10.659 [WARNING ] compressor_03: Retry attempt 86 for register 0x0002
2026-05-01T18:50:10.910 [INFO    ] motor_02: System heartbeat OK
2026-05-01T18:50:11.161 [INFO    ] pump_01: Connection alive
2026-05-01T18:50:11.411 [INFO    ] valve_05: System heartbeat OK
2026-05-01T18:50:11.664 [INFO    ] pump_01: Pressure normal: 82.77 bar
2026-05-01T18:50:11.915 [INFO    ] compressor_03: System heartbeat OK
2026-05-01T18:50:12.166 [WARNING ] valve_05: Temperature elevated: 52.9°C — threshold 75°C
2026-05-01T18:50:12.420 [INFO    ] valve_05: Connection alive
2026-05-01T18:50:12.671 [INFO    ] conveyor_04: Sensor read cycle complete
2026-05-01T18:50:12.922 [WARNING ] compressor_03: Temperature elevated: 100.1°C — threshold 75°C
2026-05-01T18:50:13.173 [INFO    ] valve_05: Temperature within normal range: 39.7°C
2026-05-01T18:50:13.424 [WARNING ] compressor_03: Vibration spike detected: 56.4 Hz
2026-05-01T18:50:13.678 [INFO    ] conveyor_04: Pressure normal: 104.14 bar
2026-05-01T18:50:13.932 [INFO    ] motor_02: Temperature within normal range: 89.7°C
2026-05-01T18:50:14.182 [INFO    ] compressor_03: Pressure normal: 62.18 bar
2026-05-01T18:50:14.433 [INFO    ] compressor_03: System heartbeat OK
2026-05-01T18:50:14.689 [WARNING ] pump_01: Response latency high: 92ms
2026-05-01T18:50:14.939 [INFO    ] pump_01: Sensor read cycle complete
2026-05-01T18:50:15.190 [INFO    ] compressor_03: Pressure normal: 80.09 bar
2026-05-01T18:50:15.440 [INFO    ] compressor_03: Connection alive
2026-05-01T18:50:15.691 [WARNING ] pump_01: Temperature elevated: 52.8°C — threshold 75°C
2026-05-01T18:50:15.942 [INFO    ] conveyor_04: Temperature within normal range: 38.4°C
2026-05-01T18:50:16.193 [INFO    ] motor_02: Pressure normal: 82.65 bar
2026-05-01T18:50:16.443 [INFO    ] pump_01: System heartbeat OK
2026-05-01T18:50:16.694 [INFO    ] compressor_03: Connection alive
2026-05-01T18:50:16.944 [WARNING ] motor_02: Vibration spike detected: 37.9 Hz
2026-05-01T18:50:17.195 [INFO    ] conveyor_04: Temperature within normal range: 59.2°C
2026-05-01T18:50:17.447 [INFO    ] conveyor_04: System heartbeat OK
2026-05-01T18:50:17.698 [INFO    ] compressor_03: Connection alive
2026-05-01T18:50:17.949 [WARNING ] compressor_03: Buffer utilisation at 119%
2026-05-01T18:50:18.200 [WARNING ] valve_05: Retry attempt 53 for register 0x0002
2026-05-01T18:50:18.450 [INFO    ] compressor_03: RPM stable at 94
2026-05-01T18:50:18.702 [INFO    ] motor_02: Temperature within normal range: 79.9°C
2026-05-01T18:50:18.952 [INFO    ] conveyor_04: Temperature within normal range: 73.2°C
2026-05-01T18:50:19.205 [INFO    ] motor_02: Sensor read cycle complete
2026-05-01T18:50:19.456 [INFO    ] valve_05: System heartbeat OK
2026-05-01T18:50:19.707 [INFO    ] valve_05: System heartbeat OK
2026-05-01T18:50:19.958 [INFO    ] conveyor_04: Temperature within normal range: 12.2°C
2026-05-01T18:50:20.209 [INFO    ] valve_05: System heartbeat OK
2026-05-01T18:50:20.459 [INFO    ] conveyor_04: Sensor read cycle complete
2026-05-01T18:50:20.710 [ERROR   ] pump_01: Communication error: CRC mismatch
2026-05-01T18:50:20.961 [INFO    ] valve_05: System heartbeat OK
2026-05-01T18:50:21.212 [INFO    ] pump_01: Pressure normal: 38.67 bar
2026-05-01T18:50:21.463 [INFO    ] compressor_03: System heartbeat OK
2026-05-01T18:50:21.713 [INFO    ] conveyor_04: Connection alive
2026-05-01T18:50:21.964 [INFO    ] compressor_03: Sensor read cycle complete
2026-05-01T18:50:22.215 [INFO    ] compressor_03: Connection alive
2026-05-01T18:50:22.465 [INFO    ] valve_05: RPM stable at 41
2026-05-01T18:50:22.716 [WARNING ] motor_02: Retry attempt 25 for register 0x0002
2026-05-01T18:50:22.967 [INFO    ] motor_02: Sensor read cycle complete
2026-05-01T18:50:23.217 [INFO    ] conveyor_04: Connection alive
2026-05-01T18:50:23.468 [WARNING ] valve_05: Response latency high: 77ms
2026-05-01T18:50:23.719 [INFO    ] pump_01: Temperature within normal range: 106.6°C
2026-05-01T18:50:23.971 [INFO    ] motor_02: RPM stable at 48
2026-05-01T18:50:24.222 [ERROR   ] compressor_03: Communication error: CRC mismatch
2026-05-01T18:50:24.473 [INFO    ] conveyor_04: Connection alive
2026-05-01T18:50:24.724 [INFO    ] conveyor_04: Pressure normal: 81.49 bar
2026-05-01T18:50:24.974 [INFO    ] conveyor_04: RPM stable at 99
2026-05-01T18:50:25.225 [INFO    ] motor_02: RPM stable at 64
2026-05-01T18:50:25.476 [INFO    ] conveyor_04: Connection alive
2026-05-01T18:50:25.727 [WARNING ] compressor_03: Vibration spike detected: 106.3 Hz
2026-05-01T18:50:25.977 [INFO    ] valve_05: Temperature within normal range: 40.1°C
2026-05-01T18:50:26.228 [WARNING ] motor_02: Retry attempt 111 for register 0x0002
2026-05-01T18:50:26.479 [INFO    ] valve_05: System heartbeat OK
2026-05-01T18:50:26.729 [INFO    ] valve_05: Sensor read cycle complete
2026-05-01T18:50:26.981 [INFO    ] conveyor_04: Connection alive
2026-05-01T18:50:27.231 [WARNING ] pump_01: Response latency high: 114ms
2026-05-01T18:50:27.482 [INFO    ] pump_01: Temperature within normal range: 13.7°C
2026-05-01T18:50:27.734 [INFO    ] conveyor_04: Pressure normal: 98.28 bar
2026-05-01T18:50:27.984 [INFO    ] motor_02: RPM stable at 106
2026-05-01T18:50:28.235 [INFO    ] pump_01: RPM stable at 38
2026-05-01T18:50:28.486 [INFO    ] motor_02: Temperature within normal range: 11.9°C
2026-05-01T18:50:28.740 [INFO    ] pump_01: RPM stable at 112
2026-05-01T18:50:28.991 [ERROR   ] valve_05: Communication error: CRC mismatch
2026-05-01T18:50:29.242 [INFO    ] conveyor_04: System heartbeat OK
2026-05-01T18:50:29.493 [INFO    ] conveyor_04: Pressure normal: 39.42 bar
2026-05-01T18:50:29.746 [INFO    ] compressor_03: Connection alive
2026-05-01T18:50:29.999 [ERROR   ] motor_02: Motor stall detected — RPM dropped to 108
2026-05-01T18:50:30.251 [INFO    ] compressor_03: System heartbeat OK
2026-05-01T18:50:30.501 [WARNING ] compressor_03: Response latency high: 12ms
2026-05-01T18:50:30.751 [WARNING ] motor_02: Retry attempt 112 for register 0x0002
2026-05-01T18:50:31.002 [CRITICAL] valve_05: Catastrophic vibration: 41.3 Hz — shutting down
2026-05-01T18:50:31.253 [INFO    ] valve_05: Temperature within normal range: 18.5°C
2026-05-01T18:50:31.504 [INFO    ] pump_01: Temperature within normal range: 84.8°C
2026-05-01T18:50:31.754 [INFO    ] pump_01: Sensor read cycle complete
2026-05-01T18:50:32.005 [INFO    ] conveyor_04: RPM stable at 116
2026-05-01T18:50:32.256 [INFO    ] valve_05: System heartbeat OK
2026-05-01T18:50:32.507 [WARNING ] compressor_03: Retry attempt 74 for register 0x0002
2026-05-01T18:50:32.775 [WARNING ] motor_02: Vibration spike detected: 62.2 Hz
2026-05-01T18:50:33.026 [INFO    ] pump_01: RPM stable at 77
2026-05-01T18:50:33.282 [WARNING ] compressor_03: Response latency high: 59ms
2026-05-01T18:50:33.539 [INFO    ] valve_05: RPM stable at 110
2026-05-01T18:50:33.798 [INFO    ] valve_05: Temperature within normal range: 60.3°C
2026-05-01T18:50:34.049 [INFO    ] compressor_03: Sensor read cycle complete
2026-05-01T18:50:34.299 [INFO    ] valve_05: Temperature within normal range: 41.8°C
2026-05-01T18:50:34.550 [WARNING ] valve_05: Buffer utilisation at 70%
2026-05-01T18:50:34.803 [INFO    ] valve_05: System heartbeat OK
2026-05-01T18:50:35.054 [INFO    ] pump_01: Connection alive
2026-05-01T18:50:35.306 [INFO    ] valve_05: Sensor read cycle complete
2026-05-01T18:50:35.556 [INFO    ] compressor_03: Temperature within normal range: 60.5°C
2026-05-01T18:50:35.807 [WARNING ] compressor_03: Temperature elevated: 18.0°C — threshold 75°C
2026-05-01T18:50:36.061 [INFO    ] conveyor_04: Pressure normal: 107.54 bar
2026-05-01T18:50:36.312 [ERROR   ] compressor_03: Sensor read FAILED — register 0x0003 timeout
2026-05-01T18:50:36.563 [ERROR   ] motor_02: Over-temperature limit exceeded: 111.1°C
2026-05-01T18:50:36.814 [INFO    ] conveyor_04: System heartbeat OK
2026-05-01T18:50:37.064 [INFO    ] compressor_03: Temperature within normal range: 60.4°C
2026-05-01T18:50:37.315 [INFO    ] conveyor_04: Sensor read cycle complete
2026-05-01T18:50:37.566 [WARNING ] pump_01: Temperature elevated: 117.9°C — threshold 75°C
2026-05-01T18:50:37.816 [INFO    ] motor_02: Temperature within normal range: 110.9°C
2026-05-01T18:50:38.067 [INFO    ] valve_05: Connection alive
2026-05-01T18:50:38.318 [INFO    ] valve_05: Sensor read cycle complete
2026-05-01T18:50:38.568 [INFO    ] conveyor_04: Temperature within normal range: 103.0°C
2026-05-01T18:50:38.819 [INFO    ] pump_01: System heartbeat OK
2026-05-01T18:50:39.070 [INFO    ] pump_01: Sensor read cycle complete
2026-05-01T18:50:39.326 [INFO    ] pump_01: Pressure normal: 102.56 bar
2026-05-01T18:50:39.577 [INFO    ] compressor_03: Temperature within normal range: 115.4°C
2026-05-01T18:50:39.828 [INFO    ] motor_02: Pressure normal: 40.41 bar
2026-05-01T18:50:40.079 [ERROR   ] valve_05: Over-temperature limit exceeded: 76.0°C
2026-05-01T18:50:40.330 [INFO    ] compressor_03: Sensor read cycle complete
2026-05-01T18:50:40.581 [WARNING ] pump_01: Response latency high: 55ms
2026-05-01T18:50:40.832 [INFO    ] conveyor_04: RPM stable at 15
2026-05-01T18:50:41.082 [INFO    ] motor_02: Pressure normal: 46.07 bar
2026-05-01T18:50:41.333 [INFO    ] pump_01: Temperature within normal range: 92.2°C
2026-05-01T18:50:41.584 [ERROR   ] conveyor_04: Over-temperature limit exceeded: 71.7°C
2026-05-01T18:50:41.834 [INFO    ] motor_02: RPM stable at 86
2026-05-01T18:50:42.085 [INFO    ] conveyor_04: Connection alive
2026-05-01T18:50:42.336 [WARNING ] pump_01: Retry attempt 91 for register 0x0002
2026-05-01T18:50:42.586 [WARNING ] valve_05: Retry attempt 49 for register 0x0002
2026-05-01T18:50:42.837 [ERROR   ] compressor_03: Motor stall detected — RPM dropped to 112
2026-05-01T18:50:43.088 [WARNING ] pump_01: Retry attempt 84 for register 0x0002
2026-05-01T18:50:43.338 [WARNING ] motor_02: Response latency high: 118ms
2026-05-01T18:50:43.590 [INFO    ] motor_02: Temperature within normal range: 74.5°C
2026-05-01T18:50:43.841 [WARNING ] conveyor_04: Retry attempt 23 for register 0x0002
2026-05-01T18:50:44.091 [INFO    ] compressor_03: Temperature within normal range: 24.4°C
2026-05-01T18:50:44.342 [INFO    ] valve_05: Pressure normal: 91.57 bar
2026-05-01T18:50:44.594 [WARNING ] pump_01: Buffer utilisation at 83%
2026-05-01T18:50:44.845 [WARNING ] valve_05: Vibration spike detected: 55.3 Hz
2026-05-01T18:50:45.098 [INFO    ] conveyor_04: Connection alive
2026-05-01T18:50:45.351 [INFO    ] conveyor_04: Sensor read cycle complete
2026-05-01T18:50:45.602 [INFO    ] pump_01: System heartbeat OK
2026-05-01T18:50:45.852 [INFO    ] conveyor_04: Connection alive
2026-05-01T18:50:46.103 [CRITICAL] conveyor_04: Power supply failure detected
2026-05-01T18:50:46.353 [INFO    ] compressor_03: Connection alive
2026-05-01T18:50:46.604 [WARNING ] motor_02: Vibration spike detected: 86.5 Hz
2026-05-01T18:50:46.854 [INFO    ] pump_01: RPM stable at 85
2026-05-01T18:50:47.105 [ERROR   ] conveyor_04: Over-temperature limit exceeded: 87.1°C
2026-05-01T18:50:47.356 [INFO    ] conveyor_04: Temperature within normal range: 55.1°C
2026-05-01T18:50:47.606 [INFO    ] pump_01: Connection alive
2026-05-01T18:50:47.857 [INFO    ] compressor_03: RPM stable at 29
2026-05-01T18:50:48.108 [WARNING ] valve_05: Temperature elevated: 53.4°C — threshold 75°C
2026-05-01T18:50:48.359 [INFO    ] valve_05: Temperature within normal range: 83.8°C
2026-05-01T18:50:48.610 [INFO    ] conveyor_04: RPM stable at 20
2026-05-01T18:50:48.860 [INFO    ] compressor_03: System heartbeat OK
2026-05-01T18:50:49.111 [CRITICAL] pump_01: Catastrophic vibration: 40.2 Hz — shutting down
2026-05-01T18:50:49.361 [INFO    ] motor_02: Sensor read cycle complete
2026-05-01T18:50:49.612 [INFO    ] motor_02: System heartbeat OK
2026-05-01T18:50:49.863 [INFO    ] motor_02: Sensor read cycle complete
2026-05-01T18:50:50.114 [ERROR   ] motor_02: Communication error: CRC mismatch
2026-05-01T18:50:50.364 [INFO    ] compressor_03: Pressure normal: 117.97 bar
2026-05-01T18:50:50.615 [INFO    ] valve_05: Sensor read cycle complete
2026-05-01T18:50:50.866 [ERROR   ] compressor_03: Sensor read FAILED — register 0x0003 timeout
2026-05-01T18:50:51.117 [INFO    ] pump_01: RPM stable at 51
2026-05-01T18:50:51.368 [ERROR   ] compressor_03: Over-temperature limit exceeded: 108.4°C
2026-05-01T18:50:51.618 [WARNING ] valve_05: Retry attempt 96 for register 0x0002
2026-05-01T18:50:51.869 [INFO    ] compressor_03: Connection alive
2026-05-01T18:50:52.119 [INFO    ] motor_02: Connection alive
2026-05-01T18:50:52.370 [ERROR   ] compressor_03: Over-temperature limit exceeded: 50.5°C
2026-05-01T18:50:52.621 [INFO    ] motor_02: Temperature within normal range: 69.2°C
2026-05-01T18:50:52.872 [CRITICAL] compressor_03: EMERGENCY STOP triggered — safety interlock activated
2026-05-01T18:50:53.123 [INFO    ] motor_02: System heartbeat OK
2026-05-01T18:50:53.374 [WARNING ] motor_02: Vibration spike detected: 99.7 Hz
2026-05-01T18:50:53.625 [WARNING ] compressor_03: Response latency high: 89ms
2026-05-01T18:50:53.875 [INFO    ] compressor_03: Connection alive
2026-05-01T18:50:54.126 [WARNING ] motor_02: Vibration spike detected: 64.3 Hz
2026-05-01T18:50:54.377 [INFO    ] compressor_03: Connection alive
2026-05-01T18:50:54.627 [INFO    ] compressor_03: Pressure normal: 51.39 bar
2026-05-01T18:50:54.880 [INFO    ] pump_01: Connection alive
2026-05-01T18:50:55.131 [INFO    ] compressor_03: RPM stable at 97
2026-05-01T18:50:55.382 [INFO    ] valve_05: RPM stable at 109
2026-05-01T18:50:55.633 [CRITICAL] valve_05: EMERGENCY STOP triggered — safety interlock activated
2026-05-01T18:50:55.883 [INFO    ] motor_02: Pressure normal: 44.05 bar
2026-05-01T18:50:56.134 [INFO    ] motor_02: Sensor read cycle complete
2026-05-01T18:50:56.384 [INFO    ] conveyor_04: Sensor read cycle complete
2026-05-01T18:50:56.635 [ERROR   ] pump_01: Motor stall detected — RPM dropped to 101
2026-05-01T18:50:56.886 [WARNING ] valve_05: Temperature elevated: 115.0°C — threshold 75°C
2026-05-01T18:50:57.137 [WARNING ] compressor_03: Vibration spike detected: 24.1 Hz
2026-05-01T18:50:57.389 [INFO    ] motor_02: Temperature within normal range: 10.5°C
2026-05-01T18:50:57.641 [WARNING ] valve_05: Buffer utilisation at 15%
2026-05-01T18:50:57.892 [ERROR   ] compressor_03: Motor stall detected — RPM dropped to 38
2026-05-01T18:50:58.143 [ERROR   ] conveyor_04: Motor stall detected — RPM dropped to 12
2026-05-01T18:50:58.393 [INFO    ] conveyor_04: Temperature within normal range: 102.5°C
2026-05-01T18:50:58.644 [CRITICAL] motor_02: Power supply failure detected
2026-05-01T18:50:58.897 [INFO    ] valve_05: Connection alive
2026-05-01T18:50:59.147 [INFO    ] conveyor_04: Sensor read cycle complete
2026-05-01T18:50:59.403 [WARNING ] pump_01: Temperature elevated: 56.2°C — threshold 75°C
2026-05-01T18:50:59.656 [CRITICAL] conveyor_04: Power supply failure detected
2026-05-01T18:50:59.912 [INFO    ] pump_01: RPM stable at 84
2026-05-01T18:51:00.163 [ERROR   ] compressor_03: Communication error: CRC mismatch
2026-05-01T18:51:00.414 [WARNING ] valve_05: Vibration spike detected: 55.7 Hz
2026-05-01T18:51:00.664 [ERROR   ] motor_02: Sensor read FAILED — register 0x0003 timeout
2026-05-01T18:51:00.915 [INFO    ] compressor_03: Pressure normal: 56.77 bar
2026-05-01T18:51:01.166 [ERROR   ] pump_01: Motor stall detected — RPM dropped to 82
2026-05-01T18:51:01.416 [INFO    ] conveyor_04: Pressure normal: 15.05 bar
2026-05-01T18:51:01.668 [INFO    ] conveyor_04: System heartbeat OK
2026-05-01T18:51:01.918 [WARNING ] motor_02: Response latency high: 102ms
2026-05-01T18:51:02.170 [INFO    ] motor_02: System heartbeat OK
2026-05-01T18:51:02.421 [INFO    ] motor_02: RPM stable at 88
2026-05-01T18:51:02.672 [WARNING ] compressor_03: Temperature elevated: 41.1°C — threshold 75°C
2026-05-01T18:51:02.922 [INFO    ] compressor_03: Connection alive
2026-05-01T18:51:03.177 [WARNING ] pump_01: Vibration spike detected: 33.1 Hz
2026-05-01T18:51:03.428 [INFO    ] motor_02: Sensor read cycle complete
2026-05-01T18:51:03.679 [INFO    ] compressor_03: Connection alive
2026-05-01T18:51:03.929 [ERROR   ] conveyor_04: Motor stall detected — RPM dropped to 75
2026-05-01T18:51:04.180 [INFO    ] valve_05: RPM stable at 31
2026-05-01T18:51:04.430 [INFO    ] valve_05: Temperature within normal range: 63.6°C
2026-05-01T18:51:04.681 [INFO    ] conveyor_04: RPM stable at 21
2026-05-01T18:51:04.931 [INFO    ] conveyor_04: Sensor read cycle complete
2026-05-01T18:51:05.182 [INFO    ] compressor_03: Connection alive
2026-05-01T18:51:05.433 [INFO    ] pump_01: System heartbeat OK
2026-05-01T18:51:05.684 [WARNING ] motor_02: Retry attempt 84 for register 0x0002
2026-05-01T18:51:05.934 [WARNING ] valve_05: Response latency high: 78ms
2026-05-01T18:51:06.185 [INFO    ] valve_05: Temperature within normal range: 45.1°C
2026-05-01T18:51:06.436 [INFO    ] pump_01: Sensor read cycle complete
2026-05-01T18:51:06.686 [WARNING ] compressor_03: Response latency high: 82ms
2026-05-01T18:51:06.937 [INFO    ] compressor_03: Connection alive
2026-05-01T18:51:07.187 [INFO    ] conveyor_04: Pressure normal: 77.93 bar
2026-05-01T18:51:07.438 [ERROR   ] motor_02: Communication error: CRC mismatch
2026-05-01T18:51:07.689 [INFO    ] pump_01: Pressure normal: 109.82 bar
2026-05-01T18:51:07.939 [INFO    ] pump_01: System heartbeat OK
2026-05-01T18:51:08.190 [WARNING ] conveyor_04: Retry attempt 37 for register 0x0002
2026-05-01T18:51:08.441 [CRITICAL] compressor_03: EMERGENCY STOP triggered — safety interlock activated
2026-05-01T18:51:08.692 [INFO    ] pump_01: Pressure normal: 85.02 bar
2026-05-01T18:51:08.943 [ERROR   ] compressor_03: Over-temperature limit exceeded: 101.8°C
2026-05-01T18:51:09.194 [INFO    ] valve_05: Sensor read cycle complete
2026-05-01T18:51:09.445 [INFO    ] pump_01: Sensor read cycle complete
2026-05-01T18:51:09.696 [WARNING ] valve_05: Retry attempt 25 for register 0x0002
2026-05-01T18:51:09.948 [CRITICAL] compressor_03: Power supply failure detected
2026-05-01T18:51:10.198 [ERROR   ] pump_01: Communication error: CRC mismatch
2026-05-01T18:51:10.450 [INFO    ] pump_01: Temperature within normal range: 68.8°C
2026-05-01T18:51:10.709 [WARNING ] pump_01: Buffer utilisation at 45%
2026-05-01T18:51:10.959 [INFO    ] conveyor_04: RPM stable at 40
2026-05-01T18:51:11.210 [INFO    ] valve_05: System heartbeat OK
2026-05-01T18:51:11.463 [INFO    ] compressor_03: Pressure normal: 17.55 bar
2026-05-01T18:51:11.714 [ERROR   ] conveyor_04: Sensor read FAILED — register 0x0003 timeout
2026-05-01T18:51:11.965 [INFO    ] pump_01: System heartbeat OK
2026-05-01T18:51:12.215 [INFO    ] compressor_03: Sensor read cycle complete
2026-05-01T18:51:12.466 [WARNING ] conveyor_04: Response latency high: 108ms
2026-05-01T18:51:12.731 [INFO    ] motor_02: System heartbeat OK
2026-05-01T18:51:12.982 [WARNING ] motor_02: Response latency high: 118ms
2026-05-01T18:51:13.232 [INFO    ] pump_01: Pressure normal: 41.43 bar
2026-05-01T18:51:13.489 [WARNING ] compressor_03: Vibration spike detected: 60.9 Hz
2026-05-01T18:51:13.754 [WARNING ] motor_02: Response latency high: 65ms
2026-05-01T18:51:14.004 [INFO    ] pump_01: Temperature within normal range: 30.1°C
2026-05-01T18:51:14.255 [WARNING ] pump_01: Temperature elevated: 88.9°C — threshold 75°C
2026-05-01T18:51:14.506 [INFO    ] valve_05: RPM stable at 111
2026-05-01T18:51:14.757 [CRITICAL] valve_05: Power supply failure detected
2026-05-01T18:51:15.008 [WARNING ] conveyor_04: Temperature elevated: 104.6°C — threshold 75°C
2026-05-01T18:51:15.258 [ERROR   ] conveyor_04: Sensor read FAILED — register 0x0003 timeout
2026-05-01T18:51:15.510 [WARNING ] motor_02: Temperature elevated: 100.8°C — threshold 75°C
2026-05-01T18:51:15.760 [ERROR   ] pump_01: Communication error: CRC mismatch
2026-05-01T18:51:16.011 [INFO    ] conveyor_04: Sensor read cycle complete
2026-05-01T18:51:16.262 [INFO    ] valve_05: Sensor read cycle complete
2026-05-01T18:51:16.513 [INFO    ] compressor_03: RPM stable at 78
2026-05-01T18:51:16.764 [INFO    ] compressor_03: System heartbeat OK
2026-05-01T18:51:17.015 [CRITICAL] compressor_03: Catastrophic vibration: 83.1 Hz — shutting down
2026-05-01T18:51:17.265 [INFO    ] conveyor_04: Temperature within normal range: 82.9°C
2026-05-01T18:51:17.516 [INFO    ] compressor_03: Pressure normal: 40.09 bar
2026-05-01T18:51:17.767 [CRITICAL] motor_02: EMERGENCY STOP triggered — safety interlock activated
2026-05-01T18:51:18.017 [INFO    ] valve_05: Connection alive
2026-05-01T18:51:18.270 [WARNING ] motor_02: Response latency high: 119ms
2026-05-01T18:51:18.520 [INFO    ] motor_02: Temperature within normal range: 36.4°C
2026-05-01T18:51:18.771 [INFO    ] conveyor_04: System heartbeat OK
2026-05-01T18:51:19.022 [WARNING ] compressor_03: Response latency high: 19ms
2026-05-01T18:51:19.272 [INFO    ] compressor_03: System heartbeat OK
2026-05-01T18:51:19.523 [INFO    ] valve_05: Connection alive
2026-05-01T18:51:19.774 [WARNING ] conveyor_04: Vibration spike detected: 54.9 Hz
2026-05-01T18:51:20.024 [INFO    ] conveyor_04: Pressure normal: 67.01 bar
2026-05-01T18:51:20.275 [ERROR   ] motor_02: Sensor read FAILED — register 0x0003 timeout
2026-05-01T18:51:20.526 [INFO    ] valve_05: Temperature within normal range: 120.0°C
2026-05-01T18:51:20.777 [INFO    ] valve_05: Pressure normal: 63.64 bar
2026-05-01T18:51:21.027 [ERROR   ] motor_02: Communication error: CRC mismatch
2026-05-01T18:51:21.278 [INFO    ] conveyor_04: RPM stable at 55
2026-05-01T18:51:21.529 [WARNING ] compressor_03: Retry attempt 17 for register 0x0002
2026-05-01T18:51:21.780 [INFO    ] motor_02: RPM stable at 90
2026-05-01T18:51:22.030 [INFO    ] conveyor_04: RPM stable at 67
2026-05-01T18:51:22.281 [CRITICAL] motor_02: Catastrophic vibration: 35.8 Hz — shutting down
2026-05-01T18:51:22.531 [INFO    ] valve_05: Connection alive
2026-05-01T18:51:22.783 [INFO    ] compressor_03: Temperature within normal range: 54.6°C
2026-05-01T18:51:23.034 [INFO    ] compressor_03: Sensor read cycle complete
2026-05-01T18:51:23.285 [INFO    ] compressor_03: RPM stable at 53
2026-05-01T18:51:23.536 [ERROR   ] conveyor_04: Communication error: CRC mismatch
2026-05-01T18:51:23.799 [INFO    ] conveyor_04: System heartbeat OK
2026-05-01T18:51:24.051 [INFO    ] pump_01: Sensor read cycle complete
2026-05-01T18:51:24.309 [WARNING ] valve_05: Temperature elevated: 11.5°C — threshold 75°C
2026-05-01T18:51:24.561 [INFO    ] motor_02: System heartbeat OK
2026-05-01T18:51:24.811 [INFO    ] compressor_03: Connection alive
2026-05-01T18:51:25.064 [INFO    ] valve_05: System heartbeat OK
2026-05-01T18:51:25.314 [ERROR   ] conveyor_04: Communication error: CRC mismatch
2026-05-01T18:51:25.570 [CRITICAL] conveyor_04: EMERGENCY STOP triggered — safety interlock activated
2026-05-01T18:51:25.824 [INFO    ] pump_01: Connection alive
2026-05-01T18:51:26.074 [ERROR   ] conveyor_04: Over-temperature limit exceeded: 105.7°C
2026-05-01T18:51:26.340 [INFO    ] conveyor_04: Pressure normal: 25.08 bar
2026-05-01T18:51:26.591 [CRITICAL] valve_05: Catastrophic vibration: 21.5 Hz — shutting down
2026-05-01T18:51:26.843 [WARNING ] pump_01: Temperature elevated: 26.2°C — threshold 75°C
2026-05-01T18:51:27.094 [INFO    ] conveyor_04: Sensor read cycle complete
2026-05-01T18:51:27.347 [CRITICAL] compressor_03: Catastrophic vibration: 111.1 Hz — shutting down
2026-05-01T18:51:27.598 [INFO    ] valve_05: System heartbeat OK
2026-05-01T18:51:27.849 [WARNING ] conveyor_04: Buffer utilisation at 34%
2026-05-01T18:51:28.100 [ERROR   ] compressor_03: Motor stall detected — RPM dropped to 112
2026-05-01T18:51:28.352 [CRITICAL] conveyor_04: EMERGENCY STOP triggered — safety interlock activated
2026-05-01T18:51:28.603 [CRITICAL] pump_01: Power supply failure detected
2026-05-01T18:51:28.853 [WARNING ] valve_05: Vibration spike detected: 112.2 Hz
2026-05-01T18:51:29.104 [WARNING ] conveyor_04: Vibration spike detected: 99.1 Hz
2026-05-01T18:51:29.355 [INFO    ] motor_02: RPM stable at 18
2026-05-01T18:51:29.605 [ERROR   ] valve_05: Motor stall detected — RPM dropped to 83
2026-05-01T18:51:29.858 [INFO    ] valve_05: Pressure normal: 16.57 bar
2026-05-01T18:51:30.108 [INFO    ] conveyor_04: RPM stable at 28
2026-05-01T18:51:30.359 [INFO    ] conveyor_04: Temperature within normal range: 90.0°C
2026-05-01T18:51:30.610 [INFO    ] pump_01: Pressure normal: 12.79 bar
2026-05-01T18:51:30.860 [INFO    ] valve_05: System heartbeat OK
2026-05-01T18:51:31.111 [WARNING ] valve_05: Response latency high: 114ms
2026-05-01T18:51:31.361 [INFO    ] motor_02: RPM stable at 27
2026-05-01T18:51:31.612 [INFO    ] conveyor_04: Temperature within normal range: 78.3°C
2026-05-01T18:51:31.862 [CRITICAL] compressor_03: EMERGENCY STOP triggered — safety interlock activated
2026-05-01T18:51:32.113 [INFO    ] pump_01: Sensor read cycle complete
2026-05-01T18:51:32.364 [WARNING ] motor_02: Response latency high: 91ms
2026-05-01T18:51:32.616 [INFO    ] pump_01: RPM stable at 71
2026-05-01T18:51:32.866 [INFO    ] conveyor_04: Pressure normal: 18.81 bar
2026-05-01T18:51:33.122 [INFO    ] pump_01: Sensor read cycle complete
2026-05-01T18:51:33.375 [CRITICAL] pump_01: Catastrophic vibration: 25.7 Hz — shutting down
2026-05-01T18:51:33.630 [ERROR   ] conveyor_04: Motor stall detected — RPM dropped to 102
2026-05-01T18:51:33.880 [INFO    ] compressor_03: Connection alive
2026-05-01T18:51:34.131 [INFO    ] compressor_03: Connection alive
2026-05-01T18:51:34.382 [ERROR   ] conveyor_04: Over-temperature limit exceeded: 29.9°C
2026-05-01T18:51:34.633 [ERROR   ] motor_02: Sensor read FAILED — register 0x0003 timeout
2026-05-01T18:51:34.884 [WARNING ] motor_02: Buffer utilisation at 94%
2026-05-01T18:51:35.134 [INFO    ] compressor_03: RPM stable at 103
2026-05-01T18:51:35.385 [ERROR   ] pump_01: Motor stall detected — RPM dropped to 68
2026-05-01T18:51:35.636 [INFO    ] conveyor_04: Temperature within normal range: 32.7°C
2026-05-01T18:51:35.886 [INFO    ] motor_02: Temperature within normal range: 20.7°C
2026-05-01T18:51:36.137 [WARNING ] conveyor_04: Response latency high: 46ms
2026-05-01T18:51:36.388 [INFO    ] valve_05: RPM stable at 63
2026-05-01T18:51:36.639 [CRITICAL] conveyor_04: Catastrophic vibration: 87.2 Hz — shutting down
2026-05-01T18:51:36.890 [INFO    ] compressor_03: Connection alive
2026-05-01T18:51:37.141 [INFO    ] pump_01: Pressure normal: 79.13 bar
2026-05-01T18:51:37.391 [INFO    ] conveyor_04: Sensor read cycle complete
2026-05-01T18:51:37.648 [INFO    ] compressor_03: RPM stable at 47
2026-05-01T18:51:37.899 [WARNING ] conveyor_04: Vibration spike detected: 68.1 Hz
2026-05-01T18:51:38.150 [INFO    ] conveyor_04: Sensor read cycle complete
2026-05-01T18:51:38.400 [INFO    ] compressor_03: Temperature within normal range: 90.2°C
2026-05-01T18:51:38.651 [INFO    ] conveyor_04: RPM stable at 40
2026-05-01T18:51:38.902 [INFO    ] conveyor_04: Connection alive
2026-05-01T18:51:39.153 [INFO    ] valve_05: Connection alive
2026-05-01T18:51:39.404 [ERROR   ] conveyor_04: Over-temperature limit exceeded: 17.9°C
2026-05-01T18:51:39.655 [WARNING ] conveyor_04: Retry attempt 15 for register 0x0002
2026-05-01T18:51:39.906 [ERROR   ] conveyor_04: Over-temperature limit exceeded: 115.3°C
2026-05-01T18:51:40.156 [WARNING ] valve_05: Vibration spike detected: 26.9 Hz
2026-05-01T18:51:40.406 [ERROR   ] valve_05: Communication error: CRC mismatch
2026-05-01T18:51:40.657 [WARNING ] conveyor_04: Temperature elevated: 67.2°C — threshold 75°C
2026-05-01T18:51:40.908 [WARNING ] compressor_03: Retry attempt 71 for register 0x0002
2026-05-01T18:51:41.159 [INFO    ] conveyor_04: Temperature within normal range: 11.3°C
2026-05-01T18:51:41.409 [INFO    ] valve_05: Connection alive
2026-05-01T18:51:41.660 [INFO    ] valve_05: Pressure normal: 37.73 bar
2026-05-01T18:51:41.910 [CRITICAL] compressor_03: Power supply failure detected
2026-05-01T18:51:42.163 [INFO    ] conveyor_04: Temperature within normal range: 61.3°C
2026-05-01T18:51:42.414 [INFO    ] pump_01: Temperature within normal range: 99.6°C
2026-05-01T18:51:42.665 [WARNING ] motor_02: Buffer utilisation at 69%
2026-05-01T18:51:42.916 [INFO    ] conveyor_04: Connection alive
2026-05-01T18:51:43.166 [INFO    ] motor_02: RPM stable at 90
2026-05-01T18:51:43.419 [WARNING ] conveyor_04: Buffer utilisation at 40%
2026-05-01T18:51:43.670 [INFO    ] conveyor_04: Sensor read cycle complete
2026-05-01T18:51:43.920 [INFO    ] motor_02: Pressure normal: 47.34 bar
2026-05-01T18:51:44.171 [INFO    ] valve_05: Pressure normal: 83.57 bar
2026-05-01T18:51:44.427 [INFO    ] compressor_03: RPM stable at 87
2026-05-01T18:51:44.678 [INFO    ] pump_01: Temperature within normal range: 69.2°C
2026-05-01T18:51:44.930 [WARNING ] conveyor_04: Temperature elevated: 93.9°C — threshold 75°C
2026-05-01T18:51:45.185 [WARNING ] conveyor_04: Retry attempt 30 for register 0x0002
2026-05-01T18:51:45.436 [WARNING ] conveyor_04: Vibration spike detected: 16.2 Hz
2026-05-01T18:51:45.686 [ERROR   ] conveyor_04: Communication error: CRC mismatch
2026-05-01T18:51:45.938 [WARNING ] motor_02: Retry attempt 42 for register 0x0002
2026-05-01T18:51:46.214 [INFO    ] conveyor_04: Temperature within normal range: 64.3°C
2026-05-01T18:51:46.465 [ERROR   ] motor_02: Over-temperature limit exceeded: 38.2°C
2026-05-01T18:51:46.716 [ERROR   ] valve_05: Communication error: CRC mismatch
2026-05-01T18:51:46.966 [WARNING ] pump_01: Temperature elevated: 70.6°C — threshold 75°C
2026-05-01T18:51:47.216 [INFO    ] compressor_03: Pressure normal: 101.49 bar
2026-05-01T18:51:47.468 [WARNING ] compressor_03: Retry attempt 42 for register 0x0002
2026-05-01T18:51:47.718 [INFO    ] valve_05: Sensor read cycle complete
2026-05-01T18:51:47.969 [ERROR   ] compressor_03: Communication error: CRC mismatch
2026-05-01T18:51:48.219 [INFO    ] pump_01: Temperature within normal range: 22.0°C
2026-05-01T18:51:48.472 [INFO    ] motor_02: Sensor read cycle complete
2026-05-01T18:51:48.723 [INFO    ] valve_05: Sensor read cycle complete
2026-05-01T18:51:48.974 [INFO    ] valve_05: Connection alive
2026-05-01T18:51:49.225 [WARNING ] compressor_03: Buffer utilisation at 27%
2026-05-01T18:51:49.475 [CRITICAL] valve_05: EMERGENCY STOP triggered — safety interlock activated
2026-05-01T18:51:49.726 [INFO    ] pump_01: Connection alive
2026-05-01T18:51:49.983 [ERROR   ] valve_05: Motor stall detected — RPM dropped to 116
2026-05-01T18:51:50.234 [WARNING ] conveyor_04: Response latency high: 64ms
2026-05-01T18:51:50.485 [INFO    ] motor_02: Sensor read cycle complete
2026-05-01T18:51:50.735 [WARNING ] conveyor_04: Retry attempt 103 for register 0x0002
2026-05-01T18:51:50.985 [INFO    ] compressor_03: RPM stable at 77
2026-05-01T18:51:51.236 [WARNING ] compressor_03: Buffer utilisation at 53%
2026-05-01T18:51:51.486 [INFO    ] compressor_03: Temperature within normal range: 93.8°C
2026-05-01T18:51:51.737 [WARNING ] conveyor_04: Temperature elevated: 83.9°C — threshold 75°C
2026-05-01T18:51:51.993 [INFO    ] conveyor_04: Sensor read cycle complete
2026-05-01T18:51:52.243 [WARNING ] compressor_03: Response latency high: 79ms
2026-05-01T18:51:52.496 [WARNING ] pump_01: Vibration spike detected: 82.2 Hz
2026-05-01T18:51:52.747 [CRITICAL] valve_05: Catastrophic vibration: 40.6 Hz — shutting down
2026-05-01T18:51:52.997 [INFO    ] compressor_03: Temperature within normal range: 50.9°C
2026-05-01T18:51:53.248 [ERROR   ] motor_02: Sensor read FAILED — register 0x0003 timeout
2026-05-01T18:51:53.499 [INFO    ] pump_01: Sensor read cycle complete
2026-05-01T18:51:53.756 [INFO    ] motor_02: Temperature within normal range: 103.6°C
2026-05-01T18:51:54.007 [INFO    ] valve_05: RPM stable at 104
2026-05-01T18:51:54.258 [WARNING ] pump_01: Response latency high: 91ms
2026-05-01T18:51:54.509 [INFO    ] motor_02: RPM stable at 45
2026-05-01T18:51:54.760 [ERROR   ] pump_01: Sensor read FAILED — register 0x0003 timeout
2026-05-01T18:51:55.010 [WARNING ] motor_02: Vibration spike detected: 61.9 Hz
2026-05-01T18:51:55.261 [INFO    ] conveyor_04: Connection alive
2026-05-01T18:51:55.514 [WARNING ] motor_02: Vibration spike detected: 105.5 Hz
2026-05-01T18:51:55.765 [INFO    ] pump_01: Pressure normal: 14.52 bar
2026-05-01T18:51:56.017 [INFO    ] compressor_03: RPM stable at 51
2026-05-01T18:51:56.267 [ERROR   ] valve_05: Communication error: CRC mismatch
2026-05-01T18:51:56.518 [WARNING ] compressor_03: Vibration spike detected: 68.3 Hz
2026-05-01T18:51:56.768 [INFO    ] compressor_03: Connection alive
2026-05-01T18:51:57.019 [WARNING ] pump_01: Retry attempt 70 for register 0x0002
2026-05-01T18:51:57.273 [INFO    ] pump_01: Temperature within normal range: 27.7°C
2026-05-01T18:51:57.524 [WARNING ] pump_01: Response latency high: 67ms
2026-05-01T18:51:57.774 [WARNING ] pump_01: Temperature elevated: 16.9°C — threshold 75°C
2026-05-01T18:51:58.025 [WARNING ] pump_01: Vibration spike detected: 52.3 Hz
2026-05-01T18:51:58.276 [WARNING ] pump_01: Response latency high: 62ms
2026-05-01T18:51:58.526 [INFO    ] valve_05: Connection alive
2026-05-01T18:51:58.777 [ERROR   ] conveyor_04: Communication error: CRC mismatch
2026-05-01T18:51:59.028 [INFO    ] pump_01: Temperature within normal range: 15.4°C
2026-05-01T18:51:59.287 [INFO    ] pump_01: Pressure normal: 60.46 bar
2026-05-01T18:51:59.538 [INFO    ] valve_05: System heartbeat OK
2026-05-01T18:51:59.790 [WARNING ] conveyor_04: Vibration spike detected: 65.6 Hz
2026-05-01T18:52:00.042 [ERROR   ] conveyor_04: Sensor read FAILED — register 0x0003 timeout
2026-05-01T18:52:00.292 [WARNING ] valve_05: Retry attempt 90 for register 0x0002
2026-05-01T18:52:00.543 [INFO    ] valve_05: System heartbeat OK
2026-05-01T18:52:00.798 [INFO    ] motor_02: Pressure normal: 27.26 bar
2026-05-01T18:52:01.048 [INFO    ] compressor_03: System heartbeat OK
2026-05-01T18:52:01.299 [INFO    ] valve_05: Sensor read cycle complete
2026-05-01T18:52:01.550 [INFO    ] motor_02: RPM stable at 20
2026-05-01T18:52:01.801 [INFO    ] compressor_03: Connection alive
2026-05-01T18:52:02.052 [INFO    ] compressor_03: Temperature within normal range: 18.6°C
2026-05-01T18:52:02.303 [CRITICAL] conveyor_04: Catastrophic vibration: 107.5 Hz — shutting down
2026-05-01T18:52:02.557 [CRITICAL] pump_01: EMERGENCY STOP triggered — safety interlock activated
2026-05-01T18:52:02.808 [INFO    ] conveyor_04: Connection alive
2026-05-01T18:52:03.059 [WARNING ] valve_05: Temperature elevated: 113.5°C — threshold 75°C
2026-05-01T18:52:03.309 [INFO    ] motor_02: Temperature within normal range: 48.2°C
2026-05-01T18:52:03.561 [INFO    ] valve_05: Temperature within normal range: 106.5°C
2026-05-01T18:52:03.812 [INFO    ] compressor_03: Temperature within normal range: 92.5°C
2026-05-01T18:52:04.063 [INFO    ] valve_05: System heartbeat OK
2026-05-01T18:52:04.314 [INFO    ] pump_01: System heartbeat OK
2026-05-01T18:52:04.565 [INFO    ] motor_02: Sensor read cycle complete
2026-05-01T18:52:04.818 [INFO    ] pump_01: System heartbeat OK
2026-05-01T18:52:05.069 [INFO    ] motor_02: Temperature within normal range: 79.9°C
2026-05-01T18:52:05.320 [INFO    ] motor_02: Sensor read cycle complete
2026-05-01T18:52:05.571 [INFO    ] conveyor_04: Pressure normal: 117.33 bar
2026-05-01T18:52:05.825 [INFO    ] valve_05: RPM stable at 63
2026-05-01T18:52:06.075 [WARNING ] conveyor_04: Temperature elevated: 35.1°C — threshold 75°C
2026-05-01T18:52:06.326 [INFO    ] valve_05: Pressure normal: 115.03 bar
2026-05-01T18:52:06.577 [CRITICAL] conveyor_04: EMERGENCY STOP triggered — safety interlock activated
2026-05-01T18:52:06.828 [ERROR   ] pump_01: Communication error: CRC mismatch
2026-05-01T18:52:07.079 [INFO    ] conveyor_04: RPM stable at 101
2026-05-01T18:52:07.330 [WARNING ] valve_05: Buffer utilisation at 77%
2026-05-01T18:52:07.580 [INFO    ] valve_05: Pressure normal: 75.95 bar
2026-05-01T18:52:07.831 [WARNING ] valve_05: Retry attempt 101 for register 0x0002
2026-05-01T18:52:08.082 [INFO    ] compressor_03: System heartbeat OK
2026-05-01T18:52:08.336 [WARNING ] compressor_03: Temperature elevated: 12.3°C — threshold 75°C
2026-05-01T18:52:08.586 [INFO    ] valve_05: RPM stable at 78
2026-05-01T18:52:08.837 [ERROR   ] compressor_03: Communication error: CRC mismatch
2026-05-01T18:52:09.090 [WARNING ] motor_02: Buffer utilisation at 23%
2026-05-01T18:52:09.341 [CRITICAL] pump_01: Catastrophic vibration: 61.5 Hz — shutting down
2026-05-01T18:52:09.597 [INFO    ] compressor_03: System heartbeat OK
2026-05-01T18:52:09.848 [CRITICAL] compressor_03: Power supply failure detected
2026-05-01T18:52:10.098 [INFO    ] conveyor_04: Temperature within normal range: 115.8°C
2026-05-01T18:52:10.349 [INFO    ] pump_01: RPM stable at 18
2026-05-01T18:52:10.600 [INFO    ] motor_02: Temperature within normal range: 73.7°C
2026-05-01T18:52:10.851 [INFO    ] motor_02: System heartbeat OK
2026-05-01T18:52:11.104 [INFO    ] compressor_03: RPM stable at 119
2026-05-01T18:52:11.357 [WARNING ] conveyor_04: Temperature elevated: 22.8°C — threshold 75°C
2026-05-01T18:52:11.607 [WARNING ] valve_05: Temperature elevated: 47.0°C — threshold 75°C
2026-05-01T18:52:11.858 [INFO    ] pump_01: Sensor read cycle complete
2026-05-01T18:52:12.108 [WARNING ] conveyor_04: Retry attempt 32 for register 0x0002
2026-05-01T18:52:12.363 [INFO    ] conveyor_04: Connection alive
2026-05-01T18:52:12.615 [ERROR   ] pump_01: Communication error: CRC mismatch
2026-05-01T18:52:12.866 [INFO    ] compressor_03: Pressure normal: 11.66 bar
2026-05-01T18:52:13.116 [INFO    ] valve_05: RPM stable at 43
2026-05-01T18:52:13.367 [ERROR   ] motor_02: Over-temperature limit exceeded: 83.2°C
2026-05-01T18:52:13.618 [CRITICAL] valve_05: Catastrophic vibration: 59.3 Hz — shutting down
2026-05-01T18:52:13.869 [INFO    ] conveyor_04: Pressure normal: 117.09 bar
2026-05-01T18:52:14.123 [INFO    ] valve_05: Pressure normal: 71.41 bar
2026-05-01T18:52:14.374 [CRITICAL] valve_05: EMERGENCY STOP triggered — safety interlock activated
2026-05-01T18:52:14.625 [WARNING ] valve_05: Buffer utilisation at 87%
2026-05-01T18:52:14.876 [WARNING ] pump_01: Temperature elevated: 31.2°C — threshold 75°C
2026-05-01T18:52:15.127 [INFO    ] valve_05: RPM stable at 13
2026-05-01T18:52:15.378 [INFO    ] motor_02: Temperature within normal range: 78.8°C
2026-05-01T18:52:15.629 [WARNING ] compressor_03: Temperature elevated: 89.2°C — threshold 75°C
2026-05-01T18:52:15.880 [INFO    ] motor_02: Sensor read cycle complete
2026-05-01T18:52:16.131 [INFO    ] motor_02: Connection alive
2026-05-01T18:52:16.382 [INFO    ] valve_05: Pressure normal: 77.04 bar
2026-05-01T18:52:16.633 [CRITICAL] pump_01: Catastrophic vibration: 46.8 Hz — shutting down
2026-05-01T18:52:16.884 [ERROR   ] compressor_03: Motor stall detected — RPM dropped to 99
2026-05-01T18:52:17.135 [INFO    ] valve_05: Temperature within normal range: 31.4°C
2026-05-01T18:52:17.385 [WARNING ] motor_02: Response latency high: 56ms
2026-05-01T18:52:17.636 [CRITICAL] pump_01: EMERGENCY STOP triggered — safety interlock activated
2026-05-01T18:52:17.887 [INFO    ] conveyor_04: System heartbeat OK
2026-05-01T18:52:18.144 [ERROR   ] compressor_03: Motor stall detected — RPM dropped to 73
2026-05-01T18:52:18.395 [WARNING ] conveyor_04: Buffer utilisation at 77%
2026-05-01T18:52:18.646 [INFO    ] conveyor_04: Pressure normal: 88.30 bar
2026-05-01T18:52:18.896 [WARNING ] conveyor_04: Response latency high: 48ms
2026-05-01T18:52:19.153 [INFO    ] compressor_03: Sensor read cycle complete
2026-05-01T18:52:19.404 [WARNING ] valve_05: Retry attempt 31 for register 0x0002
2026-05-01T18:52:19.661 [WARNING ] motor_02: Buffer utilisation at 84%
2026-05-01T18:52:19.911 [INFO    ] conveyor_04: System heartbeat OK
2026-05-01T18:52:20.162 [WARNING ] pump_01: Response latency high: 38ms
2026-05-01T18:52:20.413 [ERROR   ] motor_02: Communication error: CRC mismatch
2026-05-01T18:52:20.664 [INFO    ] compressor_03: System heartbeat OK
2026-05-01T18:52:20.915 [WARNING ] compressor_03: Temperature elevated: 92.5°C — threshold 75°C
2026-05-01T18:52:21.166 [INFO    ] pump_01: Pressure normal: 45.42 bar
2026-05-01T18:52:21.416 [INFO    ] conveyor_04: Connection alive
2026-05-01T18:52:21.667 [WARNING ] compressor_03: Response latency high: 52ms
2026-05-01T18:52:21.918 [WARNING ] compressor_03: Buffer utilisation at 62%
2026-05-01T18:52:22.169 [INFO    ] pump_01: Connection alive
2026-05-01T18:52:22.420 [INFO    ] motor_02: Sensor read cycle complete
2026-05-01T18:52:22.671 [WARNING ] pump_01: Temperature elevated: 56.7°C — threshold 75°C
2026-05-01T18:52:22.924 [INFO    ] valve_05: Pressure normal: 24.52 bar
2026-05-01T18:52:23.176 [INFO    ] motor_02: Pressure normal: 12.62 bar
2026-05-01T18:52:23.426 [INFO    ] conveyor_04: Sensor read cycle complete
2026-05-01T18:52:23.677 [INFO    ] motor_02: Temperature within normal range: 46.3°C
2026-05-01T18:52:23.927 [ERROR   ] conveyor_04: Communication error: CRC mismatch
2026-05-01T18:52:24.178 [INFO    ] valve_05: Pressure normal: 57.10 bar
2026-05-01T18:52:24.428 [INFO    ] conveyor_04: RPM stable at 83
2026-05-01T18:52:24.679 [INFO    ] valve_05: Temperature within normal range: 72.9°C
2026-05-01T18:52:24.930 [WARNING ] conveyor_04: Retry attempt 55 for register 0x0002
2026-05-01T18:52:25.182 [ERROR   ] compressor_03: Sensor read FAILED — register 0x0003 timeout
2026-05-01T18:52:25.432 [WARNING ] motor_02: Temperature elevated: 11.8°C — threshold 75°C
2026-05-01T18:52:25.687 [WARNING ] conveyor_04: Retry attempt 56 for register 0x0002
2026-05-01T18:52:25.940 [WARNING ] valve_05: Temperature elevated: 95.0°C — threshold 75°C
2026-05-01T18:52:26.192 [INFO    ] pump_01: System heartbeat OK
2026-05-01T18:52:26.446 [ERROR   ] pump_01: Motor stall detected — RPM dropped to 17
2026-05-01T18:52:26.697 [ERROR   ] pump_01: Sensor read FAILED — register 0x0003 timeout
2026-05-01T18:52:26.948 [INFO    ] pump_01: Pressure normal: 107.13 bar
2026-05-01T18:52:27.198 [INFO    ] compressor_03: Connection alive
2026-05-01T18:52:27.450 [WARNING ] motor_02: Buffer utilisation at 62%
2026-05-01T18:52:27.700 [INFO    ] compressor_03: Temperature within normal range: 93.3°C
2026-05-01T18:52:27.953 [INFO    ] pump_01: Sensor read cycle complete
2026-05-01T18:52:28.203 [INFO    ] compressor_03: System heartbeat OK
2026-05-01T18:52:28.458 [INFO    ] pump_01: System heartbeat OK
2026-05-01T18:52:28.708 [INFO    ] pump_01: RPM stable at 76
2026-05-01T18:52:28.959 [WARNING ] pump_01: Retry attempt 114 for register 0x0002
2026-05-01T18:52:29.210 [CRITICAL] conveyor_04: EMERGENCY STOP triggered — safety interlock activated
2026-05-01T18:52:29.464 [INFO    ] compressor_03: RPM stable at 104
2026-05-01T18:52:29.715 [ERROR   ] motor_02: Motor stall detected — RPM dropped to 63
2026-05-01T18:52:29.975 [INFO    ] conveyor_04: Connection alive
2026-05-01T18:52:30.226 [WARNING ] conveyor_04: Temperature elevated: 110.7°C — threshold 75°C
2026-05-01T18:52:30.477 [WARNING ] compressor_03: Vibration spike detected: 61.2 Hz
2026-05-01T18:52:30.727 [WARNING ] valve_05: Response latency high: 59ms
2026-05-01T18:52:30.980 [CRITICAL] conveyor_04: Catastrophic vibration: 66.8 Hz — shutting down
2026-05-01T18:52:31.231 [WARNING ] conveyor_04: Retry attempt 90 for register 0x0002
2026-05-01T18:52:31.483 [ERROR   ] conveyor_04: Motor stall detected — RPM dropped to 43
2026-05-01T18:52:31.734 [INFO    ] valve_05: RPM stable at 19
2026-05-01T18:52:31.989 [INFO    ] pump_01: System heartbeat OK
2026-05-01T18:52:32.240 [WARNING ] valve_05: Response latency high: 25ms
2026-05-01T18:52:32.490 [WARNING ] conveyor_04: Retry attempt 106 for register 0x0002
2026-05-01T18:52:32.741 [INFO    ] conveyor_04: System heartbeat OK
2026-05-01T18:52:32.992 [INFO    ] pump_01: Sensor read cycle complete
2026-05-01T18:52:33.247 [WARNING ] compressor_03: Response latency high: 81ms
2026-05-01T18:52:33.497 [INFO    ] pump_01: System heartbeat OK
2026-05-01T18:52:33.748 [INFO    ] valve_05: System heartbeat OK
2026-05-01T18:52:33.998 [ERROR   ] conveyor_04: Sensor read FAILED — register 0x0003 timeout
2026-05-01T18:52:34.249 [INFO    ] motor_02: Pressure normal: 17.87 bar
2026-05-01T18:52:34.502 [WARNING ] pump_01: Retry attempt 85 for register 0x0002
2026-05-01T18:52:34.753 [INFO    ] compressor_03: RPM stable at 120
2026-05-01T18:52:35.003 [INFO    ] conveyor_04: RPM stable at 110
2026-05-01T18:52:35.255 [ERROR   ] compressor_03: Over-temperature limit exceeded: 107.5°C
2026-05-01T18:52:35.506 [INFO    ] motor_02: Connection alive
2026-05-01T18:52:35.757 [INFO    ] pump_01: System heartbeat OK
2026-05-01T18:52:36.008 [INFO    ] conveyor_04: RPM stable at 20
2026-05-01T18:52:36.258 [INFO    ] motor_02: Temperature within normal range: 112.9°C
2026-05-01T18:52:36.509 [ERROR   ] valve_05: Communication error: CRC mismatch
2026-05-01T18:52:36.759 [WARNING ] pump_01: Temperature elevated: 106.3°C — threshold 75°C
2026-05-01T18:52:37.009 [INFO    ] pump_01: Temperature within normal range: 115.1°C
2026-05-01T18:52:37.260 [INFO    ] pump_01: Pressure normal: 108.03 bar
2026-05-01T18:52:37.512 [INFO    ] pump_01: Connection alive
2026-05-01T18:52:37.764 [ERROR   ] compressor_03: Communication error: CRC mismatch
2026-05-01T18:52:38.017 [WARNING ] valve_05: Response latency high: 11ms
2026-05-01T18:52:38.267 [INFO    ] motor_02: Sensor read cycle complete
2026-05-01T18:52:38.518 [INFO    ] compressor_03: Connection alive
2026-05-01T18:52:38.769 [INFO    ] motor_02: System heartbeat OK
2026-05-01T18:52:39.020 [INFO    ] conveyor_04: Pressure normal: 79.32 bar
2026-05-01T18:52:39.271 [INFO    ] compressor_03: RPM stable at 77
2026-05-01T18:52:39.521 [WARNING ] valve_05: Retry attempt 14 for register 0x0002
2026-05-01T18:52:39.772 [INFO    ] conveyor_04: Connection alive
2026-05-01T18:52:40.022 [INFO    ] valve_05: Connection alive
2026-05-01T18:52:40.273 [INFO    ] valve_05: System heartbeat OK
2026-05-01T18:52:40.524 [CRITICAL] conveyor_04: Power supply failure detected
2026-05-01T18:52:40.774 [INFO    ] compressor_03: Pressure normal: 67.52 bar
2026-05-01T18:52:41.025 [WARNING ] conveyor_04: Response latency high: 63ms
2026-05-01T18:52:41.276 [ERROR   ] conveyor_04: Sensor read FAILED — register 0x0003 timeout
2026-05-01T18:52:41.526 [ERROR   ] pump_01: Communication error: CRC mismatch
2026-05-01T18:52:41.777 [ERROR   ] compressor_03: Over-temperature limit exceeded: 79.9°C
2026-05-01T18:52:42.028 [ERROR   ] valve_05: Over-temperature limit exceeded: 63.5°C
2026-05-01T18:52:42.279 [WARNING ] pump_01: Response latency high: 112ms
2026-05-01T18:52:42.530 [ERROR   ] pump_01: Communication error: CRC mismatch
2026-05-01T18:52:42.781 [ERROR   ] valve_05: Motor stall detected — RPM dropped to 101
2026-05-01T18:52:43.031 [CRITICAL] valve_05: EMERGENCY STOP triggered — safety interlock activated
2026-05-01T18:52:43.282 [INFO    ] compressor_03: Pressure normal: 114.52 bar
2026-05-01T18:52:43.533 [INFO    ] valve_05: RPM stable at 44
2026-05-01T18:52:43.783 [WARNING ] conveyor_04: Retry attempt 19 for register 0x0002
2026-05-01T18:52:44.038 [CRITICAL] valve_05: Power supply failure detected
2026-05-01T18:52:44.289 [INFO    ] pump_01: Pressure normal: 42.42 bar
2026-05-01T18:52:44.540 [INFO    ] conveyor_04: RPM stable at 66
2026-05-01T18:52:44.790 [INFO    ] valve_05: System heartbeat OK
2026-05-01T18:52:45.041 [INFO    ] conveyor_04: Connection alive
2026-05-01T18:52:45.292 [WARNING ] pump_01: Response latency high: 26ms
2026-05-01T18:52:45.546 [INFO    ] compressor_03: Temperature within normal range: 94.5°C
2026-05-01T18:52:45.797 [ERROR   ] pump_01: Communication error: CRC mismatch
2026-05-01T18:52:46.047 [INFO    ] pump_01: System heartbeat OK
2026-05-01T18:52:46.298 [WARNING ] compressor_03: Retry attempt 93 for register 0x0002
2026-05-01T18:52:46.549 [ERROR   ] compressor_03: Motor stall detected — RPM dropped to 80
2026-05-01T18:52:46.799 [INFO    ] pump_01: Connection alive
2026-05-01T18:52:47.050 [WARNING ] conveyor_04: Response latency high: 65ms
2026-05-01T18:52:47.303 [INFO    ] valve_05: Temperature within normal range: 91.3°C
2026-05-01T18:52:47.554 [INFO    ] conveyor_04: Temperature within normal range: 75.4°C
2026-05-01T18:52:47.805 [CRITICAL] compressor_03: Power supply failure detected
2026-05-01T18:52:48.055 [INFO    ] valve_05: System heartbeat OK
2026-05-01T18:52:48.307 [INFO    ] pump_01: Temperature within normal range: 118.6°C
2026-05-01T18:52:48.563 [ERROR   ] motor_02: Communication error: CRC mismatch
2026-05-01T18:52:48.814 [INFO    ] conveyor_04: Temperature within normal range: 36.2°C
2026-05-01T18:52:49.064 [WARNING ] valve_05: Response latency high: 89ms
2026-05-01T18:52:49.314 [INFO    ] motor_02: System heartbeat OK
2026-05-01T18:52:49.565 [CRITICAL] pump_01: Power supply failure detected
2026-05-01T18:52:49.816 [ERROR   ] motor_02: Over-temperature limit exceeded: 44.4°C
2026-05-01T18:52:50.066 [INFO    ] pump_01: Temperature within normal range: 25.0°C
2026-05-01T18:52:50.317 [INFO    ] valve_05: Pressure normal: 80.86 bar
2026-05-01T18:52:50.567 [INFO    ] compressor_03: Sensor read cycle complete
2026-05-01T18:52:50.818 [INFO    ] conveyor_04: Temperature within normal range: 27.7°C
2026-05-01T18:52:51.068 [INFO    ] motor_02: Connection alive
2026-05-01T18:52:51.319 [INFO    ] compressor_03: System heartbeat OK
2026-05-01T18:52:51.570 [INFO    ] compressor_03: RPM stable at 47
2026-05-01T18:52:51.821 [INFO    ] pump_01: Pressure normal: 114.16 bar
2026-05-01T18:52:52.071 [INFO    ] compressor_03: RPM stable at 100
2026-05-01T18:52:52.322 [WARNING ] motor_02: Response latency high: 70ms
2026-05-01T18:52:52.573 [WARNING ] conveyor_04: Vibration spike detected: 17.1 Hz
2026-05-01T18:52:52.824 [INFO    ] pump_01: Pressure normal: 37.59 bar
2026-05-01T18:52:53.075 [WARNING ] motor_02: Retry attempt 51 for register 0x0002
2026-05-01T18:52:53.326 [WARNING ] motor_02: Retry attempt 65 for register 0x0002
2026-05-01T18:52:53.582 [ERROR   ] pump_01: Over-temperature limit exceeded: 37.9°C
2026-05-01T18:52:53.833 [INFO    ] compressor_03: Temperature within normal range: 115.9°C
2026-05-01T18:52:54.084 [WARNING ] valve_05: Temperature elevated: 101.8°C — threshold 75°C
2026-05-01T18:52:54.334 [WARNING ] motor_02: Vibration spike detected: 36.5 Hz
2026-05-01T18:52:54.585 [WARNING ] motor_02: Retry attempt 39 for register 0x0002
2026-05-01T18:52:54.836 [WARNING ] conveyor_04: Buffer utilisation at 48%
2026-05-01T18:52:55.086 [WARNING ] valve_05: Response latency high: 31ms
2026-05-01T18:52:55.345 [ERROR   ] pump_01: Communication error: CRC mismatch
2026-05-01T18:52:55.596 [CRITICAL] motor_02: Catastrophic vibration: 28.3 Hz — shutting down
2026-05-01T18:52:55.846 [CRITICAL] compressor_03: EMERGENCY STOP triggered — safety interlock activated
2026-05-01T18:52:56.097 [INFO    ] compressor_03: RPM stable at 55
2026-05-01T18:52:56.348 [ERROR   ] compressor_03: Communication error: CRC mismatch
2026-05-01T18:52:56.599 [INFO    ] compressor_03: RPM stable at 54
2026-05-01T18:52:56.849 [WARNING ] motor_02: Response latency high: 25ms
2026-05-01T18:52:57.100 [INFO    ] compressor_03: RPM stable at 39
2026-05-01T18:52:57.351 [WARNING ] valve_05: Vibration spike detected: 29.4 Hz
2026-05-01T18:52:57.601 [WARNING ] pump_01: Vibration spike detected: 90.9 Hz
2026-05-01T18:52:57.852 [ERROR   ] conveyor_04: Sensor read FAILED — register 0x0003 timeout
2026-05-01T18:52:58.103 [ERROR   ] valve_05: Sensor read FAILED — register 0x0003 timeout
2026-05-01T18:52:58.354 [INFO    ] motor_02: Temperature within normal range: 119.7°C
2026-05-01T18:52:58.604 [INFO    ] valve_05: Sensor read cycle complete
2026-05-01T18:52:58.855 [INFO    ] valve_05: System heartbeat OK
2026-05-01T18:52:59.105 [INFO    ] motor_02: System heartbeat OK
2026-05-01T18:52:59.356 [ERROR   ] valve_05: Communication error: CRC mismatch
2026-05-01T18:52:59.607 [CRITICAL] conveyor_04: EMERGENCY STOP triggered — safety interlock activated
2026-05-01T18:52:59.858 [INFO    ] motor_02: Sensor read cycle complete
2026-05-01T18:53:00.109 [INFO    ] valve_05: Temperature within normal range: 36.5°C
2026-05-01T18:53:00.360 [INFO    ] compressor_03: Connection alive
2026-05-01T18:53:00.611 [INFO    ] pump_01: Pressure normal: 14.50 bar
2026-05-01T18:53:00.862 [INFO    ] conveyor_04: Connection alive
2026-05-01T18:53:01.116 [INFO    ] pump_01: Connection alive
2026-05-01T18:53:01.366 [INFO    ] conveyor_04: RPM stable at 46
2026-05-01T18:53:01.617 [INFO    ] compressor_03: RPM stable at 102
2026-05-01T18:53:01.868 [ERROR   ] motor_02: Over-temperature limit exceeded: 119.7°C
2026-05-01T18:53:02.119 [INFO    ] compressor_03: System heartbeat OK
2026-05-01T18:53:02.370 [INFO    ] motor_02: Pressure normal: 82.39 bar
2026-05-01T18:53:02.620 [INFO    ] motor_02: Sensor read cycle complete
2026-05-01T18:53:02.874 [INFO    ] valve_05: RPM stable at 15
2026-05-01T18:53:03.125 [INFO    ] valve_05: RPM stable at 58
2026-05-01T18:53:03.376 [WARNING ] conveyor_04: Retry attempt 81 for register 0x0002
2026-05-01T18:53:03.626 [INFO    ] conveyor_04: RPM stable at 62
2026-05-01T18:53:03.877 [INFO    ] compressor_03: RPM stable at 42
2026-05-01T18:53:04.127 [INFO    ] motor_02: Pressure normal: 42.90 bar
2026-05-01T18:53:04.378 [INFO    ] conveyor_04: Sensor read cycle complete
2026-05-01T18:53:04.629 [WARNING ] conveyor_04: Buffer utilisation at 81%
2026-05-01T18:53:04.879 [INFO    ] pump_01: Temperature within normal range: 60.7°C
2026-05-01T18:53:05.130 [INFO    ] valve_05: RPM stable at 64
2026-05-01T18:53:05.381 [INFO    ] motor_02: Temperature within normal range: 93.6°C
2026-05-01T18:53:05.631 [INFO    ] motor_02: Sensor read cycle complete
2026-05-01T18:53:05.882 [WARNING ] valve_05: Retry attempt 38 for register 0x0002
2026-05-01T18:53:06.133 [INFO    ] valve_05: Connection alive
2026-05-01T18:53:06.384 [INFO    ] compressor_03: Pressure normal: 107.13 bar
2026-05-01T18:53:06.635 [WARNING ] conveyor_04: Vibration spike detected: 59.8 Hz
2026-05-01T18:53:06.886 [INFO    ] pump_01: Sensor read cycle complete
2026-05-01T18:53:07.138 [CRITICAL] motor_02: Catastrophic vibration: 34.6 Hz — shutting down
2026-05-01T18:53:07.389 [WARNING ] conveyor_04: Temperature elevated: 65.5°C — threshold 75°C
2026-05-01T18:53:07.639 [CRITICAL] valve_05: Catastrophic vibration: 87.9 Hz — shutting down
2026-05-01T18:53:07.889 [INFO    ] motor_02: Sensor read cycle complete
2026-05-01T18:53:08.143 [INFO    ] pump_01: Temperature within normal range: 113.6°C
2026-05-01T18:53:08.394 [INFO    ] motor_02: System heartbeat OK
2026-05-01T18:53:08.645 [INFO    ] motor_02: Temperature within normal range: 77.3°C
2026-05-01T18:53:08.895 [INFO    ] valve_05: Sensor read cycle complete
2026-05-01T18:53:09.146 [INFO    ] valve_05: Connection alive
2026-05-01T18:53:09.397 [INFO    ] motor_02: Temperature within normal range: 88.0°C
2026-05-01T18:53:09.647 [CRITICAL] compressor_03: Catastrophic vibration: 46.7 Hz — shutting down
2026-05-01T18:53:09.898 [WARNING ] pump_01: Response latency high: 72ms
2026-05-01T18:53:10.149 [INFO    ] pump_01: Connection alive
2026-05-01T18:53:10.401 [WARNING ] motor_02: Response latency high: 82ms
2026-05-01T18:53:10.652 [INFO    ] pump_01: Pressure normal: 87.68 bar
2026-05-01T18:53:10.903 [INFO    ] compressor_03: Pressure normal: 28.51 bar
2026-05-01T18:53:11.153 [ERROR   ] conveyor_04: Motor stall detected — RPM dropped to 109
2026-05-01T18:53:11.404 [ERROR   ] motor_02: Communication error: CRC mismatch
2026-05-01T18:53:11.654 [WARNING ] conveyor_04: Retry attempt 56 for register 0x0002
2026-05-01T18:53:11.908 [INFO    ] conveyor_04: Pressure normal: 73.51 bar
2026-05-01T18:53:12.158 [WARNING ] valve_05: Buffer utilisation at 101%
2026-05-01T18:53:12.409 [INFO    ] valve_05: Pressure normal: 48.74 bar
2026-05-01T18:53:12.660 [INFO    ] valve_05: Sensor read cycle complete
2026-05-01T18:53:12.914 [INFO    ] compressor_03: Connection alive
2026-05-01T18:53:13.165 [WARNING ] compressor_03: Vibration spike detected: 106.1 Hz
2026-05-01T18:53:13.421 [INFO    ] conveyor_04: System heartbeat OK
2026-05-01T18:53:13.672 [INFO    ] conveyor_04: System heartbeat OK
2026-05-01T18:53:13.923 [INFO    ] conveyor_04: Sensor read cycle complete
2026-05-01T18:53:14.174 [ERROR   ] pump_01: Motor stall detected — RPM dropped to 90
2026-05-01T18:53:14.427 [INFO    ] motor_02: Temperature within normal range: 51.8°C
2026-05-01T18:53:14.679 [INFO    ] motor_02: Temperature within normal range: 55.4°C
2026-05-01T18:53:14.931 [INFO    ] pump_01: Connection alive
2026-05-01T18:53:15.181 [INFO    ] conveyor_04: System heartbeat OK
2026-05-01T18:53:15.432 [INFO    ] conveyor_04: Sensor read cycle complete
2026-05-01T18:53:15.683 [ERROR   ] pump_01: Motor stall detected — RPM dropped to 107
2026-05-01T18:53:15.933 [INFO    ] valve_05: Temperature within normal range: 40.9°C
2026-05-01T18:53:16.184 [INFO    ] pump_01: Pressure normal: 83.33 bar
2026-05-01T18:53:16.435 [INFO    ] pump_01: Connection alive
2026-05-01T18:53:16.686 [INFO    ] compressor_03: RPM stable at 44
2026-05-01T18:53:16.937 [CRITICAL] compressor_03: EMERGENCY STOP triggered — safety interlock activated
2026-05-01T18:53:17.188 [CRITICAL] motor_02: Power supply failure detected
2026-05-01T18:53:17.439 [WARNING ] motor_02: Temperature elevated: 108.5°C — threshold 75°C
2026-05-01T18:53:17.689 [INFO    ] conveyor_04: Sensor read cycle complete
2026-05-01T18:53:17.940 [INFO    ] conveyor_04: Connection alive
2026-05-01T18:53:18.190 [WARNING ] compressor_03: Buffer utilisation at 63%
2026-05-01T18:53:18.441 [INFO    ] pump_01: Temperature within normal range: 33.8°C
2026-05-01T18:53:18.693 [INFO    ] compressor_03: Sensor read cycle complete
2026-05-01T18:53:18.944 [INFO    ] pump_01: Temperature within normal range: 70.4°C
2026-05-01T18:53:19.195 [ERROR   ] compressor_03: Sensor read FAILED — register 0x0003 timeout
2026-05-01T18:53:19.446 [ERROR   ] motor_02: Sensor read FAILED — register 0x0003 timeout
2026-05-01T18:53:19.697 [INFO    ] pump_01: Temperature within normal range: 16.2°C
2026-05-01T18:53:19.947 [INFO    ] pump_01: Temperature within normal range: 50.1°C
2026-05-01T18:53:20.198 [ERROR   ] conveyor_04: Motor stall detected — RPM dropped to 105
2026-05-01T18:53:20.450 [ERROR   ] pump_01: Communication error: CRC mismatch
2026-05-01T18:53:20.702 [CRITICAL] motor_02: Catastrophic vibration: 80.7 Hz — shutting down
2026-05-01T18:53:20.954 [INFO    ] conveyor_04: Sensor read cycle complete
2026-05-01T18:53:21.204 [WARNING ] conveyor_04: Vibration spike detected: 106.5 Hz
2026-05-01T18:53:21.455 [INFO    ] pump_01: System heartbeat OK
2026-05-01T18:53:21.705 [INFO    ] compressor_03: Connection alive
2026-05-01T18:53:21.956 [ERROR   ] motor_02: Sensor read FAILED — register 0x0003 timeout
2026-05-01T18:53:22.207 [WARNING ] pump_01: Vibration spike detected: 104.0 Hz
2026-05-01T18:53:22.458 [INFO    ] compressor_03: Connection alive
2026-05-01T18:53:22.710 [INFO    ] compressor_03: Pressure normal: 93.62 bar
2026-05-01T18:53:22.961 [WARNING ] pump_01: Buffer utilisation at 82%
2026-05-01T18:53:23.212 [WARNING ] compressor_03: Buffer utilisation at 67%
2026-05-01T18:53:23.462 [WARNING ] motor_02: Temperature elevated: 69.9°C — threshold 75°C
2026-05-01T18:53:23.713 [INFO    ] valve_05: Pressure normal: 58.81 bar
2026-05-01T18:53:23.964 [CRITICAL] motor_02: Catastrophic vibration: 106.5 Hz — shutting down
2026-05-01T18:53:24.214 [WARNING ] compressor_03: Retry attempt 98 for register 0x0002
2026-05-01T18:53:24.466 [INFO    ] compressor_03: Connection alive
2026-05-01T18:53:24.717 [WARNING ] valve_05: Vibration spike detected: 92.3 Hz
2026-05-01T18:53:24.967 [INFO    ] conveyor_04: RPM stable at 99
2026-05-01T18:53:25.224 [INFO    ] pump_01: RPM stable at 98
2026-05-01T18:53:25.475 [CRITICAL] compressor_03: Catastrophic vibration: 12.0 Hz — shutting down
2026-05-01T18:53:25.726 [ERROR   ] valve_05: Sensor read FAILED — register 0x0003 timeout
2026-05-01T18:53:25.983 [INFO    ] compressor_03: Temperature within normal range: 72.5°C
2026-05-01T18:53:26.233 [WARNING ] compressor_03: Buffer utilisation at 100%
2026-05-01T18:53:26.484 [WARNING ] conveyor_04: Vibration spike detected: 39.2 Hz
2026-05-01T18:53:26.735 [CRITICAL] pump_01: Power supply failure detected
2026-05-01T18:53:26.986 [INFO    ] valve_05: Temperature within normal range: 24.2°C
2026-05-01T18:53:27.236 [WARNING ] conveyor_04: Buffer utilisation at 119%
2026-05-01T18:53:27.490 [INFO    ] conveyor_04: Pressure normal: 67.98 bar
2026-05-01T18:53:27.741 [CRITICAL] compressor_03: Catastrophic vibration: 85.3 Hz — shutting down
2026-05-01T18:53:27.993 [INFO    ] compressor_03: Temperature within normal range: 25.6°C
2026-05-01T18:53:28.244 [INFO    ] pump_01: RPM stable at 108
2026-05-01T18:53:28.495 [WARNING ] motor_02: Temperature elevated: 82.4°C — threshold 75°C
2026-05-01T18:53:28.745 [INFO    ] pump_01: Temperature within normal range: 105.6°C
2026-05-01T18:53:28.996 [INFO    ] valve_05: System heartbeat OK
2026-05-01T18:53:29.247 [INFO    ] conveyor_04: Sensor read cycle complete
2026-05-01T18:53:29.498 [WARNING ] valve_05: Buffer utilisation at 96%
2026-05-01T18:53:29.751 [CRITICAL] motor_02: EMERGENCY STOP triggered — safety interlock activated
2026-05-01T18:53:30.003 [CRITICAL] compressor_03: Power supply failure detected
2026-05-01T18:53:30.254 [INFO    ] valve_05: Sensor read cycle complete
2026-05-01T18:53:30.505 [INFO    ] compressor_03: RPM stable at 13
2026-05-01T18:53:30.760 [ERROR   ] motor_02: Communication error: CRC mismatch
2026-05-01T18:53:31.010 [WARNING ] pump_01: Temperature elevated: 37.6°C — threshold 75°C
2026-05-01T18:53:31.261 [INFO    ] conveyor_04: Connection alive
2026-05-01T18:53:31.511 [ERROR   ] pump_01: Communication error: CRC mismatch
2026-05-01T18:53:31.762 [WARNING ] valve_05: Vibration spike detected: 68.3 Hz
2026-05-01T18:53:32.015 [INFO    ] pump_01: RPM stable at 106
2026-05-01T18:53:32.266 [INFO    ] compressor_03: Sensor read cycle complete
2026-05-01T18:53:32.517 [WARNING ] motor_02: Retry attempt 77 for register 0x0002
2026-05-01T18:53:32.767 [INFO    ] motor_02: Temperature within normal range: 100.1°C
2026-05-01T18:53:33.018 [WARNING ] motor_02: Retry attempt 18 for register 0x0002
2026-05-01T18:53:33.270 [INFO    ] conveyor_04: Temperature within normal range: 92.7°C
2026-05-01T18:53:33.529 [CRITICAL] conveyor_04: Catastrophic vibration: 93.9 Hz — shutting down
2026-05-01T18:53:33.789 [WARNING ] motor_02: Temperature elevated: 24.2°C — threshold 75°C
2026-05-01T18:53:34.039 [INFO    ] valve_05: Pressure normal: 91.94 bar
2026-05-01T18:53:34.290 [WARNING ] conveyor_04: Retry attempt 118 for register 0x0002
2026-05-01T18:53:34.546 [CRITICAL] pump_01: Power supply failure detected
2026-05-01T18:53:34.798 [INFO    ] conveyor_04: Temperature within normal range: 52.6°C
2026-05-01T18:53:35.049 [INFO    ] motor_02: Temperature within normal range: 33.5°C
2026-05-01T18:53:35.299 [INFO    ] conveyor_04: Connection alive
2026-05-01T18:53:35.550 [INFO    ] motor_02: Temperature within normal range: 80.2°C
2026-05-01T18:53:35.801 [WARNING ] compressor_03: Temperature elevated: 88.5°C — threshold 75°C
2026-05-01T18:53:36.057 [INFO    ] compressor_03: System heartbeat OK
2026-05-01T18:53:36.308 [INFO    ] valve_05: Sensor read cycle complete
2026-05-01T18:53:36.559 [INFO    ] valve_05: RPM stable at 63
2026-05-01T18:53:36.810 [INFO    ] motor_02: Temperature within normal range: 55.9°C
2026-05-01T18:53:37.060 [CRITICAL] conveyor_04: Power supply failure detected
2026-05-01T18:53:37.311 [INFO    ] motor_02: RPM stable at 20
2026-05-01T18:53:37.562 [WARNING ] conveyor_04: Retry attempt 88 for register 0x0002
2026-05-01T18:53:37.813 [INFO    ] pump_01: System heartbeat OK
2026-05-01T18:53:38.064 [INFO    ] compressor_03: Temperature within normal range: 88.3°C
2026-05-01T18:53:38.325 [INFO    ] compressor_03: Temperature within normal range: 44.5°C
2026-05-01T18:53:38.576 [INFO    ] motor_02: Connection alive
2026-05-01T18:53:38.828 [WARNING ] conveyor_04: Response latency high: 36ms
2026-05-01T18:53:39.078 [INFO    ] pump_01: System heartbeat OK
2026-05-01T18:53:39.329 [INFO    ] valve_05: Connection alive
2026-05-01T18:53:39.579 [INFO    ] motor_02: System heartbeat OK
2026-05-01T18:53:39.830 [INFO    ] motor_02: Temperature within normal range: 43.5°C
2026-05-01T18:53:40.081 [INFO    ] motor_02: Temperature within normal range: 39.1°C
2026-05-01T18:53:40.331 [INFO    ] compressor_03: Pressure normal: 111.09 bar
2026-05-01T18:53:40.582 [INFO    ] motor_02: System heartbeat OK
2026-05-01T18:53:40.833 [INFO    ] compressor_03: Connection alive
2026-05-01T18:53:41.084 [WARNING ] pump_01: Retry attempt 75 for register 0x0002
2026-05-01T18:53:41.335 [INFO    ] compressor_03: Temperature within normal range: 37.3°C
2026-05-01T18:53:41.585 [ERROR   ] pump_01: Over-temperature limit exceeded: 68.4°C
2026-05-01T18:53:41.837 [INFO    ] motor_02: Connection alive
2026-05-01T18:53:42.088 [WARNING ] pump_01: Buffer utilisation at 118%
2026-05-01T18:53:42.338 [INFO    ] compressor_03: System heartbeat OK
2026-05-01T18:53:42.589 [INFO    ] valve_05: Pressure normal: 41.05 bar
2026-05-01T18:53:42.841 [INFO    ] valve_05: RPM stable at 106
2026-05-01T18:53:43.092 [INFO    ] compressor_03: System heartbeat OK
2026-05-01T18:53:43.344 [INFO    ] pump_01: Connection alive
2026-05-01T18:53:43.595 [INFO    ] pump_01: Temperature within normal range: 101.8°C
2026-05-01T18:53:43.846 [INFO    ] pump_01: Temperature within normal range: 82.0°C
2026-05-01T18:53:44.096 [ERROR   ] valve_05: Communication error: CRC mismatch
2026-05-01T18:53:44.347 [INFO    ] pump_01: Connection alive
2026-05-01T18:53:44.598 [INFO    ] valve_05: Sensor read cycle complete
2026-05-01T18:53:44.850 [INFO    ] motor_02: Sensor read cycle complete
2026-05-01T18:53:45.123 [WARNING ] valve_05: Vibration spike detected: 75.0 Hz
2026-05-01T18:53:45.373 [INFO    ] compressor_03: Sensor read cycle complete
2026-05-01T18:53:45.629 [INFO    ] valve_05: RPM stable at 31
2026-05-01T18:53:45.880 [CRITICAL] motor_02: Catastrophic vibration: 40.0 Hz — shutting down
2026-05-01T18:53:46.131 [INFO    ] valve_05: System heartbeat OK
2026-05-01T18:53:46.382 [WARNING ] valve_05: Response latency high: 31ms
2026-05-01T18:53:46.633 [INFO    ] compressor_03: Sensor read cycle complete
2026-05-01T18:53:46.884 [INFO    ] pump_01: Pressure normal: 35.49 bar
2026-05-01T18:53:47.140 [ERROR   ] motor_02: Communication error: CRC mismatch
2026-05-01T18:53:47.391 [INFO    ] valve_05: System heartbeat OK
2026-05-01T18:53:47.642 [INFO    ] motor_02: Pressure normal: 93.30 bar
2026-05-01T18:53:47.893 [WARNING ] conveyor_04: Vibration spike detected: 55.5 Hz
2026-05-01T18:53:48.143 [CRITICAL] conveyor_04: EMERGENCY STOP triggered — safety interlock activated
2026-05-01T18:53:48.396 [INFO    ] motor_02: RPM stable at 42
2026-05-01T18:53:48.646 [INFO    ] compressor_03: System heartbeat OK
2026-05-01T18:53:48.907 [WARNING ] conveyor_04: Retry attempt 91 for register 0x0002
2026-05-01T18:53:49.164 [INFO    ] motor_02: Connection alive
2026-05-01T18:53:49.415 [INFO    ] compressor_03: RPM stable at 114
2026-05-01T18:53:49.666 [INFO    ] valve_05: RPM stable at 108
2026-05-01T18:53:49.917 [INFO    ] pump_01: RPM stable at 92
2026-05-01T18:53:50.168 [INFO    ] valve_05: Pressure normal: 11.25 bar
2026-05-01T18:53:50.419 [INFO    ] motor_02: System heartbeat OK
2026-05-01T18:53:50.669 [WARNING ] pump_01: Temperature elevated: 80.1°C — threshold 75°C
2026-05-01T18:53:50.922 [INFO    ] pump_01: Connection alive
2026-05-01T18:53:51.175 [INFO    ] pump_01: Temperature within normal range: 101.8°C
2026-05-01T18:53:51.425 [ERROR   ] motor_02: Over-temperature limit exceeded: 53.7°C
2026-05-01T18:53:51.676 [INFO    ] pump_01: Temperature within normal range: 48.9°C
2026-05-01T18:53:51.927 [INFO    ] compressor_03: System heartbeat OK
2026-05-01T18:53:52.177 [INFO    ] valve_05: Temperature within normal range: 26.1°C
2026-05-01T18:53:52.428 [INFO    ] valve_05: RPM stable at 102
2026-05-01T18:53:52.680 [INFO    ] valve_05: Sensor read cycle complete
2026-05-01T18:53:52.931 [INFO    ] motor_02: Sensor read cycle complete
2026-05-01T18:53:53.182 [INFO    ] motor_02: Temperature within normal range: 63.0°C
2026-05-01T18:53:53.433 [WARNING ] motor_02: Retry attempt 57 for register 0x0002
2026-05-01T18:53:53.684 [INFO    ] conveyor_04: Connection alive
2026-05-01T18:53:53.935 [INFO    ] motor_02: Connection alive
2026-05-01T18:53:54.187 [WARNING ] valve_05: Retry attempt 109 for register 0x0002
2026-05-01T18:53:54.439 [INFO    ] compressor_03: Sensor read cycle complete
2026-05-01T18:53:54.693 [INFO    ] compressor_03: Connection alive
2026-05-01T18:53:54.944 [INFO    ] conveyor_04: Pressure normal: 59.57 bar
2026-05-01T18:53:55.196 [ERROR   ] pump_01: Sensor read FAILED — register 0x0003 timeout
2026-05-01T18:53:55.447 [INFO    ] valve_05: Sensor read cycle complete
2026-05-01T18:53:55.698 [WARNING ] conveyor_04: Buffer utilisation at 114%
2026-05-01T18:53:55.948 [INFO    ] valve_05: Connection alive
2026-05-01T18:53:56.201 [INFO    ] valve_05: Sensor read cycle complete
2026-05-01T18:53:56.451 [INFO    ] compressor_03: Temperature within normal range: 100.9°C
2026-05-01T18:53:56.703 [INFO    ] pump_01: System heartbeat OK
2026-05-01T18:53:56.955 [WARNING ] valve_05: Retry attempt 63 for register 0x0002
2026-05-01T18:53:57.221 [CRITICAL] motor_02: EMERGENCY STOP triggered — safety interlock activated
2026-05-01T18:53:57.472 [INFO    ] conveyor_04: Pressure normal: 11.87 bar
2026-05-01T18:53:57.724 [INFO    ] compressor_03: System heartbeat OK
2026-05-01T18:53:57.975 [INFO    ] motor_02: Pressure normal: 117.55 bar
2026-05-01T18:53:58.226 [WARNING ] pump_01: Retry attempt 87 for register 0x0002
2026-05-01T18:53:58.483 [INFO    ] pump_01: System heartbeat OK
2026-05-01T18:53:58.734 [INFO    ] motor_02: Pressure normal: 15.15 bar
2026-05-01T18:53:58.987 [INFO    ] valve_05: Temperature within normal range: 14.2°C
2026-05-01T18:53:59.240 [WARNING ] motor_02: Retry attempt 69 for register 0x0002
2026-05-01T18:53:59.491 [WARNING ] motor_02: Vibration spike detected: 77.8 Hz
2026-05-01T18:53:59.742 [CRITICAL] motor_02: EMERGENCY STOP triggered — safety interlock activated
2026-05-01T18:53:59.994 [ERROR   ] motor_02: Motor stall detected — RPM dropped to 51
2026-05-01T18:54:00.245 [INFO    ] compressor_03: Sensor read cycle complete
2026-05-01T18:54:00.496 [INFO    ] valve_05: Connection alive
2026-05-01T18:54:00.752 [INFO    ] conveyor_04: Sensor read cycle complete
2026-05-01T18:54:01.004 [INFO    ] conveyor_04: Pressure normal: 55.91 bar
2026-05-01T18:54:01.255 [CRITICAL] pump_01: Catastrophic vibration: 110.5 Hz — shutting down
2026-05-01T18:54:01.505 [INFO    ] compressor_03: Temperature within normal range: 44.8°C
2026-05-01T18:54:01.756 [INFO    ] compressor_03: Pressure normal: 73.42 bar
2026-05-01T18:54:02.006 [INFO    ] pump_01: Temperature within normal range: 78.1°C
2026-05-01T18:54:02.270 [INFO    ] conveyor_04: RPM stable at 10
2026-05-01T18:54:02.521 [INFO    ] valve_05: Connection alive
2026-05-01T18:54:02.772 [WARNING ] compressor_03: Retry attempt 107 for register 0x0002
2026-05-01T18:54:03.024 [INFO    ] pump_01: System heartbeat OK
2026-05-01T18:54:03.275 [WARNING ] pump_01: Temperature elevated: 48.7°C — threshold 75°C
2026-05-01T18:54:03.526 [INFO    ] valve_05: Connection alive
2026-05-01T18:54:03.777 [WARNING ] conveyor_04: Buffer utilisation at 27%
2026-05-01T18:54:04.028 [ERROR   ] compressor_03: Sensor read FAILED — register 0x0003 timeout
2026-05-01T18:54:04.279 [INFO    ] compressor_03: System heartbeat OK
2026-05-01T18:54:04.529 [INFO    ] motor_02: Pressure normal: 116.57 bar
2026-05-01T18:54:04.780 [INFO    ] pump_01: Temperature within normal range: 30.5°C
2026-05-01T18:54:05.031 [ERROR   ] valve_05: Over-temperature limit exceeded: 77.9°C
2026-05-01T18:54:05.283 [CRITICAL] valve_05: EMERGENCY STOP triggered — safety interlock activated
2026-05-01T18:54:05.535 [INFO    ] conveyor_04: System heartbeat OK
2026-05-01T18:54:05.785 [INFO    ] pump_01: Pressure normal: 62.72 bar
2026-05-01T18:54:06.037 [INFO    ] conveyor_04: Sensor read cycle complete
2026-05-01T18:54:06.291 [WARNING ] motor_02: Buffer utilisation at 87%
2026-05-01T18:54:06.550 [INFO    ] conveyor_04: System heartbeat OK
2026-05-01T18:54:06.806 [INFO    ] pump_01: Pressure normal: 46.53 bar
2026-05-01T18:54:07.059 [INFO    ] valve_05: RPM stable at 45
2026-05-01T18:54:07.311 [INFO    ] motor_02: System heartbeat OK
2026-05-01T18:54:07.562 [INFO    ] motor_02: Pressure normal: 54.16 bar
2026-05-01T18:54:07.813 [INFO    ] compressor_03: Pressure normal: 84.77 bar
2026-05-01T18:54:08.064 [INFO    ] conveyor_04: Connection alive
2026-05-01T18:54:08.317 [INFO    ] valve_05: Temperature within normal range: 53.9°C
2026-05-01T18:54:08.568 [INFO    ] conveyor_04: System heartbeat OK
2026-05-01T18:54:08.819 [INFO    ] motor_02: Connection alive
2026-05-01T18:54:09.070 [INFO    ] pump_01: RPM stable at 38
2026-05-01T18:54:09.320 [INFO    ] motor_02: System heartbeat OK
2026-05-01T18:54:09.571 [INFO    ] pump_01: System heartbeat OK
2026-05-01T18:54:09.822 [INFO    ] motor_02: Temperature within normal range: 97.0°C
2026-05-01T18:54:10.073 [ERROR   ] motor_02: Over-temperature limit exceeded: 73.4°C
2026-05-01T18:54:10.324 [WARNING ] compressor_03: Temperature elevated: 111.4°C — threshold 75°C
2026-05-01T18:54:10.575 [ERROR   ] valve_05: Sensor read FAILED — register 0x0003 timeout
2026-05-01T18:54:10.825 [ERROR   ] valve_05: Over-temperature limit exceeded: 119.1°C
2026-05-01T18:54:11.076 [WARNING ] pump_01: Retry attempt 68 for register 0x0002
2026-05-01T18:54:11.327 [INFO    ] compressor_03: Sensor read cycle complete
2026-05-01T18:54:11.578 [WARNING ] motor_02: Buffer utilisation at 99%
2026-05-01T18:54:11.828 [INFO    ] motor_02: Connection alive
2026-05-01T18:54:12.079 [CRITICAL] pump_01: EMERGENCY STOP triggered — safety interlock activated
2026-05-01T18:54:12.329 [INFO    ] motor_02: Sensor read cycle complete
2026-05-01T18:54:12.580 [INFO    ] conveyor_04: Sensor read cycle complete
2026-05-01T18:54:12.831 [INFO    ] valve_05: Pressure normal: 119.94 bar
2026-05-01T18:54:13.081 [INFO    ] pump_01: System heartbeat OK
2026-05-01T18:54:13.332 [INFO    ] valve_05: RPM stable at 114
2026-05-01T18:54:13.583 [INFO    ] pump_01: System heartbeat OK
2026-05-01T18:54:13.833 [INFO    ] valve_05: RPM stable at 24
2026-05-01T18:54:14.084 [INFO    ] compressor_03: System heartbeat OK
2026-05-01T18:54:14.334 [WARNING ] motor_02: Vibration spike detected: 50.4 Hz
2026-05-01T18:54:14.586 [ERROR   ] pump_01: Motor stall detected — RPM dropped to 74
2026-05-01T18:54:14.836 [INFO    ] valve_05: Connection alive
2026-05-01T18:54:15.087 [WARNING ] motor_02: Retry attempt 88 for register 0x0002
2026-05-01T18:54:15.338 [INFO    ] pump_01: Sensor read cycle complete
2026-05-01T18:54:15.589 [INFO    ] motor_02: System heartbeat OK
2026-05-01T18:54:15.839 [WARNING ] valve_05: Response latency high: 49ms
2026-05-01T18:54:16.090 [CRITICAL] valve_05: Power supply failure detected
2026-05-01T18:54:16.340 [INFO    ] compressor_03: RPM stable at 41
2026-05-01T18:54:16.591 [INFO    ] conveyor_04: System heartbeat OK
2026-05-01T18:54:16.842 [INFO    ] motor_02: Sensor read cycle complete
2026-05-01T18:54:17.093 [INFO    ] pump_01: Connection alive
2026-05-01T18:54:17.344 [WARNING ] motor_02: Retry attempt 54 for register 0x0002
2026-05-01T18:54:17.594 [INFO    ] motor_02: Connection alive
2026-05-01T18:54:17.845 [INFO    ] motor_02: Sensor read cycle complete
2026-05-01T18:54:18.096 [WARNING ] conveyor_04: Temperature elevated: 16.3°C — threshold 75°C
2026-05-01T18:54:18.347 [INFO    ] pump_01: Connection alive
2026-05-01T18:54:18.603 [INFO    ] compressor_03: Pressure normal: 101.36 bar
2026-05-01T18:54:18.854 [INFO    ] conveyor_04: Pressure normal: 103.75 bar
2026-05-01T18:54:19.107 [WARNING ] conveyor_04: Vibration spike detected: 12.4 Hz
2026-05-01T18:54:19.358 [WARNING ] pump_01: Buffer utilisation at 80%
2026-05-01T18:54:19.609 [ERROR   ] valve_05: Communication error: CRC mismatch
2026-05-01T18:54:19.859 [WARNING ] motor_02: Buffer utilisation at 85%
2026-05-01T18:54:20.113 [INFO    ] conveyor_04: RPM stable at 28
2026-05-01T18:54:20.363 [WARNING ] motor_02: Retry attempt 33 for register 0x0002
2026-05-01T18:54:20.615 [ERROR   ] motor_02: Communication error: CRC mismatch
2026-05-01T18:54:20.868 [INFO    ] conveyor_04: Connection alive
2026-05-01T18:54:21.124 [INFO    ] compressor_03: Connection alive
2026-05-01T18:54:21.374 [INFO    ] valve_05: System heartbeat OK
2026-05-01T18:54:21.626 [INFO    ] motor_02: Connection alive
2026-05-01T18:54:21.877 [INFO    ] valve_05: Sensor read cycle complete
2026-05-01T18:54:22.127 [CRITICAL] conveyor_04: Catastrophic vibration: 105.8 Hz — shutting down
2026-05-01T18:54:22.378 [INFO    ] conveyor_04: Pressure normal: 23.02 bar
2026-05-01T18:54:22.629 [CRITICAL] compressor_03: EMERGENCY STOP triggered — safety interlock activated
2026-05-01T18:54:22.879 [WARNING ] conveyor_04: Retry attempt 91 for register 0x0002
2026-05-01T18:54:23.130 [ERROR   ] motor_02: Sensor read FAILED — register 0x0003 timeout
2026-05-01T18:54:23.381 [INFO    ] conveyor_04: Connection alive
2026-05-01T18:54:23.631 [CRITICAL] compressor_03: Catastrophic vibration: 42.2 Hz — shutting down
2026-05-01T18:54:23.882 [INFO    ] valve_05: Connection alive
2026-05-01T18:54:24.134 [WARNING ] valve_05: Retry attempt 113 for register 0x0002
2026-05-01T18:54:24.385 [INFO    ] valve_05: RPM stable at 70
2026-05-01T18:54:24.636 [WARNING ] conveyor_04: Buffer utilisation at 65%
2026-05-01T18:54:24.886 [WARNING ] motor_02: Buffer utilisation at 14%
2026-05-01T18:54:25.137 [WARNING ] motor_02: Retry attempt 100 for register 0x0002
2026-05-01T18:54:25.388 [CRITICAL] conveyor_04: EMERGENCY STOP triggered — safety interlock activated
2026-05-01T18:54:25.642 [INFO    ] conveyor_04: Pressure normal: 24.55 bar
2026-05-01T18:54:25.893 [INFO    ] compressor_03: RPM stable at 20
2026-05-01T18:54:26.144 [WARNING ] pump_01: Retry attempt 35 for register 0x0002
2026-05-01T18:54:26.395 [INFO    ] conveyor_04: Temperature within normal range: 84.0°C
2026-05-01T18:54:26.646 [INFO    ] pump_01: Connection alive
2026-05-01T18:54:26.897 [INFO    ] pump_01: Connection alive
2026-05-01T18:54:27.147 [WARNING ] conveyor_04: Vibration spike detected: 79.0 Hz
2026-05-01T18:54:27.399 [INFO    ] valve_05: RPM stable at 118
2026-05-01T18:54:27.650 [INFO    ] conveyor_04: Connection alive
2026-05-01T18:54:27.900 [ERROR   ] valve_05: Communication error: CRC mismatch
2026-05-01T18:54:28.151 [INFO    ] valve_05: Temperature within normal range: 86.6°C
2026-05-01T18:54:28.402 [INFO    ] compressor_03: Pressure normal: 101.04 bar
2026-05-01T18:54:28.653 [INFO    ] motor_02: Pressure normal: 116.06 bar
2026-05-01T18:54:28.905 [INFO    ] compressor_03: Connection alive
2026-05-01T18:54:29.156 [ERROR   ] conveyor_04: Sensor read FAILED — register 0x0003 timeout
2026-05-01T18:54:29.406 [WARNING ] compressor_03: Retry attempt 36 for register 0x0002
2026-05-01T18:54:29.658 [ERROR   ] conveyor_04: Over-temperature limit exceeded: 18.9°C
2026-05-01T18:54:29.909 [INFO    ] conveyor_04: Sensor read cycle complete
2026-05-01T18:54:30.160 [INFO    ] valve_05: Pressure normal: 69.50 bar
2026-05-01T18:54:30.410 [INFO    ] valve_05: Connection alive
2026-05-01T18:54:30.661 [WARNING ] compressor_03: Retry attempt 25 for register 0x0002
2026-05-01T18:54:30.912 [INFO    ] valve_05: Sensor read cycle complete
2026-05-01T18:54:31.162 [ERROR   ] conveyor_04: Sensor read FAILED — register 0x0003 timeout
2026-05-01T18:54:31.413 [WARNING ] conveyor_04: Temperature elevated: 25.0°C — threshold 75°C
2026-05-01T18:54:31.664 [WARNING ] pump_01: Response latency high: 96ms
2026-05-01T18:54:31.918 [CRITICAL] motor_02: EMERGENCY STOP triggered — safety interlock activated
2026-05-01T18:54:32.168 [INFO    ] valve_05: Pressure normal: 52.34 bar
2026-05-01T18:54:32.422 [CRITICAL] conveyor_04: Power supply failure detected
2026-05-01T18:54:32.672 [INFO    ] motor_02: RPM stable at 110
2026-05-01T18:54:32.923 [INFO    ] compressor_03: RPM stable at 111
2026-05-01T18:54:33.174 [CRITICAL] pump_01: Catastrophic vibration: 95.9 Hz — shutting down
2026-05-01T18:54:33.425 [WARNING ] valve_05: Retry attempt 30 for register 0x0002
2026-05-01T18:54:33.675 [WARNING ] compressor_03: Retry attempt 98 for register 0x0002
2026-05-01T18:54:33.926 [INFO    ] pump_01: Pressure normal: 37.01 bar
2026-05-01T18:54:34.177 [INFO    ] valve_05: Connection alive
2026-05-01T18:54:34.428 [ERROR   ] compressor_03: Over-temperature limit exceeded: 89.9°C
2026-05-01T18:54:34.678 [WARNING ] motor_02: Buffer utilisation at 56%
2026-05-01T18:54:34.929 [INFO    ] conveyor_04: RPM stable at 83
2026-05-01T18:54:35.180 [INFO    ] pump_01: Temperature within normal range: 54.5°C
2026-05-01T18:54:35.430 [ERROR   ] valve_05: Over-temperature limit exceeded: 65.1°C
2026-05-01T18:54:35.684 [INFO    ] motor_02: Pressure normal: 43.54 bar
2026-05-01T18:54:35.935 [INFO    ] pump_01: RPM stable at 116
2026-05-01T18:54:36.185 [INFO    ] motor_02: Pressure normal: 109.75 bar
2026-05-01T18:54:36.436 [INFO    ] conveyor_04: Connection alive
2026-05-01T18:54:36.686 [INFO    ] conveyor_04: Sensor read cycle complete
2026-05-01T18:54:36.937 [INFO    ] conveyor_04: Sensor read cycle complete
2026-05-01T18:54:37.187 [CRITICAL] conveyor_04: Power supply failure detected
2026-05-01T18:54:37.438 [INFO    ] valve_05: Temperature within normal range: 105.9°C
2026-05-01T18:54:37.689 [CRITICAL] conveyor_04: EMERGENCY STOP triggered — safety interlock activated
2026-05-01T18:54:37.940 [INFO    ] conveyor_04: Pressure normal: 16.02 bar
2026-05-01T18:54:38.190 [WARNING ] valve_05: Vibration spike detected: 115.8 Hz
2026-05-01T18:54:38.441 [ERROR   ] conveyor_04: Motor stall detected — RPM dropped to 43
2026-05-01T18:54:38.693 [INFO    ] motor_02: Connection alive
2026-05-01T18:54:38.944 [INFO    ] conveyor_04: RPM stable at 77
2026-05-01T18:54:39.194 [WARNING ] conveyor_04: Response latency high: 83ms
2026-05-01T18:54:39.445 [WARNING ] motor_02: Response latency high: 109ms
2026-05-01T18:54:39.695 [INFO    ] pump_01: Sensor read cycle complete
2026-05-01T18:54:39.947 [CRITICAL] motor_02: Power supply failure detected
2026-05-01T18:54:40.197 [WARNING ] pump_01: Temperature elevated: 106.9°C — threshold 75°C
2026-05-01T18:54:40.454 [WARNING ] conveyor_04: Vibration spike detected: 62.8 Hz
2026-05-01T18:54:40.706 [WARNING ] pump_01: Temperature elevated: 55.0°C — threshold 75°C
2026-05-01T18:54:40.957 [ERROR   ] conveyor_04: Motor stall detected — RPM dropped to 79
2026-05-01T18:54:41.208 [INFO    ] pump_01: RPM stable at 31
2026-05-01T18:54:41.459 [CRITICAL] compressor_03: EMERGENCY STOP triggered — safety interlock activated
2026-05-01T18:54:41.709 [INFO    ] motor_02: Connection alive
2026-05-01T18:54:41.961 [INFO    ] valve_05: Sensor read cycle complete
2026-05-01T18:54:42.211 [INFO    ] valve_05: System heartbeat OK
2026-05-01T18:54:42.462 [INFO    ] motor_02: Sensor read cycle complete
2026-05-01T18:54:42.712 [CRITICAL] conveyor_04: EMERGENCY STOP triggered — safety interlock activated
2026-05-01T18:54:42.965 [INFO    ] compressor_03: Sensor read cycle complete
2026-05-01T18:54:43.216 [WARNING ] conveyor_04: Temperature elevated: 100.9°C — threshold 75°C
2026-05-01T18:54:43.466 [WARNING ] motor_02: Retry attempt 110 for register 0x0002
2026-05-01T18:54:43.717 [WARNING ] compressor_03: Retry attempt 50 for register 0x0002
2026-05-01T18:54:43.967 [INFO    ] motor_02: Pressure normal: 28.44 bar
2026-05-01T18:54:44.219 [INFO    ] conveyor_04: RPM stable at 58
2026-05-01T18:54:44.470 [INFO    ] valve_05: RPM stable at 41
2026-05-01T18:54:44.720 [INFO    ] conveyor_04: Sensor read cycle complete
2026-05-01T18:54:44.971 [WARNING ] pump_01: Temperature elevated: 103.0°C — threshold 75°C
2026-05-01T18:54:45.222 [ERROR   ] conveyor_04: Over-temperature limit exceeded: 75.1°C
2026-05-01T18:54:45.472 [INFO    ] motor_02: Pressure normal: 59.91 bar
2026-05-01T18:54:45.735 [WARNING ] valve_05: Temperature elevated: 64.5°C — threshold 75°C
2026-05-01T18:54:45.985 [ERROR   ] pump_01: Over-temperature limit exceeded: 82.7°C
2026-05-01T18:54:46.236 [ERROR   ] valve_05: Communication error: CRC mismatch
2026-05-01T18:54:46.487 [INFO    ] pump_01: Sensor read cycle complete
2026-05-01T18:54:46.738 [WARNING ] compressor_03: Temperature elevated: 109.4°C — threshold 75°C
2026-05-01T18:54:46.989 [INFO    ] compressor_03: Pressure normal: 98.89 bar
2026-05-01T18:54:47.240 [ERROR   ] motor_02: Motor stall detected — RPM dropped to 70
2026-05-01T18:54:47.491 [ERROR   ] compressor_03: Over-temperature limit exceeded: 77.7°C
2026-05-01T18:54:47.742 [CRITICAL] compressor_03: EMERGENCY STOP triggered — safety interlock activated
2026-05-01T18:54:47.993 [WARNING ] compressor_03: Buffer utilisation at 69%
2026-05-01T18:54:48.244 [ERROR   ] motor_02: Sensor read FAILED — register 0x0003 timeout
2026-05-01T18:54:48.494 [ERROR   ] motor_02: Communication error: CRC mismatch
2026-05-01T18:54:48.745 [INFO    ] compressor_03: Connection alive
2026-05-01T18:54:48.996 [WARNING ] compressor_03: Retry attempt 36 for register 0x0002
2026-05-01T18:54:49.247 [INFO    ] valve_05: RPM stable at 72
2026-05-01T18:54:49.498 [INFO    ] pump_01: Temperature within normal range: 119.3°C
2026-05-01T18:54:49.753 [INFO    ] conveyor_04: Connection alive
2026-05-01T18:54:50.015 [ERROR   ] compressor_03: Communication error: CRC mismatch
2026-05-01T18:54:50.274 [INFO    ] motor_02: RPM stable at 37
2026-05-01T18:54:50.549 [INFO    ] motor_02: Sensor read cycle complete
2026-05-01T18:54:50.800 [INFO    ] compressor_03: Temperature within normal range: 31.9°C
2026-05-01T18:54:51.054 [INFO    ] motor_02: Pressure normal: 104.42 bar
2026-05-01T18:54:51.307 [INFO    ] valve_05: Pressure normal: 116.58 bar
2026-05-01T18:54:51.560 [WARNING ] compressor_03: Vibration spike detected: 15.4 Hz
2026-05-01T18:54:51.811 [WARNING ] compressor_03: Temperature elevated: 80.9°C — threshold 75°C
2026-05-01T18:54:52.062 [INFO    ] pump_01: Temperature within normal range: 101.8°C
2026-05-01T18:54:52.314 [INFO    ] conveyor_04: System heartbeat OK
2026-05-01T18:54:52.565 [INFO    ] pump_01: Connection alive
2026-05-01T18:54:52.816 [INFO    ] pump_01: Connection alive
2026-05-01T18:54:53.066 [INFO    ] conveyor_04: System heartbeat OK
2026-05-01T18:54:53.317 [INFO    ] conveyor_04: Connection alive
2026-05-01T18:54:53.567 [INFO    ] compressor_03: Temperature within normal range: 23.6°C
2026-05-01T18:54:53.821 [INFO    ] compressor_03: RPM stable at 89
2026-05-01T18:54:54.073 [ERROR   ] valve_05: Motor stall detected — RPM dropped to 70
2026-05-01T18:54:54.324 [WARNING ] valve_05: Temperature elevated: 10.7°C — threshold 75°C
2026-05-01T18:54:54.575 [INFO    ] pump_01: System heartbeat OK
2026-05-01T18:54:54.825 [ERROR   ] compressor_03: Communication error: CRC mismatch
2026-05-01T18:54:55.076 [INFO    ] motor_02: Pressure normal: 53.74 bar
2026-05-01T18:54:55.326 [ERROR   ] compressor_03: Over-temperature limit exceeded: 12.2°C
2026-05-01T18:54:55.577 [INFO    ] compressor_03: Pressure normal: 98.77 bar
2026-05-01T18:54:55.828 [INFO    ] pump_01: Connection alive
2026-05-01T18:54:56.079 [INFO    ] compressor_03: System heartbeat OK
2026-05-01T18:54:56.329 [INFO    ] pump_01: Pressure normal: 90.02 bar
2026-05-01T18:54:56.580 [WARNING ] compressor_03: Response latency high: 12ms
2026-05-01T18:54:56.831 [WARNING ] pump_01: Temperature elevated: 72.5°C — threshold 75°C
2026-05-01T18:54:57.081 [INFO    ] compressor_03: Sensor read cycle complete
2026-05-01T18:54:57.338 [WARNING ] pump_01: Retry attempt 61 for register 0x0002
2026-05-01T18:54:57.589 [INFO    ] pump_01: Connection alive
2026-05-01T18:54:57.840 [INFO    ] motor_02: RPM stable at 114
2026-05-01T18:54:58.091 [WARNING ] conveyor_04: Temperature elevated: 77.6°C — threshold 75°C
2026-05-01T18:54:58.342 [INFO    ] conveyor_04: RPM stable at 47
2026-05-01T18:54:58.594 [INFO    ] motor_02: System heartbeat OK
2026-05-01T18:54:58.845 [CRITICAL] valve_05: EMERGENCY STOP triggered — safety interlock activated
2026-05-01T18:54:59.097 [CRITICAL] motor_02: Power supply failure detected
2026-05-01T18:54:59.348 [INFO    ] compressor_03: System heartbeat OK
2026-05-01T18:54:59.599 [ERROR   ] motor_02: Motor stall detected — RPM dropped to 106
2026-05-01T18:54:59.849 [INFO    ] valve_05: System heartbeat OK
2026-05-01T18:55:00.100 [CRITICAL] compressor_03: Power supply failure detected
2026-05-01T18:55:00.355 [WARNING ] motor_02: Vibration spike detected: 69.5 Hz
2026-05-01T18:55:00.608 [ERROR   ] valve_05: Communication error: CRC mismatch
2026-05-01T18:55:00.858 [INFO    ] conveyor_04: Connection alive
2026-05-01T18:55:01.110 [ERROR   ] conveyor_04: Over-temperature limit exceeded: 91.8°C
2026-05-01T18:55:01.361 [INFO    ] pump_01: System heartbeat OK
2026-05-01T18:55:01.611 [INFO    ] motor_02: System heartbeat OK
2026-05-01T18:55:01.861 [ERROR   ] compressor_03: Motor stall detected — RPM dropped to 50
2026-05-01T18:55:02.117 [INFO    ] valve_05: Temperature within normal range: 118.6°C
2026-05-01T18:55:02.368 [INFO    ] motor_02: Temperature within normal range: 36.1°C
2026-05-01T18:55:02.619 [WARNING ] pump_01: Retry attempt 75 for register 0x0002
2026-05-01T18:55:02.878 [ERROR   ] conveyor_04: Over-temperature limit exceeded: 108.7°C
2026-05-01T18:55:03.141 [INFO    ] pump_01: Sensor read cycle complete
2026-05-01T18:55:03.395 [INFO    ] valve_05: Pressure normal: 63.99 bar
2026-05-01T18:55:03.646 [WARNING ] conveyor_04: Vibration spike detected: 61.4 Hz
2026-05-01T18:55:03.897 [CRITICAL] compressor_03: EMERGENCY STOP triggered — safety interlock activated
2026-05-01T18:55:04.147 [WARNING ] compressor_03: Temperature elevated: 50.6°C — threshold 75°C
2026-05-01T18:55:04.398 [INFO    ] pump_01: Pressure normal: 11.95 bar
2026-05-01T18:55:04.650 [CRITICAL] compressor_03: EMERGENCY STOP triggered — safety interlock activated
2026-05-01T18:55:04.900 [ERROR   ] compressor_03: Over-temperature limit exceeded: 68.2°C
2026-05-01T18:55:05.151 [INFO    ] conveyor_04: RPM stable at 41
2026-05-01T18:55:05.401 [INFO    ] compressor_03: Sensor read cycle complete
2026-05-01T18:55:05.652 [INFO    ] compressor_03: System heartbeat OK
2026-05-01T18:55:05.902 [WARNING ] valve_05: Buffer utilisation at 109%
2026-05-01T18:55:06.153 [INFO    ] compressor_03: Sensor read cycle complete
2026-05-01T18:55:06.405 [INFO    ] pump_01: Connection alive
2026-05-01T18:55:06.656 [INFO    ] compressor_03: Sensor read cycle complete
2026-05-01T18:55:06.906 [WARNING ] pump_01: Buffer utilisation at 80%
2026-05-01T18:55:07.159 [INFO    ] conveyor_04: RPM stable at 55
2026-05-01T18:55:07.409 [INFO    ] compressor_03: RPM stable at 45
2026-05-01T18:55:07.660 [WARNING ] pump_01: Vibration spike detected: 50.8 Hz
2026-05-01T18:55:07.911 [CRITICAL] valve_05: Power supply failure detected
2026-05-01T18:55:08.161 [INFO    ] valve_05: Temperature within normal range: 112.9°C
2026-05-01T18:55:08.412 [INFO    ] conveyor_04: System heartbeat OK
2026-05-01T18:55:08.664 [WARNING ] compressor_03: Buffer utilisation at 82%
2026-05-01T18:55:08.924 [WARNING ] motor_02: Response latency high: 86ms
2026-05-01T18:55:09.174 [WARNING ] conveyor_04: Temperature elevated: 81.6°C — threshold 75°C
2026-05-01T18:55:09.425 [INFO    ] motor_02: System heartbeat OK
2026-05-01T18:55:09.676 [WARNING ] pump_01: Temperature elevated: 115.0°C — threshold 75°C
2026-05-01T18:55:09.927 [CRITICAL] compressor_03: Catastrophic vibration: 75.0 Hz — shutting down
2026-05-01T18:55:10.178 [INFO    ] valve_05: Connection alive
2026-05-01T18:55:10.428 [ERROR   ] conveyor_04: Communication error: CRC mismatch
2026-05-01T18:55:10.679 [INFO    ] motor_02: System heartbeat OK
2026-05-01T18:55:10.930 [ERROR   ] conveyor_04: Communication error: CRC mismatch
2026-05-01T18:55:11.181 [WARNING ] compressor_03: Response latency high: 59ms
2026-05-01T18:55:11.432 [INFO    ] conveyor_04: RPM stable at 104
2026-05-01T18:55:11.682 [WARNING ] conveyor_04: Buffer utilisation at 12%
2026-05-01T18:55:11.933 [INFO    ] motor_02: Pressure normal: 44.59 bar
2026-05-01T18:55:12.191 [ERROR   ] compressor_03: Over-temperature limit exceeded: 105.5°C
2026-05-01T18:55:12.442 [INFO    ] valve_05: Sensor read cycle complete
2026-05-01T18:55:12.692 [WARNING ] valve_05: Buffer utilisation at 19%
2026-05-01T18:55:12.943 [WARNING ] conveyor_04: Buffer utilisation at 21%
2026-05-01T18:55:13.195 [INFO    ] compressor_03: RPM stable at 101
2026-05-01T18:55:13.446 [INFO    ] compressor_03: RPM stable at 34
2026-05-01T18:55:13.699 [INFO    ] conveyor_04: Temperature within normal range: 110.8°C
2026-05-01T18:55:13.950 [INFO    ] valve_05: Pressure normal: 105.88 bar
2026-05-01T18:55:14.212 [INFO    ] valve_05: Sensor read cycle complete
2026-05-01T18:55:14.463 [INFO    ] pump_01: Pressure normal: 39.89 bar
2026-05-01T18:55:14.714 [INFO    ] pump_01: RPM stable at 34
2026-05-01T18:55:14.964 [WARNING ] conveyor_04: Response latency high: 13ms
2026-05-01T18:55:15.215 [CRITICAL] motor_02: Power supply failure detected
2026-05-01T18:55:15.465 [INFO    ] pump_01: Temperature within normal range: 65.2°C
2026-05-01T18:55:15.717 [CRITICAL] motor_02: Catastrophic vibration: 31.6 Hz — shutting down
2026-05-01T18:55:15.968 [INFO    ] valve_05: Temperature within normal range: 87.8°C
2026-05-01T18:55:16.219 [INFO    ] pump_01: Connection alive
2026-05-01T18:55:16.469 [INFO    ] valve_05: Pressure normal: 11.99 bar
2026-05-01T18:55:16.720 [INFO    ] motor_02: System heartbeat OK
2026-05-01T18:55:16.971 [WARNING ] valve_05: Retry attempt 67 for register 0x0002
2026-05-01T18:55:17.221 [INFO    ] compressor_03: RPM stable at 48
2026-05-01T18:55:17.473 [INFO    ] conveyor_04: Connection alive
2026-05-01T18:55:17.727 [INFO    ] pump_01: System heartbeat OK
2026-05-01T18:55:17.977 [ERROR   ] conveyor_04: Sensor read FAILED — register 0x0003 timeout
2026-05-01T18:55:18.228 [ERROR   ] compressor_03: Sensor read FAILED — register 0x0003 timeout
2026-05-01T18:55:18.479 [INFO    ] motor_02: Temperature within normal range: 108.5°C
2026-05-01T18:55:18.736 [WARNING ] compressor_03: Buffer utilisation at 100%
2026-05-01T18:55:18.987 [INFO    ] valve_05: Pressure normal: 51.33 bar
2026-05-01T18:55:19.238 [INFO    ] pump_01: Pressure normal: 85.20 bar
2026-05-01T18:55:19.488 [CRITICAL] compressor_03: EMERGENCY STOP triggered — safety interlock activated
2026-05-01T18:55:19.739 [INFO    ] conveyor_04: Pressure normal: 116.71 bar
2026-05-01T18:55:19.990 [ERROR   ] valve_05: Over-temperature limit exceeded: 59.5°C
2026-05-01T18:55:20.241 [INFO    ] motor_02: Pressure normal: 51.11 bar
2026-05-01T18:55:20.494 [WARNING ] motor_02: Response latency high: 46ms
2026-05-01T18:55:20.749 [INFO    ] valve_05: Temperature within normal range: 59.2°C
2026-05-01T18:55:21.000 [CRITICAL] pump_01: Catastrophic vibration: 38.4 Hz — shutting down
2026-05-01T18:55:21.252 [WARNING ] compressor_03: Vibration spike detected: 46.5 Hz
2026-05-01T18:55:21.503 [INFO    ] compressor_03: System heartbeat OK
2026-05-01T18:55:21.754 [INFO    ] valve_05: Pressure normal: 62.06 bar
2026-05-01T18:55:22.005 [INFO    ] pump_01: Pressure normal: 53.33 bar
2026-05-01T18:55:22.255 [INFO    ] valve_05: RPM stable at 69
2026-05-01T18:55:22.506 [INFO    ] pump_01: System heartbeat OK
2026-05-01T18:55:22.757 [INFO    ] pump_01: Pressure normal: 57.33 bar
2026-05-01T18:55:23.008 [INFO    ] compressor_03: Connection alive
2026-05-01T18:55:23.259 [INFO    ] conveyor_04: Sensor read cycle complete
2026-05-01T18:55:23.509 [CRITICAL] valve_05: EMERGENCY STOP triggered — safety interlock activated
2026-05-01T18:55:23.760 [WARNING ] valve_05: Response latency high: 51ms
2026-05-01T18:55:24.010 [WARNING ] motor_02: Retry attempt 32 for register 0x0002
2026-05-01T18:55:24.261 [ERROR   ] compressor_03: Over-temperature limit exceeded: 104.9°C
2026-05-01T18:55:24.512 [INFO    ] pump_01: Temperature within normal range: 115.1°C
2026-05-01T18:55:24.766 [WARNING ] valve_05: Temperature elevated: 95.0°C — threshold 75°C
2026-05-01T18:55:25.016 [INFO    ] conveyor_04: RPM stable at 119
2026-05-01T18:55:25.267 [INFO    ] pump_01: System heartbeat OK
2026-05-01T18:55:25.518 [INFO    ] pump_01: System heartbeat OK
2026-05-01T18:55:25.768 [INFO    ] conveyor_04: Sensor read cycle complete
2026-05-01T18:55:26.023 [INFO    ] pump_01: Sensor read cycle complete
2026-05-01T18:55:26.274 [INFO    ] motor_02: Pressure normal: 73.90 bar
2026-05-01T18:55:26.524 [INFO    ] pump_01: Pressure normal: 93.66 bar
2026-05-01T18:55:26.789 [INFO    ] conveyor_04: RPM stable at 41
2026-05-01T18:55:27.043 [INFO    ] valve_05: System heartbeat OK
2026-05-01T18:55:27.299 [ERROR   ] motor_02: Communication error: CRC mismatch
2026-05-01T18:55:27.549 [ERROR   ] pump_01: Communication error: CRC mismatch
2026-05-01T18:55:27.800 [CRITICAL] valve_05: Power supply failure detected
2026-05-01T18:55:28.052 [WARNING ] conveyor_04: Response latency high: 106ms
2026-05-01T18:55:28.311 [INFO    ] pump_01: Temperature within normal range: 86.0°C
2026-05-01T18:55:28.562 [INFO    ] conveyor_04: System heartbeat OK
2026-05-01T18:55:28.812 [WARNING ] pump_01: Retry attempt 58 for register 0x0002
2026-05-01T18:55:29.063 [INFO    ] motor_02: Temperature within normal range: 29.3°C
2026-05-01T18:55:29.314 [INFO    ] motor_02: Temperature within normal range: 107.8°C
2026-05-01T18:55:29.565 [INFO    ] pump_01: System heartbeat OK
2026-05-01T18:55:29.815 [INFO    ] conveyor_04: Pressure normal: 73.01 bar
2026-05-01T18:55:30.066 [CRITICAL] compressor_03: EMERGENCY STOP triggered — safety interlock activated
2026-05-01T18:55:30.318 [WARNING ] compressor_03: Response latency high: 97ms
2026-05-01T18:55:30.569 [INFO    ] conveyor_04: Sensor read cycle complete
2026-05-01T18:55:30.820 [WARNING ] motor_02: Buffer utilisation at 14%
2026-05-01T18:55:31.070 [INFO    ] valve_05: Temperature within normal range: 50.1°C
2026-05-01T18:55:31.321 [WARNING ] compressor_03: Temperature elevated: 94.0°C — threshold 75°C
2026-05-01T18:55:31.571 [ERROR   ] valve_05: Over-temperature limit exceeded: 96.5°C
2026-05-01T18:55:31.822 [WARNING ] compressor_03: Buffer utilisation at 40%
2026-05-01T18:55:32.073 [ERROR   ] motor_02: Sensor read FAILED — register 0x0003 timeout
2026-05-01T18:55:32.323 [WARNING ] pump_01: Vibration spike detected: 26.3 Hz
2026-05-01T18:55:32.574 [WARNING ] conveyor_04: Buffer utilisation at 111%
2026-05-01T18:55:32.825 [INFO    ] pump_01: Connection alive
2026-05-01T18:55:33.076 [INFO    ] compressor_03: RPM stable at 32
2026-05-01T18:55:33.326 [INFO    ] motor_02: Temperature within normal range: 65.9°C
2026-05-01T18:55:33.579 [WARNING ] valve_05: Response latency high: 12ms
2026-05-01T18:55:33.830 [INFO    ] pump_01: RPM stable at 116
2026-05-01T18:55:34.080 [INFO    ] conveyor_04: RPM stable at 14
2026-05-01T18:55:34.331 [WARNING ] pump_01: Response latency high: 21ms
2026-05-01T18:55:34.582 [ERROR   ] motor_02: Over-temperature limit exceeded: 115.5°C
2026-05-01T18:55:34.837 [INFO    ] pump_01: Pressure normal: 116.38 bar
2026-05-01T18:55:35.087 [CRITICAL] compressor_03: Power supply failure detected
2026-05-01T18:55:35.338 [INFO    ] pump_01: Sensor read cycle complete
2026-05-01T18:55:35.588 [WARNING ] motor_02: Retry attempt 39 for register 0x0002
2026-05-01T18:55:35.839 [INFO    ] valve_05: RPM stable at 64
2026-05-01T18:55:36.090 [INFO    ] conveyor_04: Sensor read cycle complete
2026-05-01T18:55:36.340 [WARNING ] compressor_03: Buffer utilisation at 31%
2026-05-01T18:55:36.594 [INFO    ] pump_01: Sensor read cycle complete
2026-05-01T18:55:36.845 [WARNING ] valve_05: Response latency high: 95ms
2026-05-01T18:55:37.103 [WARNING ] pump_01: Buffer utilisation at 115%
2026-05-01T18:55:37.355 [WARNING ] compressor_03: Buffer utilisation at 21%
2026-05-01T18:55:37.605 [WARNING ] valve_05: Vibration spike detected: 67.7 Hz
2026-05-01T18:55:37.856 [INFO    ] conveyor_04: RPM stable at 61
2026-05-01T18:55:38.106 [WARNING ] valve_05: Response latency high: 58ms
2026-05-01T18:55:38.357 [INFO    ] pump_01: Connection alive
2026-05-01T18:55:38.608 [ERROR   ] pump_01: Motor stall detected — RPM dropped to 74
2026-05-01T18:55:38.858 [WARNING ] pump_01: Response latency high: 50ms
2026-05-01T18:55:39.109 [ERROR   ] motor_02: Over-temperature limit exceeded: 86.4°C
2026-05-01T18:55:39.361 [INFO    ] motor_02: System heartbeat OK
2026-05-01T18:55:39.612 [WARNING ] motor_02: Buffer utilisation at 53%
2026-05-01T18:55:39.862 [ERROR   ] pump_01: Sensor read FAILED — register 0x0003 timeout
2026-05-01T18:55:40.113 [INFO    ] compressor_03: System heartbeat OK
2026-05-01T18:55:40.364 [INFO    ] valve_05: Pressure normal: 52.89 bar
2026-05-01T18:55:40.615 [ERROR   ] pump_01: Sensor read FAILED — register 0x0003 timeout
2026-05-01T18:55:40.865 [INFO    ] valve_05: Sensor read cycle complete
2026-05-01T18:55:41.115 [ERROR   ] motor_02: Over-temperature limit exceeded: 71.4°C
2026-05-01T18:55:41.366 [INFO    ] conveyor_04: System heartbeat OK
2026-05-01T18:55:41.616 [WARNING ] pump_01: Response latency high: 84ms
2026-05-01T18:55:41.867 [INFO    ] valve_05: System heartbeat OK
2026-05-01T18:55:42.118 [WARNING ] motor_02: Buffer utilisation at 74%
2026-05-01T18:55:42.368 [INFO    ] valve_05: Pressure normal: 88.88 bar
2026-05-01T18:55:42.619 [INFO    ] motor_02: System heartbeat OK
2026-05-01T18:55:42.870 [INFO    ] conveyor_04: RPM stable at 54
2026-05-01T18:55:43.121 [INFO    ] motor_02: RPM stable at 105
2026-05-01T18:55:43.372 [INFO    ] motor_02: RPM stable at 69
2026-05-01T18:55:43.622 [INFO    ] pump_01: System heartbeat OK
2026-05-01T18:55:43.873 [WARNING ] compressor_03: Vibration spike detected: 35.6 Hz
2026-05-01T18:55:44.124 [INFO    ] compressor_03: System heartbeat OK
2026-05-01T18:55:44.377 [WARNING ] conveyor_04: Vibration spike detected: 57.2 Hz
2026-05-01T18:55:44.628 [INFO    ] motor_02: Sensor read cycle complete
2026-05-01T18:55:44.878 [CRITICAL] conveyor_04: Catastrophic vibration: 54.8 Hz — shutting down
2026-05-01T18:55:45.129 [WARNING ] valve_05: Response latency high: 73ms
2026-05-01T18:55:45.379 [INFO    ] pump_01: System heartbeat OK
2026-05-01T18:55:45.630 [INFO    ] motor_02: System heartbeat OK
2026-05-01T18:55:45.881 [INFO    ] motor_02: Sensor read cycle complete
2026-05-01T18:55:46.132 [INFO    ] motor_02: System heartbeat OK
2026-05-01T18:55:46.383 [WARNING ] motor_02: Temperature elevated: 38.3°C — threshold 75°C
2026-05-01T18:55:46.634 [WARNING ] motor_02: Response latency high: 49ms
2026-05-01T18:55:46.885 [WARNING ] motor_02: Vibration spike detected: 99.0 Hz
2026-05-01T18:55:47.136 [WARNING ] compressor_03: Buffer utilisation at 87%
2026-05-01T18:55:47.386 [INFO    ] pump_01: Sensor read cycle complete
2026-05-01T18:55:47.637 [INFO    ] conveyor_04: Sensor read cycle complete
2026-05-01T18:55:47.887 [WARNING ] valve_05: Vibration spike detected: 24.7 Hz
2026-05-01T18:55:48.141 [INFO    ] conveyor_04: RPM stable at 75
2026-05-01T18:55:48.395 [INFO    ] compressor_03: Pressure normal: 44.06 bar
2026-05-01T18:55:48.646 [WARNING ] compressor_03: Response latency high: 81ms
2026-05-01T18:55:48.897 [INFO    ] motor_02: Sensor read cycle complete
2026-05-01T18:55:49.147 [INFO    ] compressor_03: System heartbeat OK
2026-05-01T18:55:49.398 [CRITICAL] conveyor_04: Catastrophic vibration: 65.5 Hz — shutting down
2026-05-01T18:55:49.649 [WARNING ] compressor_03: Buffer utilisation at 17%
2026-05-01T18:55:49.900 [INFO    ] valve_05: System heartbeat OK
2026-05-01T18:55:50.151 [WARNING ] conveyor_04: Vibration spike detected: 115.8 Hz
2026-05-01T18:55:50.402 [INFO    ] conveyor_04: Pressure normal: 19.21 bar
2026-05-01T18:55:50.652 [INFO    ] conveyor_04: Connection alive
2026-05-01T18:55:50.903 [INFO    ] valve_05: Pressure normal: 88.44 bar
2026-05-01T18:55:51.153 [INFO    ] conveyor_04: Connection alive
2026-05-01T18:55:51.404 [WARNING ] valve_05: Retry attempt 28 for register 0x0002
2026-05-01T18:55:51.655 [WARNING ] pump_01: Vibration spike detected: 100.8 Hz
2026-05-01T18:55:51.906 [INFO    ] motor_02: Pressure normal: 96.58 bar
2026-05-01T18:55:52.163 [INFO    ] pump_01: System heartbeat OK
2026-05-01T18:55:52.414 [INFO    ] compressor_03: System heartbeat OK
2026-05-01T18:55:52.668 [INFO    ] motor_02: Sensor read cycle complete
2026-05-01T18:55:52.919 [INFO    ] motor_02: System heartbeat OK
2026-05-01T18:55:53.170 [WARNING ] pump_01: Buffer utilisation at 34%
2026-05-01T18:55:53.422 [WARNING ] compressor_03: Temperature elevated: 15.7°C — threshold 75°C
2026-05-01T18:55:53.672 [INFO    ] compressor_03: Connection alive
2026-05-01T18:55:53.923 [WARNING ] pump_01: Temperature elevated: 23.8°C — threshold 75°C
2026-05-01T18:55:54.174 [INFO    ] pump_01: Connection alive
2026-05-01T18:55:54.424 [INFO    ] valve_05: RPM stable at 71
2026-05-01T18:55:54.676 [INFO    ] motor_02: RPM stable at 72
2026-05-01T18:55:54.927 [ERROR   ] valve_05: Communication error: CRC mismatch
2026-05-01T18:55:55.177 [INFO    ] valve_05: Pressure normal: 97.97 bar
2026-05-01T18:55:55.430 [INFO    ] pump_01: Temperature within normal range: 30.6°C
2026-05-01T18:55:55.690 [WARNING ] motor_02: Retry attempt 43 for register 0x0002
2026-05-01T18:55:55.941 [WARNING ] valve_05: Response latency high: 117ms
2026-05-01T18:55:56.191 [INFO    ] compressor_03: Connection alive
2026-05-01T18:55:56.442 [INFO    ] conveyor_04: Pressure normal: 57.88 bar
2026-05-01T18:55:56.693 [INFO    ] conveyor_04: Sensor read cycle complete
2026-05-01T18:55:56.945 [INFO    ] compressor_03: RPM stable at 46
2026-05-01T18:55:57.195 [WARNING ] compressor_03: Vibration spike detected: 33.8 Hz
2026-05-01T18:55:57.446 [INFO    ] conveyor_04: Sensor read cycle complete
2026-05-01T18:55:57.698 [WARNING ] pump_01: Retry attempt 110 for register 0x0002
2026-05-01T18:55:57.949 [INFO    ] motor_02: Temperature within normal range: 81.7°C
2026-05-01T18:55:58.200 [INFO    ] pump_01: RPM stable at 78
2026-05-01T18:55:58.450 [CRITICAL] pump_01: Power supply failure detected
2026-05-01T18:55:58.701 [INFO    ] compressor_03: Temperature within normal range: 72.3°C
2026-05-01T18:55:58.952 [WARNING ] motor_02: Retry attempt 108 for register 0x0002
2026-05-01T18:55:59.203 [INFO    ] motor_02: Connection alive
2026-05-01T18:55:59.454 [INFO    ] compressor_03: Sensor read cycle complete
2026-05-01T18:55:59.704 [INFO    ] pump_01: Connection alive
2026-05-01T18:55:59.955 [INFO    ] motor_02: RPM stable at 81
2026-05-01T18:56:00.205 [INFO    ] motor_02: System heartbeat OK
2026-05-01T18:56:00.456 [INFO    ] motor_02: Pressure normal: 40.82 bar
2026-05-01T18:56:00.706 [INFO    ] valve_05: Pressure normal: 42.98 bar
2026-05-01T18:56:00.957 [WARNING ] compressor_03: Vibration spike detected: 15.4 Hz
2026-05-01T18:56:01.207 [INFO    ] compressor_03: Sensor read cycle complete
2026-05-01T18:56:01.459 [INFO    ] valve_05: RPM stable at 35
2026-05-01T18:56:01.710 [WARNING ] motor_02: Buffer utilisation at 40%
2026-05-01T18:56:01.961 [INFO    ] motor_02: Sensor read cycle complete
2026-05-01T18:56:02.212 [INFO    ] pump_01: RPM stable at 84
2026-05-01T18:56:02.463 [ERROR   ] compressor_03: Communication error: CRC mismatch
2026-05-01T18:56:02.714 [WARNING ] valve_05: Buffer utilisation at 114%
2026-05-01T18:56:02.965 [INFO    ] motor_02: RPM stable at 25
2026-05-01T18:56:03.216 [INFO    ] motor_02: System heartbeat OK
2026-05-01T18:56:03.466 [INFO    ] conveyor_04: Pressure normal: 32.50 bar
2026-05-01T18:56:03.717 [CRITICAL] valve_05: EMERGENCY STOP triggered — safety interlock activated
2026-05-01T18:56:03.967 [INFO    ] pump_01: RPM stable at 27
2026-05-01T18:56:04.218 [INFO    ] valve_05: Pressure normal: 48.62 bar
2026-05-01T18:56:04.469 [INFO    ] valve_05: Temperature within normal range: 50.7°C
2026-05-01T18:56:04.720 [INFO    ] valve_05: Pressure normal: 14.67 bar
2026-05-01T18:56:04.970 [INFO    ] motor_02: RPM stable at 57
2026-05-01T18:56:05.221 [INFO    ] conveyor_04: Pressure normal: 104.41 bar
2026-05-01T18:56:05.472 [INFO    ] valve_05: Pressure normal: 55.79 bar
2026-05-01T18:56:05.723 [WARNING ] pump_01: Response latency high: 73ms
2026-05-01T18:56:05.973 [WARNING ] pump_01: Vibration spike detected: 36.5 Hz
2026-05-01T18:56:06.224 [INFO    ] compressor_03: System heartbeat OK
2026-05-01T18:56:06.474 [INFO    ] valve_05: Connection alive
2026-05-01T18:56:06.725 [INFO    ] compressor_03: Sensor read cycle complete
2026-05-01T18:56:06.976 [WARNING ] compressor_03: Response latency high: 21ms
2026-05-01T18:56:07.226 [INFO    ] valve_05: Temperature within normal range: 104.0°C
2026-05-01T18:56:07.477 [INFO    ] compressor_03: Sensor read cycle complete
2026-05-01T18:56:07.728 [WARNING ] motor_02: Buffer utilisation at 101%
2026-05-01T18:56:07.978 [WARNING ] valve_05: Response latency high: 79ms
2026-05-01T18:56:08.229 [INFO    ] compressor_03: Pressure normal: 22.93 bar
2026-05-01T18:56:08.479 [INFO    ] pump_01: RPM stable at 80
2026-05-01T18:56:08.731 [ERROR   ] motor_02: Over-temperature limit exceeded: 108.6°C
2026-05-01T18:56:08.981 [INFO    ] pump_01: Sensor read cycle complete
2026-05-01T18:56:09.232 [INFO    ] conveyor_04: System heartbeat OK
2026-05-01T18:56:09.483 [INFO    ] pump_01: Temperature within normal range: 96.8°C
2026-05-01T18:56:09.734 [INFO    ] motor_02: Connection alive
2026-05-01T18:56:09.985 [INFO    ] conveyor_04: Temperature within normal range: 12.1°C
2026-05-01T18:56:10.236 [INFO    ] motor_02: Pressure normal: 73.36 bar
2026-05-01T18:56:10.487 [INFO    ] conveyor_04: Pressure normal: 10.97 bar
2026-05-01T18:56:10.737 [WARNING ] motor_02: Buffer utilisation at 89%
2026-05-01T18:56:10.990 [INFO    ] valve_05: System heartbeat OK
2026-05-01T18:56:11.241 [INFO    ] conveyor_04: Temperature within normal range: 36.9°C
2026-05-01T18:56:11.492 [ERROR   ] pump_01: Motor stall detected — RPM dropped to 71
2026-05-01T18:56:11.743 [ERROR   ] conveyor_04: Communication error: CRC mismatch
2026-05-01T18:56:11.994 [WARNING ] pump_01: Vibration spike detected: 52.8 Hz
2026-05-01T18:56:12.246 [WARNING ] conveyor_04: Retry attempt 71 for register 0x0002
2026-05-01T18:56:12.497 [INFO    ] valve_05: System heartbeat OK
2026-05-01T18:56:12.748 [ERROR   ] conveyor_04: Motor stall detected — RPM dropped to 86
2026-05-01T18:56:12.999 [INFO    ] compressor_03: System heartbeat OK
2026-05-01T18:56:13.249 [WARNING ] valve_05: Response latency high: 71ms
2026-05-01T18:56:13.503 [WARNING ] motor_02: Buffer utilisation at 71%
2026-05-01T18:56:13.753 [INFO    ] conveyor_04: System heartbeat OK
2026-05-01T18:56:14.004 [INFO    ] pump_01: RPM stable at 87
2026-05-01T18:56:14.256 [INFO    ] conveyor_04: Temperature within normal range: 34.9°C
2026-05-01T18:56:14.510 [INFO    ] pump_01: RPM stable at 66
2026-05-01T18:56:14.762 [WARNING ] conveyor_04: Retry attempt 17 for register 0x0002
2026-05-01T18:56:15.012 [WARNING ] pump_01: Temperature elevated: 115.3°C — threshold 75°C
2026-05-01T18:56:15.263 [INFO    ] valve_05: Sensor read cycle complete
2026-05-01T18:56:15.514 [INFO    ] valve_05: Connection alive
2026-05-01T18:56:15.764 [INFO    ] compressor_03: Connection alive
2026-05-01T18:56:16.017 [INFO    ] valve_05: Pressure normal: 17.25 bar
2026-05-01T18:56:16.268 [INFO    ] valve_05: Pressure normal: 25.32 bar
2026-05-01T18:56:16.518 [ERROR   ] valve_05: Sensor read FAILED — register 0x0003 timeout
2026-05-01T18:56:16.770 [INFO    ] valve_05: Pressure normal: 56.83 bar
2026-05-01T18:56:17.029 [INFO    ] pump_01: Sensor read cycle complete
2026-05-01T18:56:17.280 [INFO    ] valve_05: Pressure normal: 105.46 bar
2026-05-01T18:56:17.531 [ERROR   ] pump_01: Motor stall detected — RPM dropped to 63
2026-05-01T18:56:17.782 [CRITICAL] conveyor_04: EMERGENCY STOP triggered — safety interlock activated
2026-05-01T18:56:18.032 [CRITICAL] pump_01: Power supply failure detected
2026-05-01T18:56:18.283 [INFO    ] compressor_03: Connection alive
2026-05-01T18:56:18.534 [ERROR   ] compressor_03: Sensor read FAILED — register 0x0003 timeout
2026-05-01T18:56:18.785 [ERROR   ] motor_02: Sensor read FAILED — register 0x0003 timeout
2026-05-01T18:56:19.035 [INFO    ] pump_01: RPM stable at 55
2026-05-01T18:56:19.286 [INFO    ] pump_01: Temperature within normal range: 85.2°C
2026-05-01T18:56:19.536 [INFO    ] valve_05: Pressure normal: 17.74 bar
2026-05-01T18:56:19.786 [INFO    ] motor_02: Temperature within normal range: 12.0°C
2026-05-01T18:56:20.037 [INFO    ] valve_05: RPM stable at 77
2026-05-01T18:56:20.288 [INFO    ] motor_02: Pressure normal: 16.27 bar
2026-05-01T18:56:20.538 [WARNING ] valve_05: Retry attempt 56 for register 0x0002
2026-05-01T18:56:20.789 [WARNING ] conveyor_04: Buffer utilisation at 22%
2026-05-01T18:56:21.040 [WARNING ] conveyor_04: Buffer utilisation at 57%
2026-05-01T18:56:21.290 [INFO    ] pump_01: Temperature within normal range: 73.2°C
2026-05-01T18:56:21.542 [WARNING ] conveyor_04: Buffer utilisation at 53%
2026-05-01T18:56:21.793 [INFO    ] valve_05: Sensor read cycle complete
2026-05-01T18:56:22.044 [CRITICAL] compressor_03: EMERGENCY STOP triggered — safety interlock activated
2026-05-01T18:56:22.299 [INFO    ] valve_05: Connection alive
2026-05-01T18:56:22.550 [INFO    ] motor_02: Sensor read cycle complete
2026-05-01T18:56:22.801 [WARNING ] motor_02: Retry attempt 24 for register 0x0002
2026-05-01T18:56:23.052 [ERROR   ] compressor_03: Motor stall detected — RPM dropped to 63
2026-05-01T18:56:23.302 [INFO    ] motor_02: System heartbeat OK
2026-05-01T18:56:23.553 [INFO    ] conveyor_04: System heartbeat OK
2026-05-01T18:56:23.804 [INFO    ] compressor_03: Temperature within normal range: 89.6°C
2026-05-01T18:56:24.055 [CRITICAL] valve_05: Power supply failure detected
2026-05-01T18:56:24.307 [INFO    ] valve_05: Temperature within normal range: 90.9°C
2026-05-01T18:56:24.557 [INFO    ] pump_01: Pressure normal: 65.53 bar
2026-05-01T18:56:24.808 [INFO    ] pump_01: System heartbeat OK
2026-05-01T18:56:25.059 [INFO    ] conveyor_04: Temperature within normal range: 73.2°C
2026-05-01T18:56:25.310 [INFO    ] pump_01: System heartbeat OK
2026-05-01T18:56:25.561 [INFO    ] conveyor_04: Temperature within normal range: 50.7°C
2026-05-01T18:56:25.812 [WARNING ] valve_05: Retry attempt 60 for register 0x0002
2026-05-01T18:56:26.063 [INFO    ] pump_01: RPM stable at 33
2026-05-01T18:56:26.314 [INFO    ] valve_05: Sensor read cycle complete
2026-05-01T18:56:26.564 [INFO    ] compressor_03: Connection alive
2026-05-01T18:56:26.815 [INFO    ] pump_01: System heartbeat OK
2026-05-01T18:56:27.066 [WARNING ] valve_05: Temperature elevated: 104.2°C — threshold 75°C
2026-05-01T18:56:27.316 [INFO    ] conveyor_04: RPM stable at 83
2026-05-01T18:56:27.567 [INFO    ] compressor_03: Temperature within normal range: 87.7°C
2026-05-01T18:56:27.817 [INFO    ] conveyor_04: RPM stable at 25
2026-05-01T18:56:28.068 [CRITICAL] pump_01: Power supply failure detected
2026-05-01T18:56:28.319 [WARNING ] conveyor_04: Response latency high: 27ms
2026-05-01T18:56:28.570 [INFO    ] pump_01: System heartbeat OK
2026-05-01T18:56:28.820 [INFO    ] conveyor_04: RPM stable at 28
2026-05-01T18:56:29.071 [WARNING ] motor_02: Temperature elevated: 27.1°C — threshold 75°C
2026-05-01T18:56:29.327 [INFO    ] pump_01: Temperature within normal range: 87.6°C
2026-05-01T18:56:29.577 [WARNING ] compressor_03: Response latency high: 57ms
2026-05-01T18:56:29.828 [ERROR   ] compressor_03: Sensor read FAILED — register 0x0003 timeout
2026-05-01T18:56:30.079 [INFO    ] conveyor_04: Temperature within normal range: 104.4°C
2026-05-01T18:56:30.330 [INFO    ] motor_02: RPM stable at 66
2026-05-01T18:56:30.581 [INFO    ] conveyor_04: System heartbeat OK
2026-05-01T18:56:30.832 [WARNING ] pump_01: Vibration spike detected: 71.8 Hz
2026-05-01T18:56:31.082 [CRITICAL] valve_05: EMERGENCY STOP triggered — safety interlock activated
2026-05-01T18:56:31.333 [INFO    ] motor_02: Sensor read cycle complete
2026-05-01T18:56:31.583 [INFO    ] conveyor_04: Connection alive
2026-05-01T18:56:31.834 [ERROR   ] compressor_03: Motor stall detected — RPM dropped to 21
2026-05-01T18:56:32.084 [WARNING ] conveyor_04: Response latency high: 85ms
2026-05-01T18:56:32.335 [INFO    ] pump_01: System heartbeat OK
2026-05-01T18:56:32.586 [INFO    ] valve_05: Connection alive
2026-05-01T18:56:32.837 [WARNING ] compressor_03: Temperature elevated: 94.7°C — threshold 75°C
2026-05-01T18:56:33.089 [ERROR   ] motor_02: Over-temperature limit exceeded: 18.4°C
2026-05-01T18:56:33.340 [INFO    ] motor_02: Sensor read cycle complete
2026-05-01T18:56:33.591 [INFO    ] pump_01: Temperature within normal range: 96.9°C
2026-05-01T18:56:33.844 [WARNING ] valve_05: Temperature elevated: 108.6°C — threshold 75°C
2026-05-01T18:56:34.096 [WARNING ] pump_01: Temperature elevated: 87.1°C — threshold 75°C
2026-05-01T18:56:34.346 [WARNING ] valve_05: Vibration spike detected: 99.2 Hz
2026-05-01T18:56:34.598 [INFO    ] motor_02: Sensor read cycle complete
2026-05-01T18:56:34.849 [INFO    ] compressor_03: Pressure normal: 18.27 bar
2026-05-01T18:56:35.100 [ERROR   ] motor_02: Over-temperature limit exceeded: 71.9°C
2026-05-01T18:56:35.351 [INFO    ] valve_05: Pressure normal: 82.25 bar
2026-05-01T18:56:35.601 [INFO    ] motor_02: Pressure normal: 34.29 bar
2026-05-01T18:56:35.852 [INFO    ] conveyor_04: Pressure normal: 92.94 bar
2026-05-01T18:56:36.103 [INFO    ] motor_02: Connection alive
2026-05-01T18:56:36.353 [INFO    ] valve_05: Sensor read cycle complete
2026-05-01T18:56:36.604 [INFO    ] conveyor_04: RPM stable at 113
2026-05-01T18:56:36.855 [ERROR   ] valve_05: Communication error: CRC mismatch
2026-05-01T18:56:37.105 [ERROR   ] conveyor_04: Sensor read FAILED — register 0x0003 timeout
2026-05-01T18:56:37.356 [CRITICAL] compressor_03: EMERGENCY STOP triggered — safety interlock activated
2026-05-01T18:56:37.606 [INFO    ] valve_05: Sensor read cycle complete
2026-05-01T18:56:37.857 [INFO    ] pump_01: Temperature within normal range: 64.8°C
2026-05-01T18:56:38.108 [CRITICAL] motor_02: Power supply failure detected
2026-05-01T18:56:38.359 [WARNING ] motor_02: Buffer utilisation at 41%
2026-05-01T18:56:38.610 [INFO    ] motor_02: RPM stable at 118
2026-05-01T18:56:38.862 [INFO    ] pump_01: System heartbeat OK
2026-05-01T18:56:39.113 [INFO    ] conveyor_04: Temperature within normal range: 90.0°C
2026-05-01T18:56:39.364 [INFO    ] conveyor_04: Connection alive
2026-05-01T18:56:39.615 [WARNING ] valve_05: Vibration spike detected: 51.2 Hz
2026-05-01T18:56:39.865 [INFO    ] conveyor_04: RPM stable at 110
2026-05-01T18:56:40.116 [WARNING ] conveyor_04: Buffer utilisation at 35%
2026-05-01T18:56:40.367 [INFO    ] pump_01: Pressure normal: 16.34 bar
2026-05-01T18:56:40.618 [INFO    ] pump_01: RPM stable at 44
2026-05-01T18:56:40.872 [INFO    ] pump_01: Pressure normal: 97.06 bar
2026-05-01T18:56:41.123 [WARNING ] conveyor_04: Response latency high: 116ms
2026-05-01T18:56:41.373 [WARNING ] pump_01: Retry attempt 16 for register 0x0002
2026-05-01T18:56:41.625 [WARNING ] valve_05: Buffer utilisation at 28%
2026-05-01T18:56:41.884 [CRITICAL] compressor_03: EMERGENCY STOP triggered — safety interlock activated
2026-05-01T18:56:42.134 [WARNING ] compressor_03: Temperature elevated: 73.1°C — threshold 75°C
2026-05-01T18:56:42.385 [INFO    ] valve_05: System heartbeat OK
2026-05-01T18:56:42.637 [ERROR   ] valve_05: Sensor read FAILED — register 0x0003 timeout
2026-05-01T18:56:42.887 [WARNING ] valve_05: Vibration spike detected: 77.8 Hz
2026-05-01T18:56:43.138 [INFO    ] pump_01: System heartbeat OK
2026-05-01T18:56:43.388 [INFO    ] pump_01: Connection alive
2026-05-01T18:56:43.639 [INFO    ] valve_05: RPM stable at 49
2026-05-01T18:56:43.890 [INFO    ] motor_02: Pressure normal: 24.58 bar
2026-05-01T18:56:44.141 [INFO    ] conveyor_04: RPM stable at 43
2026-05-01T18:56:44.391 [INFO    ] valve_05: Connection alive
2026-05-01T18:56:44.642 [INFO    ] compressor_03: System heartbeat OK
2026-05-01T18:56:44.894 [INFO    ] motor_02: Pressure normal: 43.54 bar
2026-05-01T18:56:45.147 [INFO    ] motor_02: Pressure normal: 48.65 bar
2026-05-01T18:56:45.397 [ERROR   ] conveyor_04: Motor stall detected — RPM dropped to 29
2026-05-01T18:56:45.649 [WARNING ] motor_02: Retry attempt 27 for register 0x0002
2026-05-01T18:56:45.900 [INFO    ] motor_02: Pressure normal: 62.58 bar
2026-05-01T18:56:46.152 [WARNING ] motor_02: Temperature elevated: 20.1°C — threshold 75°C
2026-05-01T18:56:46.402 [CRITICAL] motor_02: Catastrophic vibration: 95.8 Hz — shutting down
2026-05-01T18:56:46.653 [INFO    ] valve_05: System heartbeat OK
2026-05-01T18:56:46.903 [INFO    ] compressor_03: Connection alive
2026-05-01T18:56:47.154 [INFO    ] valve_05: System heartbeat OK
2026-05-01T18:56:47.405 [INFO    ] pump_01: System heartbeat OK
2026-05-01T18:56:47.656 [INFO    ] compressor_03: RPM stable at 109
2026-05-01T18:56:47.907 [INFO    ] conveyor_04: Pressure normal: 103.21 bar
2026-05-01T18:56:48.157 [INFO    ] motor_02: Pressure normal: 35.61 bar
2026-05-01T18:56:48.408 [INFO    ] compressor_03: System heartbeat OK
2026-05-01T18:56:48.659 [INFO    ] pump_01: Sensor read cycle complete
2026-05-01T18:56:48.909 [INFO    ] conveyor_04: RPM stable at 53
2026-05-01T18:56:49.160 [INFO    ] conveyor_04: Pressure normal: 109.42 bar
2026-05-01T18:56:49.410 [INFO    ] compressor_03: RPM stable at 17
2026-05-01T18:56:49.661 [INFO    ] motor_02: RPM stable at 96
2026-05-01T18:56:49.911 [INFO    ] motor_02: Sensor read cycle complete
2026-05-01T18:56:50.162 [INFO    ] motor_02: System heartbeat OK
2026-05-01T18:56:50.413 [INFO    ] conveyor_04: Pressure normal: 49.25 bar
2026-05-01T18:56:50.663 [CRITICAL] conveyor_04: Power supply failure detected
2026-05-01T18:56:50.914 [INFO    ] conveyor_04: Sensor read cycle complete
2026-05-01T18:56:51.164 [INFO    ] pump_01: Pressure normal: 82.71 bar
2026-05-01T18:56:51.415 [ERROR   ] pump_01: Sensor read FAILED — register 0x0003 timeout
2026-05-01T18:56:51.666 [INFO    ] pump_01: Temperature within normal range: 88.1°C
2026-05-01T18:56:51.917 [ERROR   ] motor_02: Communication error: CRC mismatch
2026-05-01T18:56:52.167 [INFO    ] compressor_03: Pressure normal: 51.33 bar
2026-05-01T18:56:52.419 [INFO    ] motor_02: Sensor read cycle complete
2026-05-01T18:56:52.670 [INFO    ] valve_05: RPM stable at 79
2026-05-01T18:56:52.921 [INFO    ] conveyor_04: Connection alive
2026-05-01T18:56:53.172 [WARNING ] motor_02: Response latency high: 72ms
2026-05-01T18:56:53.422 [INFO    ] compressor_03: Connection alive
2026-05-01T18:56:53.673 [INFO    ] compressor_03: Connection alive
2026-05-01T18:56:53.926 [INFO    ] compressor_03: Sensor read cycle complete
2026-05-01T18:56:54.177 [INFO    ] pump_01: Connection alive
2026-05-01T18:56:54.428 [INFO    ] pump_01: Temperature within normal range: 39.4°C
2026-05-01T18:56:54.678 [ERROR   ] valve_05: Motor stall detected — RPM dropped to 67
2026-05-01T18:56:54.929 [WARNING ] pump_01: Temperature elevated: 34.4°C — threshold 75°C
2026-05-01T18:56:55.180 [WARNING ] valve_05: Vibration spike detected: 13.6 Hz
2026-05-01T18:56:55.430 [INFO    ] motor_02: Pressure normal: 51.81 bar
2026-05-01T18:56:55.680 [ERROR   ] motor_02: Sensor read FAILED — register 0x0003 timeout
2026-05-01T18:56:55.931 [INFO    ] motor_02: Sensor read cycle complete
2026-05-01T18:56:56.182 [ERROR   ] pump_01: Over-temperature limit exceeded: 50.6°C
2026-05-01T18:56:56.433 [INFO    ] conveyor_04: RPM stable at 49
2026-05-01T18:56:56.684 [ERROR   ] motor_02: Over-temperature limit exceeded: 94.3°C
2026-05-01T18:56:56.934 [INFO    ] valve_05: Connection alive
2026-05-01T18:56:57.187 [WARNING ] conveyor_04: Buffer utilisation at 16%
2026-05-01T18:56:57.438 [WARNING ] pump_01: Vibration spike detected: 57.2 Hz
2026-05-01T18:56:57.688 [ERROR   ] compressor_03: Over-temperature limit exceeded: 47.3°C
2026-05-01T18:56:57.939 [WARNING ] compressor_03: Vibration spike detected: 108.1 Hz
2026-05-01T18:56:58.190 [INFO    ] valve_05: Connection alive
2026-05-01T18:56:58.441 [INFO    ] pump_01: Temperature within normal range: 58.2°C
2026-05-01T18:56:58.691 [INFO    ] compressor_03: Pressure normal: 32.27 bar
2026-05-01T18:56:58.942 [WARNING ] compressor_03: Temperature elevated: 118.0°C — threshold 75°C
2026-05-01T18:56:59.197 [WARNING ] pump_01: Temperature elevated: 50.0°C — threshold 75°C
2026-05-01T18:56:59.448 [INFO    ] conveyor_04: Connection alive
2026-05-01T18:56:59.699 [INFO    ] pump_01: Temperature within normal range: 93.3°C
2026-05-01T18:56:59.950 [INFO    ] valve_05: Pressure normal: 73.03 bar
2026-05-01T18:57:00.200 [WARNING ] valve_05: Temperature elevated: 36.4°C — threshold 75°C
2026-05-01T18:57:00.451 [INFO    ] pump_01: System heartbeat OK
2026-05-01T18:57:00.702 [INFO    ] valve_05: System heartbeat OK
2026-05-01T18:57:00.953 [INFO    ] compressor_03: Connection alive
2026-05-01T18:57:01.203 [ERROR   ] valve_05: Sensor read FAILED — register 0x0003 timeout
2026-05-01T18:57:01.454 [INFO    ] compressor_03: Sensor read cycle complete
2026-05-01T18:57:01.705 [INFO    ] pump_01: Pressure normal: 117.19 bar
2026-05-01T18:57:01.956 [INFO    ] valve_05: Temperature within normal range: 101.6°C
2026-05-01T18:57:02.206 [INFO    ] compressor_03: RPM stable at 101
2026-05-01T18:57:02.457 [WARNING ] valve_05: Vibration spike detected: 96.8 Hz
2026-05-01T18:57:02.708 [WARNING ] motor_02: Buffer utilisation at 55%
2026-05-01T18:57:02.960 [ERROR   ] valve_05: Communication error: CRC mismatch
2026-05-01T18:57:03.211 [WARNING ] conveyor_04: Vibration spike detected: 102.4 Hz
2026-05-01T18:57:03.462 [INFO    ] valve_05: RPM stable at 47
2026-05-01T18:57:03.712 [WARNING ] conveyor_04: Vibration spike detected: 117.8 Hz
2026-05-01T18:57:03.963 [WARNING ] conveyor_04: Vibration spike detected: 106.2 Hz
2026-05-01T18:57:04.213 [CRITICAL] compressor_03: EMERGENCY STOP triggered — safety interlock activated
2026-05-01T18:57:04.464 [INFO    ] valve_05: Temperature within normal range: 111.0°C
2026-05-01T18:57:04.717 [INFO    ] conveyor_04: RPM stable at 112
2026-05-01T18:57:04.968 [INFO    ] motor_02: Connection alive
2026-05-01T18:57:05.221 [INFO    ] pump_01: Sensor read cycle complete
2026-05-01T18:57:05.472 [INFO    ] conveyor_04: Sensor read cycle complete
2026-05-01T18:57:05.723 [WARNING ] pump_01: Temperature elevated: 47.1°C — threshold 75°C
2026-05-01T18:57:05.974 [INFO    ] pump_01: Sensor read cycle complete
2026-05-01T18:57:06.225 [WARNING ] motor_02: Response latency high: 14ms
2026-05-01T18:57:06.482 [WARNING ] compressor_03: Response latency high: 52ms
2026-05-01T18:57:06.732 [INFO    ] motor_02: RPM stable at 55
2026-05-01T18:57:06.984 [INFO    ] compressor_03: Temperature within normal range: 79.1°C
2026-05-01T18:57:07.235 [INFO    ] conveyor_04: Pressure normal: 63.51 bar
2026-05-01T18:57:07.486 [INFO    ] motor_02: Sensor read cycle complete
2026-05-01T18:57:07.737 [ERROR   ] compressor_03: Sensor read FAILED — register 0x0003 timeout
2026-05-01T18:57:07.989 [INFO    ] motor_02: Pressure normal: 82.10 bar
2026-05-01T18:57:08.240 [INFO    ] valve_05: Sensor read cycle complete
2026-05-01T18:57:08.490 [INFO    ] motor_02: System heartbeat OK
2026-05-01T18:57:08.741 [INFO    ] conveyor_04: Sensor read cycle complete
2026-05-01T18:57:08.992 [WARNING ] compressor_03: Buffer utilisation at 71%
2026-05-01T18:57:09.242 [INFO    ] valve_05: Sensor read cycle complete
2026-05-01T18:57:09.493 [CRITICAL] pump_01: Power supply failure detected
2026-05-01T18:57:09.744 [INFO    ] pump_01: System heartbeat OK
2026-05-01T18:57:09.994 [WARNING ] conveyor_04: Temperature elevated: 61.5°C — threshold 75°C
2026-05-01T18:57:10.254 [INFO    ] compressor_03: System heartbeat OK
2026-05-01T18:57:10.505 [INFO    ] compressor_03: Connection alive
2026-05-01T18:57:10.757 [INFO    ] conveyor_04: Temperature within normal range: 115.5°C
2026-05-01T18:57:11.008 [WARNING ] conveyor_04: Vibration spike detected: 31.8 Hz
2026-05-01T18:57:11.258 [INFO    ] conveyor_04: Pressure normal: 20.34 bar
2026-05-01T18:57:11.509 [INFO    ] motor_02: Sensor read cycle complete
2026-05-01T18:57:11.760 [INFO    ] pump_01: Connection alive
2026-05-01T18:57:12.011 [INFO    ] motor_02: Connection alive
2026-05-01T18:57:12.262 [WARNING ] compressor_03: Vibration spike detected: 73.0 Hz
2026-05-01T18:57:12.514 [INFO    ] conveyor_04: Temperature within normal range: 100.8°C
2026-05-01T18:57:12.765 [INFO    ] pump_01: Connection alive
2026-05-01T18:57:13.015 [INFO    ] pump_01: Pressure normal: 44.51 bar
2026-05-01T18:57:13.266 [INFO    ] pump_01: Temperature within normal range: 77.3°C
2026-05-01T18:57:13.516 [WARNING ] conveyor_04: Response latency high: 49ms
2026-05-01T18:57:13.767 [INFO    ] valve_05: Pressure normal: 35.77 bar
2026-05-01T18:57:14.018 [INFO    ] pump_01: Sensor read cycle complete
2026-05-01T18:57:14.270 [INFO    ] valve_05: System heartbeat OK
2026-05-01T18:57:14.521 [WARNING ] conveyor_04: Retry attempt 13 for register 0x0002
2026-05-01T18:57:14.771 [WARNING ] pump_01: Retry attempt 99 for register 0x0002
2026-05-01T18:57:15.022 [INFO    ] compressor_03: Pressure normal: 47.61 bar
2026-05-01T18:57:15.272 [CRITICAL] motor_02: Power supply failure detected
2026-05-01T18:57:15.524 [INFO    ] pump_01: Temperature within normal range: 82.5°C
2026-05-01T18:57:15.776 [INFO    ] motor_02: Pressure normal: 24.09 bar
2026-05-01T18:57:16.027 [INFO    ] motor_02: Connection alive
2026-05-01T18:57:16.279 [INFO    ] compressor_03: Pressure normal: 107.69 bar
2026-05-01T18:57:16.530 [ERROR   ] motor_02: Motor stall detected — RPM dropped to 102
2026-05-01T18:57:16.780 [INFO    ] motor_02: System heartbeat OK
2026-05-01T18:57:17.031 [WARNING ] pump_01: Buffer utilisation at 111%
2026-05-01T18:57:17.282 [INFO    ] motor_02: RPM stable at 24
2026-05-01T18:57:17.532 [WARNING ] conveyor_04: Vibration spike detected: 22.0 Hz
2026-05-01T18:57:17.783 [INFO    ] pump_01: System heartbeat OK
2026-05-01T18:57:18.033 [INFO    ] valve_05: Temperature within normal range: 82.8°C
2026-05-01T18:57:18.285 [ERROR   ] pump_01: Over-temperature limit exceeded: 30.5°C
2026-05-01T18:57:18.538 [INFO    ] conveyor_04: Pressure normal: 80.70 bar
2026-05-01T18:57:18.795 [ERROR   ] valve_05: Over-temperature limit exceeded: 105.6°C
2026-05-01T18:57:19.048 [INFO    ] conveyor_04: System heartbeat OK
2026-05-01T18:57:19.298 [INFO    ] valve_05: Temperature within normal range: 52.3°C
2026-05-01T18:57:19.549 [INFO    ] compressor_03: System heartbeat OK
2026-05-01T18:57:19.800 [INFO    ] conveyor_04: RPM stable at 107
2026-05-01T18:57:20.052 [INFO    ] conveyor_04: Sensor read cycle complete
2026-05-01T18:57:20.303 [INFO    ] conveyor_04: RPM stable at 33
2026-05-01T18:57:20.555 [WARNING ] conveyor_04: Response latency high: 47ms
2026-05-01T18:57:20.806 [ERROR   ] pump_01: Sensor read FAILED — register 0x0003 timeout
2026-05-01T18:57:21.056 [WARNING ] compressor_03: Temperature elevated: 58.0°C — threshold 75°C
2026-05-01T18:57:21.307 [INFO    ] compressor_03: RPM stable at 54
2026-05-01T18:57:21.558 [WARNING ] valve_05: Vibration spike detected: 95.8 Hz
2026-05-01T18:57:21.813 [WARNING ] valve_05: Response latency high: 51ms
2026-05-01T18:57:22.063 [INFO    ] compressor_03: Connection alive
2026-05-01T18:57:22.315 [WARNING ] valve_05: Response latency high: 69ms
2026-05-01T18:57:22.566 [WARNING ] conveyor_04: Retry attempt 55 for register 0x0002
2026-05-01T18:57:22.818 [WARNING ] pump_01: Retry attempt 20 for register 0x0002
2026-05-01T18:57:23.069 [INFO    ] conveyor_04: Sensor read cycle complete
2026-05-01T18:57:23.319 [INFO    ] compressor_03: Connection alive
2026-05-01T18:57:23.570 [ERROR   ] motor_02: Over-temperature limit exceeded: 74.1°C
2026-05-01T18:57:23.821 [INFO    ] conveyor_04: Sensor read cycle complete
2026-05-01T18:57:24.076 [WARNING ] motor_02: Response latency high: 48ms
2026-05-01T18:57:24.327 [INFO    ] pump_01: Pressure normal: 29.57 bar
2026-05-01T18:57:24.578 [INFO    ] valve_05: Connection alive
2026-05-01T18:57:24.828 [WARNING ] conveyor_04: Buffer utilisation at 115%
2026-05-01T18:57:25.082 [INFO    ] compressor_03: RPM stable at 59
2026-05-01T18:57:25.337 [INFO    ] pump_01: RPM stable at 13
2026-05-01T18:57:25.588 [INFO    ] compressor_03: System heartbeat OK
2026-05-01T18:57:25.839 [INFO    ] compressor_03: System heartbeat OK
2026-05-01T18:57:26.097 [INFO    ] compressor_03: Connection alive
2026-05-01T18:57:26.348 [INFO    ] motor_02: Pressure normal: 58.23 bar
2026-05-01T18:57:26.598 [INFO    ] compressor_03: RPM stable at 31
2026-05-01T18:57:26.849 [INFO    ] pump_01: Pressure normal: 66.84 bar
2026-05-01T18:57:27.100 [INFO    ] pump_01: Temperature within normal range: 25.4°C
2026-05-01T18:57:27.355 [CRITICAL] conveyor_04: Power supply failure detected
2026-05-01T18:57:27.606 [WARNING ] valve_05: Vibration spike detected: 82.8 Hz
2026-05-01T18:57:27.857 [INFO    ] conveyor_04: Pressure normal: 111.93 bar
2026-05-01T18:57:28.108 [INFO    ] valve_05: System heartbeat OK
2026-05-01T18:57:28.359 [INFO    ] valve_05: Temperature within normal range: 45.4°C
2026-05-01T18:57:28.609 [INFO    ] compressor_03: System heartbeat OK
2026-05-01T18:57:28.860 [INFO    ] compressor_03: Connection alive
2026-05-01T18:57:29.110 [INFO    ] motor_02: Sensor read cycle complete
2026-05-01T18:57:29.362 [INFO    ] pump_01: Pressure normal: 41.56 bar
2026-05-01T18:57:29.616 [INFO    ] compressor_03: Temperature within normal range: 10.3°C
2026-05-01T18:57:29.867 [INFO    ] pump_01: RPM stable at 102
2026-05-01T18:57:30.117 [ERROR   ] compressor_03: Sensor read FAILED — register 0x0003 timeout
2026-05-01T18:57:30.368 [INFO    ] valve_05: Pressure normal: 84.25 bar
2026-05-01T18:57:30.618 [WARNING ] compressor_03: Retry attempt 35 for register 0x0002
2026-05-01T18:57:30.871 [INFO    ] compressor_03: Sensor read cycle complete
2026-05-01T18:57:31.123 [INFO    ] motor_02: System heartbeat OK
2026-05-01T18:57:31.374 [ERROR   ] pump_01: Over-temperature limit exceeded: 18.9°C
2026-05-01T18:57:31.628 [INFO    ] pump_01: Pressure normal: 96.69 bar
2026-05-01T18:57:31.878 [ERROR   ] motor_02: Communication error: CRC mismatch
2026-05-01T18:57:32.129 [WARNING ] pump_01: Response latency high: 85ms
2026-05-01T18:57:32.380 [INFO    ] conveyor_04: RPM stable at 28
2026-05-01T18:57:32.631 [INFO    ] pump_01: Sensor read cycle complete
2026-05-01T18:57:32.881 [WARNING ] valve_05: Retry attempt 12 for register 0x0002
2026-05-01T18:57:33.137 [WARNING ] motor_02: Retry attempt 40 for register 0x0002
2026-05-01T18:57:33.396 [WARNING ] valve_05: Vibration spike detected: 64.3 Hz
2026-05-01T18:57:33.663 [INFO    ] valve_05: RPM stable at 88
2026-05-01T18:57:33.913 [INFO    ] conveyor_04: Temperature within normal range: 83.3°C
2026-05-01T18:57:34.163 [ERROR   ] compressor_03: Over-temperature limit exceeded: 74.0°C
2026-05-01T18:57:34.414 [ERROR   ] conveyor_04: Sensor read FAILED — register 0x0003 timeout
2026-05-01T18:57:34.665 [INFO    ] pump_01: Temperature within normal range: 55.8°C
2026-05-01T18:57:34.915 [CRITICAL] conveyor_04: Power supply failure detected
2026-05-01T18:57:35.166 [INFO    ] pump_01: RPM stable at 83
2026-05-01T18:57:35.416 [WARNING ] pump_01: Vibration spike detected: 64.9 Hz
2026-05-01T18:57:35.667 [INFO    ] valve_05: RPM stable at 104
2026-05-01T18:57:35.918 [INFO    ] valve_05: Temperature within normal range: 96.6°C
2026-05-01T18:57:36.169 [WARNING ] motor_02: Retry attempt 49 for register 0x0002
2026-05-01T18:57:36.420 [INFO    ] compressor_03: Connection alive
2026-05-01T18:57:36.670 [INFO    ] conveyor_04: Sensor read cycle complete
2026-05-01T18:57:36.921 [INFO    ] conveyor_04: System heartbeat OK
2026-05-01T18:57:37.173 [INFO    ] compressor_03: RPM stable at 98
2026-05-01T18:57:37.423 [INFO    ] conveyor_04: Connection alive
2026-05-01T18:57:37.674 [ERROR   ] motor_02: Motor stall detected — RPM dropped to 66
2026-05-01T18:57:37.925 [INFO    ] conveyor_04: Pressure normal: 61.44 bar
2026-05-01T18:57:38.175 [WARNING ] compressor_03: Retry attempt 106 for register 0x0002
2026-05-01T18:57:38.426 [WARNING ] pump_01: Temperature elevated: 18.5°C — threshold 75°C
2026-05-01T18:57:38.677 [INFO    ] pump_01: Connection alive
2026-05-01T18:57:38.928 [WARNING ] valve_05: Temperature elevated: 78.6°C — threshold 75°C
2026-05-01T18:57:39.178 [CRITICAL] valve_05: Power supply failure detected
2026-05-01T18:57:39.429 [INFO    ] motor_02: Temperature within normal range: 75.2°C
2026-05-01T18:57:39.680 [INFO    ] pump_01: System heartbeat OK
2026-05-01T18:57:39.931 [WARNING ] pump_01: Vibration spike detected: 12.7 Hz
2026-05-01T18:57:40.181 [INFO    ] compressor_03: Sensor read cycle complete
2026-05-01T18:57:40.432 [INFO    ] conveyor_04: System heartbeat OK
2026-05-01T18:57:40.682 [INFO    ] valve_05: System heartbeat OK
2026-05-01T18:57:40.933 [WARNING ] conveyor_04: Vibration spike detected: 35.6 Hz
2026-05-01T18:57:41.184 [INFO    ] compressor_03: Temperature within normal range: 59.2°C
2026-05-01T18:57:41.435 [INFO    ] motor_02: RPM stable at 118
2026-05-01T18:57:41.686 [INFO    ] conveyor_04: Sensor read cycle complete
2026-05-01T18:57:41.936 [INFO    ] motor_02: System heartbeat OK
2026-05-01T18:57:42.187 [INFO    ] pump_01: Pressure normal: 55.15 bar
2026-05-01T18:57:42.438 [WARNING ] pump_01: Temperature elevated: 73.0°C — threshold 75°C
2026-05-01T18:57:42.688 [WARNING ] motor_02: Buffer utilisation at 107%
2026-05-01T18:57:42.939 [INFO    ] compressor_03: System heartbeat OK
2026-05-01T18:57:43.189 [INFO    ] valve_05: Pressure normal: 76.96 bar
2026-05-01T18:57:43.443 [INFO    ] pump_01: System heartbeat OK
2026-05-01T18:57:43.693 [INFO    ] valve_05: Sensor read cycle complete
2026-05-01T18:57:43.951 [INFO    ] motor_02: Temperature within normal range: 71.5°C
2026-05-01T18:57:44.207 [INFO    ] motor_02: Pressure normal: 62.68 bar
2026-05-01T18:57:44.459 [INFO    ] motor_02: System heartbeat OK
2026-05-01T18:57:44.709 [INFO    ] conveyor_04: Pressure normal: 15.34 bar
2026-05-01T18:57:44.960 [INFO    ] pump_01: Connection alive
2026-05-01T18:57:45.211 [INFO    ] motor_02: Pressure normal: 14.36 bar
2026-05-01T18:57:45.461 [ERROR   ] valve_05: Over-temperature limit exceeded: 66.0°C
2026-05-01T18:57:45.712 [WARNING ] valve_05: Retry attempt 44 for register 0x0002
2026-05-01T18:57:45.963 [INFO    ] compressor_03: Temperature within normal range: 41.9°C
2026-05-01T18:57:46.214 [INFO    ] conveyor_04: Sensor read cycle complete
2026-05-01T18:57:46.464 [INFO    ] valve_05: RPM stable at 14
2026-05-01T18:57:46.715 [INFO    ] pump_01: System heartbeat OK
2026-05-01T18:57:46.966 [INFO    ] conveyor_04: System heartbeat OK
2026-05-01T18:57:47.216 [ERROR   ] compressor_03: Communication error: CRC mismatch
2026-05-01T18:57:47.467 [WARNING ] motor_02: Response latency high: 113ms
2026-05-01T18:57:47.718 [INFO    ] conveyor_04: RPM stable at 24
2026-05-01T18:57:47.969 [WARNING ] compressor_03: Temperature elevated: 79.9°C — threshold 75°C
2026-05-01T18:57:48.220 [INFO    ] motor_02: RPM stable at 50
2026-05-01T18:57:48.470 [WARNING ] compressor_03: Buffer utilisation at 33%
2026-05-01T18:57:48.721 [INFO    ] pump_01: RPM stable at 111
2026-05-01T18:57:48.973 [WARNING ] pump_01: Response latency high: 78ms
2026-05-01T18:57:49.227 [INFO    ] conveyor_04: System heartbeat OK
2026-05-01T18:57:49.477 [INFO    ] motor_02: Connection alive
2026-05-01T18:57:49.728 [WARNING ] valve_05: Vibration spike detected: 48.2 Hz
2026-05-01T18:57:49.980 [INFO    ] compressor_03: Pressure normal: 97.08 bar
2026-05-01T18:57:50.233 [WARNING ] pump_01: Response latency high: 102ms
2026-05-01T18:57:50.485 [INFO    ] conveyor_04: Temperature within normal range: 35.0°C
2026-05-01T18:57:50.736 [INFO    ] valve_05: Connection alive
2026-05-01T18:57:50.991 [WARNING ] pump_01: Buffer utilisation at 21%
2026-05-01T18:57:51.242 [WARNING ] motor_02: Retry attempt 45 for register 0x0002
2026-05-01T18:57:51.493 [INFO    ] motor_02: Pressure normal: 117.18 bar
2026-05-01T18:57:51.743 [INFO    ] motor_02: RPM stable at 42
2026-05-01T18:57:51.994 [ERROR   ] valve_05: Sensor read FAILED — register 0x0003 timeout
2026-05-01T18:57:52.247 [INFO    ] pump_01: Sensor read cycle complete
2026-05-01T18:57:52.498 [INFO    ] valve_05: Sensor read cycle complete
2026-05-01T18:57:52.749 [INFO    ] compressor_03: RPM stable at 23
2026-05-01T18:57:53.000 [INFO    ] motor_02: Sensor read cycle complete
2026-05-01T18:57:53.251 [WARNING ] compressor_03: Vibration spike detected: 74.7 Hz
2026-05-01T18:57:53.501 [CRITICAL] conveyor_04: Catastrophic vibration: 44.1 Hz — shutting down
2026-05-01T18:57:53.752 [ERROR   ] conveyor_04: Sensor read FAILED — register 0x0003 timeout
2026-05-01T18:57:54.005 [INFO    ] motor_02: Sensor read cycle complete
2026-05-01T18:57:54.255 [INFO    ] compressor_03: Sensor read cycle complete
2026-05-01T18:57:54.506 [WARNING ] valve_05: Buffer utilisation at 110%
2026-05-01T18:57:54.757 [INFO    ] motor_02: RPM stable at 11
2026-05-01T18:57:55.016 [WARNING ] pump_01: Retry attempt 83 for register 0x0002
2026-05-01T18:57:55.266 [INFO    ] pump_01: RPM stable at 67
2026-05-01T18:57:55.517 [ERROR   ] valve_05: Motor stall detected — RPM dropped to 91
2026-05-01T18:57:55.768 [WARNING ] conveyor_04: Buffer utilisation at 112%
2026-05-01T18:57:56.019 [INFO    ] valve_05: RPM stable at 15
2026-05-01T18:57:56.270 [CRITICAL] pump_01: Power supply failure detected
2026-05-01T18:57:56.521 [INFO    ] conveyor_04: Temperature within normal range: 65.0°C
2026-05-01T18:57:56.771 [CRITICAL] motor_02: Catastrophic vibration: 36.3 Hz — shutting down
2026-05-01T18:57:57.022 [WARNING ] motor_02: Temperature elevated: 119.3°C — threshold 75°C
2026-05-01T18:57:57.276 [INFO    ] compressor_03: Connection alive
2026-05-01T18:57:57.527 [WARNING ] conveyor_04: Temperature elevated: 57.1°C — threshold 75°C
2026-05-01T18:57:57.777 [INFO    ] pump_01: System heartbeat OK
2026-05-01T18:57:58.028 [ERROR   ] motor_02: Motor stall detected — RPM dropped to 119
2026-05-01T18:57:58.279 [WARNING ] pump_01: Temperature elevated: 81.0°C — threshold 75°C
2026-05-01T18:57:58.530 [WARNING ] valve_05: Retry attempt 11 for register 0x0002
2026-05-01T18:57:58.783 [CRITICAL] valve_05: EMERGENCY STOP triggered — safety interlock activated
2026-05-01T18:57:59.034 [INFO    ] motor_02: System heartbeat OK
2026-05-01T18:57:59.285 [WARNING ] compressor_03: Buffer utilisation at 104%
2026-05-01T18:57:59.535 [INFO    ] pump_01: System heartbeat OK
2026-05-01T18:57:59.786 [CRITICAL] valve_05: EMERGENCY STOP triggered — safety interlock activated
2026-05-01T18:58:00.037 [INFO    ] motor_02: System heartbeat OK
2026-05-01T18:58:00.288 [WARNING ] valve_05: Response latency high: 111ms
2026-05-01T18:58:00.539 [INFO    ] conveyor_04: Connection alive
2026-05-01T18:58:00.789 [WARNING ] motor_02: Buffer utilisation at 18%
2026-05-01T18:58:01.040 [INFO    ] pump_01: Connection alive
2026-05-01T18:58:01.291 [INFO    ] pump_01: Sensor read cycle complete
2026-05-01T18:58:01.543 [INFO    ] valve_05: RPM stable at 112
2026-05-01T18:58:01.793 [INFO    ] pump_01: Connection alive
2026-05-01T18:58:02.046 [WARNING ] valve_05: Buffer utilisation at 65%
2026-05-01T18:58:02.297 [INFO    ] motor_02: System heartbeat OK
2026-05-01T18:58:02.548 [ERROR   ] compressor_03: Over-temperature limit exceeded: 58.0°C
2026-05-01T18:58:02.799 [INFO    ] motor_02: Sensor read cycle complete
2026-05-01T18:58:03.050 [WARNING ] pump_01: Vibration spike detected: 117.1 Hz
2026-05-01T18:58:03.300 [ERROR   ] valve_05: Motor stall detected — RPM dropped to 63
2026-05-01T18:58:03.551 [INFO    ] conveyor_04: RPM stable at 39
2026-05-01T18:58:03.802 [INFO    ] compressor_03: Temperature within normal range: 117.6°C
2026-05-01T18:58:04.054 [INFO    ] conveyor_04: Sensor read cycle complete
2026-05-01T18:58:04.305 [INFO    ] valve_05: Temperature within normal range: 15.6°C
2026-05-01T18:58:04.555 [ERROR   ] pump_01: Sensor read FAILED — register 0x0003 timeout
2026-05-01T18:58:04.806 [ERROR   ] motor_02: Over-temperature limit exceeded: 26.5°C
2026-05-01T18:58:05.056 [WARNING ] pump_01: Temperature elevated: 110.4°C — threshold 75°C
2026-05-01T18:58:05.307 [WARNING ] valve_05: Temperature elevated: 104.8°C — threshold 75°C
2026-05-01T18:58:05.559 [WARNING ] pump_01: Response latency high: 11ms
2026-05-01T18:58:05.810 [ERROR   ] compressor_03: Communication error: CRC mismatch
2026-05-01T18:58:06.061 [ERROR   ] compressor_03: Communication error: CRC mismatch
2026-05-01T18:58:06.311 [WARNING ] pump_01: Temperature elevated: 13.5°C — threshold 75°C
2026-05-01T18:58:06.562 [CRITICAL] valve_05: Catastrophic vibration: 33.2 Hz — shutting down
2026-05-01T18:58:06.813 [ERROR   ] motor_02: Communication error: CRC mismatch
2026-05-01T18:58:07.064 [CRITICAL] motor_02: Catastrophic vibration: 26.6 Hz — shutting down
2026-05-01T18:58:07.314 [INFO    ] compressor_03: System heartbeat OK
2026-05-01T18:58:07.565 [INFO    ] conveyor_04: Temperature within normal range: 113.5°C
2026-05-01T18:58:07.816 [ERROR   ] motor_02: Motor stall detected — RPM dropped to 29
2026-05-01T18:58:08.066 [WARNING ] conveyor_04: Response latency high: 70ms
2026-05-01T18:58:08.317 [INFO    ] compressor_03: Connection alive
2026-05-01T18:58:08.568 [ERROR   ] compressor_03: Over-temperature limit exceeded: 21.7°C
2026-05-01T18:58:08.818 [INFO    ] compressor_03: Connection alive
2026-05-01T18:58:09.069 [CRITICAL] pump_01: Catastrophic vibration: 60.0 Hz — shutting down
2026-05-01T18:58:09.320 [INFO    ] valve_05: Connection alive
2026-05-01T18:58:09.572 [INFO    ] motor_02: Connection alive
2026-05-01T18:58:09.822 [INFO    ] motor_02: Connection alive
2026-05-01T18:58:10.073 [INFO    ] valve_05: Pressure normal: 31.65 bar
2026-05-01T18:58:10.323 [CRITICAL] conveyor_04: Catastrophic vibration: 13.0 Hz — shutting down
2026-05-01T18:58:10.574 [INFO    ] pump_01: Temperature within normal range: 45.7°C
2026-05-01T18:58:10.825 [WARNING ] motor_02: Vibration spike detected: 72.0 Hz
2026-05-01T18:58:11.075 [WARNING ] pump_01: Response latency high: 94ms
2026-05-01T18:58:11.326 [CRITICAL] motor_02: EMERGENCY STOP triggered — safety interlock activated
2026-05-01T18:58:11.576 [WARNING ] compressor_03: Retry attempt 108 for register 0x0002
2026-05-01T18:58:11.827 [INFO    ] valve_05: Connection alive
2026-05-01T18:58:12.079 [INFO    ] pump_01: System heartbeat OK
2026-05-01T18:58:12.330 [ERROR   ] motor_02: Over-temperature limit exceeded: 114.9°C
2026-05-01T18:58:12.581 [INFO    ] pump_01: Sensor read cycle complete
2026-05-01T18:58:12.832 [INFO    ] valve_05: Pressure normal: 27.88 bar
2026-05-01T18:58:13.082 [INFO    ] compressor_03: Temperature within normal range: 70.7°C
2026-05-01T18:58:13.333 [INFO    ] conveyor_04: Connection alive
2026-05-01T18:58:13.584 [WARNING ] compressor_03: Retry attempt 53 for register 0x0002
2026-05-01T18:58:13.835 [ERROR   ] valve_05: Motor stall detected — RPM dropped to 29
2026-05-01T18:58:14.086 [WARNING ] pump_01: Retry attempt 60 for register 0x0002
2026-05-01T18:58:14.337 [INFO    ] motor_02: Sensor read cycle complete
2026-05-01T18:58:14.587 [INFO    ] conveyor_04: Temperature within normal range: 111.1°C
2026-05-01T18:58:14.838 [WARNING ] valve_05: Buffer utilisation at 90%
2026-05-01T18:58:15.088 [WARNING ] compressor_03: Response latency high: 73ms
2026-05-01T18:58:15.339 [INFO    ] motor_02: Pressure normal: 41.56 bar
2026-05-01T18:58:15.590 [WARNING ] motor_02: Retry attempt 118 for register 0x0002
2026-05-01T18:58:15.840 [INFO    ] compressor_03: Pressure normal: 61.56 bar
2026-05-01T18:58:16.091 [CRITICAL] conveyor_04: Catastrophic vibration: 99.0 Hz — shutting down
2026-05-01T18:58:16.341 [CRITICAL] conveyor_04: Catastrophic vibration: 67.7 Hz — shutting down
2026-05-01T18:58:16.591 [WARNING ] motor_02: Retry attempt 49 for register 0x0002
2026-05-01T18:58:16.843 [WARNING ] pump_01: Retry attempt 21 for register 0x0002
2026-05-01T18:58:17.093 [INFO    ] pump_01: Pressure normal: 26.90 bar
2026-05-01T18:58:17.344 [INFO    ] valve_05: Temperature within normal range: 25.2°C
2026-05-01T18:58:17.596 [INFO    ] compressor_03: Connection alive
2026-05-01T18:58:17.846 [INFO    ] compressor_03: Sensor read cycle complete
2026-05-01T18:58:18.098 [INFO    ] conveyor_04: Temperature within normal range: 66.5°C
2026-05-01T18:58:18.348 [WARNING ] conveyor_04: Buffer utilisation at 77%
2026-05-01T18:58:18.599 [INFO    ] valve_05: Connection alive
2026-05-01T18:58:18.850 [INFO    ] motor_02: RPM stable at 93
2026-05-01T18:58:19.102 [CRITICAL] motor_02: Catastrophic vibration: 32.9 Hz — shutting down
2026-05-01T18:58:19.353 [INFO    ] conveyor_04: Sensor read cycle complete
2026-05-01T18:58:19.603 [WARNING ] motor_02: Temperature elevated: 80.7°C — threshold 75°C
2026-05-01T18:58:19.854 [WARNING ] compressor_03: Temperature elevated: 102.2°C — threshold 75°C
2026-05-01T18:58:20.105 [INFO    ] motor_02: Temperature within normal range: 30.7°C
2026-05-01T18:58:20.355 [ERROR   ] motor_02: Communication error: CRC mismatch
2026-05-01T18:58:20.605 [ERROR   ] conveyor_04: Motor stall detected — RPM dropped to 53
2026-05-01T18:58:20.856 [INFO    ] motor_02: System heartbeat OK
2026-05-01T18:58:21.106 [INFO    ] pump_01: Pressure normal: 15.41 bar
2026-05-01T18:58:21.357 [ERROR   ] conveyor_04: Communication error: CRC mismatch
2026-05-01T18:58:21.608 [INFO    ] conveyor_04: Connection alive
2026-05-01T18:58:21.867 [INFO    ] conveyor_04: Connection alive
2026-05-01T18:58:22.117 [WARNING ] pump_01: Buffer utilisation at 15%
2026-05-01T18:58:22.368 [INFO    ] compressor_03: RPM stable at 54
2026-05-01T18:58:22.618 [WARNING ] conveyor_04: Buffer utilisation at 67%
2026-05-01T18:58:22.869 [WARNING ] valve_05: Response latency high: 60ms
2026-05-01T18:58:23.119 [INFO    ] valve_05: System heartbeat OK
2026-05-01T18:58:23.370 [INFO    ] compressor_03: Connection alive
2026-05-01T18:58:23.621 [WARNING ] motor_02: Temperature elevated: 46.2°C — threshold 75°C
2026-05-01T18:58:23.871 [INFO    ] conveyor_04: Temperature within normal range: 110.8°C
2026-05-01T18:58:24.122 [INFO    ] conveyor_04: System heartbeat OK
2026-05-01T18:58:24.374 [CRITICAL] valve_05: EMERGENCY STOP triggered — safety interlock activated
2026-05-01T18:58:24.625 [INFO    ] valve_05: System heartbeat OK
2026-05-01T18:58:24.876 [INFO    ] pump_01: RPM stable at 68
2026-05-01T18:58:25.127 [INFO    ] valve_05: Temperature within normal range: 46.1°C
2026-05-01T18:58:25.377 [INFO    ] conveyor_04: System heartbeat OK
2026-05-01T18:58:25.628 [INFO    ] conveyor_04: System heartbeat OK
2026-05-01T18:58:25.879 [ERROR   ] motor_02: Over-temperature limit exceeded: 51.1°C
2026-05-01T18:58:26.129 [INFO    ] valve_05: Temperature within normal range: 62.4°C
2026-05-01T18:58:26.379 [ERROR   ] compressor_03: Over-temperature limit exceeded: 60.7°C
2026-05-01T18:58:26.640 [CRITICAL] compressor_03: EMERGENCY STOP triggered — safety interlock activated
2026-05-01T18:58:26.891 [ERROR   ] valve_05: Over-temperature limit exceeded: 50.1°C
2026-05-01T18:58:27.142 [WARNING ] conveyor_04: Vibration spike detected: 55.2 Hz
2026-05-01T18:58:27.392 [INFO    ] conveyor_04: RPM stable at 102
2026-05-01T18:58:27.645 [ERROR   ] compressor_03: Sensor read FAILED — register 0x0003 timeout
2026-05-01T18:58:27.897 [CRITICAL] compressor_03: Power supply failure detected
2026-05-01T18:58:28.148 [INFO    ] pump_01: System heartbeat OK
2026-05-01T18:58:28.399 [INFO    ] compressor_03: System heartbeat OK
2026-05-01T18:58:28.649 [INFO    ] valve_05: RPM stable at 89
2026-05-01T18:58:28.900 [INFO    ] conveyor_04: System heartbeat OK
2026-05-01T18:58:29.150 [WARNING ] valve_05: Buffer utilisation at 118%
2026-05-01T18:58:29.401 [INFO    ] motor_02: Sensor read cycle complete
2026-05-01T18:58:29.653 [INFO    ] compressor_03: Temperature within normal range: 95.8°C
2026-05-01T18:58:29.904 [WARNING ] valve_05: Response latency high: 17ms
2026-05-01T18:58:30.158 [WARNING ] motor_02: Vibration spike detected: 18.9 Hz
2026-05-01T18:58:30.409 [ERROR   ] valve_05: Motor stall detected — RPM dropped to 28
2026-05-01T18:58:30.659 [WARNING ] valve_05: Vibration spike detected: 59.3 Hz
2026-05-01T18:58:30.909 [ERROR   ] motor_02: Over-temperature limit exceeded: 26.4°C
2026-05-01T18:58:31.160 [WARNING ] motor_02: Retry attempt 76 for register 0x0002
2026-05-01T18:58:31.412 [INFO    ] motor_02: Temperature within normal range: 80.0°C
2026-05-01T18:58:31.662 [INFO    ] pump_01: Connection alive
2026-05-01T18:58:31.913 [INFO    ] valve_05: Sensor read cycle complete
2026-05-01T18:58:32.164 [INFO    ] conveyor_04: Pressure normal: 10.42 bar
2026-05-01T18:58:32.416 [INFO    ] motor_02: System heartbeat OK
2026-05-01T18:58:32.667 [INFO    ] pump_01: Connection alive
2026-05-01T18:58:32.917 [WARNING ] compressor_03: Temperature elevated: 21.6°C — threshold 75°C
2026-05-01T18:58:33.180 [INFO    ] pump_01: Pressure normal: 117.02 bar
2026-05-01T18:58:33.431 [WARNING ] valve_05: Retry attempt 13 for register 0x0002
2026-05-01T18:58:33.682 [INFO    ] pump_01: System heartbeat OK
2026-05-01T18:58:33.932 [WARNING ] motor_02: Temperature elevated: 96.0°C — threshold 75°C
2026-05-01T18:58:34.183 [INFO    ] compressor_03: Temperature within normal range: 16.6°C
2026-05-01T18:58:34.434 [ERROR   ] conveyor_04: Sensor read FAILED — register 0x0003 timeout
2026-05-01T18:58:34.685 [INFO    ] conveyor_04: Connection alive
2026-05-01T18:58:34.935 [INFO    ] valve_05: Pressure normal: 76.86 bar
2026-05-01T18:58:35.186 [INFO    ] conveyor_04: RPM stable at 79
2026-05-01T18:58:35.438 [WARNING ] pump_01: Temperature elevated: 54.3°C — threshold 75°C
2026-05-01T18:58:35.689 [WARNING ] pump_01: Retry attempt 80 for register 0x0002
2026-05-01T18:58:35.940 [ERROR   ] valve_05: Sensor read FAILED — register 0x0003 timeout
2026-05-01T18:58:36.190 [INFO    ] conveyor_04: RPM stable at 64
2026-05-01T18:58:36.441 [INFO    ] valve_05: Sensor read cycle complete
2026-05-01T18:58:36.691 [CRITICAL] valve_05: Catastrophic vibration: 23.5 Hz — shutting down
2026-05-01T18:58:36.943 [INFO    ] compressor_03: RPM stable at 79
2026-05-01T18:58:37.194 [INFO    ] valve_05: Pressure normal: 113.36 bar
2026-05-01T18:58:37.447 [WARNING ] motor_02: Buffer utilisation at 73%
2026-05-01T18:58:37.702 [INFO    ] pump_01: Temperature within normal range: 96.2°C
2026-05-01T18:58:37.953 [INFO    ] pump_01: Pressure normal: 60.92 bar
2026-05-01T18:58:38.203 [WARNING ] compressor_03: Buffer utilisation at 103%
2026-05-01T18:58:38.454 [ERROR   ] motor_02: Communication error: CRC mismatch
2026-05-01T18:58:38.704 [INFO    ] conveyor_04: System heartbeat OK
2026-05-01T18:58:38.955 [INFO    ] conveyor_04: System heartbeat OK
2026-05-01T18:58:39.206 [INFO    ] motor_02: System heartbeat OK
2026-05-01T18:58:39.456 [INFO    ] compressor_03: Temperature within normal range: 27.3°C
2026-05-01T18:58:39.708 [INFO    ] compressor_03: Connection alive
2026-05-01T18:58:39.959 [ERROR   ] motor_02: Sensor read FAILED — register 0x0003 timeout
2026-05-01T18:58:40.215 [WARNING ] motor_02: Response latency high: 52ms
2026-05-01T18:58:40.469 [CRITICAL] conveyor_04: Catastrophic vibration: 35.1 Hz — shutting down
2026-05-01T18:58:40.720 [WARNING ] conveyor_04: Vibration spike detected: 117.7 Hz
2026-05-01T18:58:40.970 [INFO    ] pump_01: Temperature within normal range: 69.8°C
2026-05-01T18:58:41.221 [WARNING ] conveyor_04: Temperature elevated: 88.1°C — threshold 75°C
2026-05-01T18:58:41.471 [INFO    ] valve_05: RPM stable at 68
2026-05-01T18:58:41.722 [CRITICAL] pump_01: Catastrophic vibration: 76.7 Hz — shutting down
2026-05-01T18:58:41.973 [WARNING ] motor_02: Response latency high: 113ms
2026-05-01T18:58:42.223 [INFO    ] pump_01: System heartbeat OK
2026-05-01T18:58:42.483 [INFO    ] motor_02: Connection alive
2026-05-01T18:58:42.734 [INFO    ] valve_05: Pressure normal: 68.02 bar
2026-05-01T18:58:42.984 [WARNING ] pump_01: Temperature elevated: 37.6°C — threshold 75°C
2026-05-01T18:58:43.235 [INFO    ] conveyor_04: Pressure normal: 93.68 bar
2026-05-01T18:58:43.486 [ERROR   ] conveyor_04: Sensor read FAILED — register 0x0003 timeout
2026-05-01T18:58:43.736 [INFO    ] pump_01: Connection alive
2026-05-01T18:58:43.986 [INFO    ] pump_01: RPM stable at 27
2026-05-01T18:58:44.237 [INFO    ] motor_02: Temperature within normal range: 15.6°C
2026-05-01T18:58:44.488 [INFO    ] pump_01: System heartbeat OK
2026-05-01T18:58:44.738 [ERROR   ] compressor_03: Communication error: CRC mismatch
2026-05-01T18:58:44.992 [CRITICAL] valve_05: EMERGENCY STOP triggered — safety interlock activated
2026-05-01T18:58:45.243 [INFO    ] compressor_03: Sensor read cycle complete
2026-05-01T18:58:45.493 [INFO    ] motor_02: Temperature within normal range: 16.2°C
2026-05-01T18:58:45.744 [INFO    ] compressor_03: Sensor read cycle complete
2026-05-01T18:58:45.995 [WARNING ] compressor_03: Vibration spike detected: 27.5 Hz
2026-05-01T18:58:46.245 [INFO    ] motor_02: System heartbeat OK
2026-05-01T18:58:46.496 [INFO    ] motor_02: Pressure normal: 46.07 bar
2026-05-01T18:58:46.746 [INFO    ] pump_01: Sensor read cycle complete
2026-05-01T18:58:46.997 [WARNING ] pump_01: Retry attempt 19 for register 0x0002
2026-05-01T18:58:47.248 [INFO    ] pump_01: Pressure normal: 16.71 bar
2026-05-01T18:58:47.498 [INFO    ] compressor_03: Sensor read cycle complete
2026-05-01T18:58:47.749 [INFO    ] valve_05: Pressure normal: 95.07 bar
2026-05-01T18:58:47.999 [INFO    ] valve_05: Connection alive
2026-05-01T18:58:48.250 [INFO    ] pump_01: Sensor read cycle complete
2026-05-01T18:58:48.500 [INFO    ] pump_01: Temperature within normal range: 114.7°C
2026-05-01T18:58:48.751 [CRITICAL] conveyor_04: EMERGENCY STOP triggered — safety interlock activated
2026-05-01T18:58:49.006 [INFO    ] valve_05: RPM stable at 20
2026-05-01T18:58:49.259 [ERROR   ] motor_02: Over-temperature limit exceeded: 21.9°C
2026-05-01T18:58:49.510 [WARNING ] valve_05: Vibration spike detected: 38.4 Hz
2026-05-01T18:58:49.760 [INFO    ] compressor_03: RPM stable at 77
2026-05-01T18:58:50.013 [WARNING ] conveyor_04: Response latency high: 42ms
2026-05-01T18:58:50.264 [INFO    ] conveyor_04: Pressure normal: 15.74 bar
2026-05-01T18:58:50.515 [INFO    ] motor_02: RPM stable at 90
2026-05-01T18:58:50.765 [INFO    ] pump_01: Connection alive
2026-05-01T18:58:51.016 [INFO    ] compressor_03: Sensor read cycle complete
2026-05-01T18:58:51.267 [INFO    ] pump_01: Connection alive
2026-05-01T18:58:51.517 [INFO    ] valve_05: RPM stable at 61
2026-05-01T18:58:51.768 [ERROR   ] pump_01: Communication error: CRC mismatch
2026-05-01T18:58:52.018 [INFO    ] pump_01: System heartbeat OK
2026-05-01T18:58:52.271 [INFO    ] conveyor_04: Connection alive
2026-05-01T18:58:52.521 [ERROR   ] motor_02: Communication error: CRC mismatch
2026-05-01T18:58:52.772 [INFO    ] motor_02: Connection alive
2026-05-01T18:58:53.023 [INFO    ] motor_02: Pressure normal: 101.80 bar
2026-05-01T18:58:53.274 [WARNING ] conveyor_04: Retry attempt 75 for register 0x0002
2026-05-01T18:58:53.524 [ERROR   ] conveyor_04: Sensor read FAILED — register 0x0003 timeout
2026-05-01T18:58:53.775 [INFO    ] pump_01: RPM stable at 25
2026-05-01T18:58:54.025 [INFO    ] conveyor_04: Connection alive
2026-05-01T18:58:54.276 [ERROR   ] motor_02: Communication error: CRC mismatch
2026-05-01T18:58:54.527 [INFO    ] conveyor_04: Pressure normal: 51.98 bar
2026-05-01T18:58:54.777 [ERROR   ] motor_02: Over-temperature limit exceeded: 103.0°C
2026-05-01T18:58:55.028 [INFO    ] conveyor_04: Sensor read cycle complete
2026-05-01T18:58:55.279 [WARNING ] motor_02: Buffer utilisation at 11%
2026-05-01T18:58:55.530 [WARNING ] valve_05: Retry attempt 12 for register 0x0002
2026-05-01T18:58:55.780 [INFO    ] motor_02: Sensor read cycle complete
2026-05-01T18:58:56.031 [INFO    ] motor_02: Pressure normal: 15.97 bar
2026-05-01T18:58:56.281 [WARNING ] motor_02: Response latency high: 71ms
2026-05-01T18:58:56.532 [INFO    ] valve_05: System heartbeat OK
2026-05-01T18:58:56.783 [ERROR   ] compressor_03: Communication error: CRC mismatch
2026-05-01T18:58:57.033 [ERROR   ] valve_05: Motor stall detected — RPM dropped to 10
2026-05-01T18:58:57.284 [WARNING ] valve_05: Buffer utilisation at 71%
2026-05-01T18:58:57.535 [INFO    ] conveyor_04: Sensor read cycle complete
2026-05-01T18:58:57.785 [ERROR   ] valve_05: Communication error: CRC mismatch
2026-05-01T18:58:58.036 [CRITICAL] conveyor_04: EMERGENCY STOP triggered — safety interlock activated
2026-05-01T18:58:58.286 [INFO    ] compressor_03: RPM stable at 12
2026-05-01T18:58:58.537 [INFO    ] pump_01: Temperature within normal range: 61.3°C
2026-05-01T18:58:58.788 [INFO    ] motor_02: Temperature within normal range: 90.8°C
2026-05-01T18:58:59.038 [INFO    ] motor_02: Temperature within normal range: 54.8°C
2026-05-01T18:58:59.289 [INFO    ] valve_05: Pressure normal: 104.03 bar
2026-05-01T18:58:59.540 [WARNING ] motor_02: Buffer utilisation at 106%
2026-05-01T18:58:59.790 [CRITICAL] pump_01: Power supply failure detected
2026-05-01T18:59:00.041 [INFO    ] conveyor_04: RPM stable at 70
2026-05-01T18:59:00.292 [INFO    ] valve_05: RPM stable at 26
2026-05-01T18:59:00.542 [CRITICAL] pump_01: EMERGENCY STOP triggered — safety interlock activated
2026-05-01T18:59:00.793 [WARNING ] valve_05: Buffer utilisation at 74%
2026-05-01T18:59:01.044 [INFO    ] motor_02: Connection alive
2026-05-01T18:59:01.295 [INFO    ] pump_01: Temperature within normal range: 59.2°C
2026-05-01T18:59:01.546 [WARNING ] valve_05: Response latency high: 64ms
2026-05-01T18:59:01.797 [INFO    ] motor_02: RPM stable at 112
2026-05-01T18:59:02.052 [INFO    ] pump_01: Temperature within normal range: 88.4°C
2026-05-01T18:59:02.303 [INFO    ] valve_05: Sensor read cycle complete
2026-05-01T18:59:02.554 [INFO    ] pump_01: System heartbeat OK
2026-05-01T18:59:02.807 [INFO    ] motor_02: System heartbeat OK
2026-05-01T18:59:03.058 [INFO    ] pump_01: RPM stable at 58
2026-05-01T18:59:03.310 [WARNING ] compressor_03: Buffer utilisation at 91%
2026-05-01T18:59:03.561 [INFO    ] valve_05: System heartbeat OK
2026-05-01T18:59:03.811 [WARNING ] valve_05: Buffer utilisation at 10%
2026-05-01T18:59:04.062 [WARNING ] conveyor_04: Response latency high: 61ms
2026-05-01T18:59:04.313 [INFO    ] compressor_03: Pressure normal: 102.09 bar
2026-05-01T18:59:04.563 [INFO    ] valve_05: Connection alive
2026-05-01T18:59:04.814 [INFO    ] compressor_03: System heartbeat OK
2026-05-01T18:59:05.065 [WARNING ] compressor_03: Retry attempt 112 for register 0x0002
2026-05-01T18:59:05.317 [INFO    ] conveyor_04: Temperature within normal range: 102.3°C
2026-05-01T18:59:05.573 [ERROR   ] pump_01: Motor stall detected — RPM dropped to 17
2026-05-01T18:59:05.824 [WARNING ] valve_05: Vibration spike detected: 116.2 Hz
2026-05-01T18:59:06.074 [INFO    ] motor_02: Connection alive
2026-05-01T18:59:06.325 [INFO    ] compressor_03: System heartbeat OK
2026-05-01T18:59:06.576 [INFO    ] pump_01: Temperature within normal range: 12.6°C
2026-05-01T18:59:06.831 [WARNING ] motor_02: Temperature elevated: 115.7°C — threshold 75°C
2026-05-01T18:59:07.083 [WARNING ] valve_05: Vibration spike detected: 46.2 Hz
2026-05-01T18:59:07.333 [CRITICAL] compressor_03: EMERGENCY STOP triggered — safety interlock activated
2026-05-01T18:59:07.584 [INFO    ] compressor_03: System heartbeat OK
2026-05-01T18:59:07.834 [INFO    ] valve_05: System heartbeat OK
2026-05-01T18:59:08.085 [INFO    ] compressor_03: Sensor read cycle complete
2026-05-01T18:59:08.337 [INFO    ] motor_02: RPM stable at 86
2026-05-01T18:59:08.587 [WARNING ] valve_05: Vibration spike detected: 58.8 Hz
2026-05-01T18:59:08.838 [INFO    ] motor_02: Temperature within normal range: 103.3°C
2026-05-01T18:59:09.089 [ERROR   ] conveyor_04: Motor stall detected — RPM dropped to 15
2026-05-01T18:59:09.347 [INFO    ] valve_05: Sensor read cycle complete
2026-05-01T18:59:09.601 [INFO    ] conveyor_04: System heartbeat OK
2026-05-01T18:59:09.851 [WARNING ] compressor_03: Temperature elevated: 105.3°C — threshold 75°C
2026-05-01T18:59:10.102 [ERROR   ] valve_05: Over-temperature limit exceeded: 62.2°C
2026-05-01T18:59:10.353 [INFO    ] pump_01: Temperature within normal range: 80.9°C
2026-05-01T18:59:10.603 [INFO    ] motor_02: Pressure normal: 61.45 bar
2026-05-01T18:59:10.855 [INFO    ] conveyor_04: Temperature within normal range: 64.1°C
2026-05-01T18:59:11.106 [INFO    ] conveyor_04: Pressure normal: 95.97 bar
2026-05-01T18:59:11.356 [ERROR   ] valve_05: Communication error: CRC mismatch
2026-05-01T18:59:11.618 [WARNING ] pump_01: Buffer utilisation at 32%
2026-05-01T18:59:11.872 [WARNING ] conveyor_04: Temperature elevated: 97.0°C — threshold 75°C
2026-05-01T18:59:12.122 [INFO    ] conveyor_04: Sensor read cycle complete
2026-05-01T18:59:12.373 [INFO    ] valve_05: Temperature within normal range: 97.9°C
2026-05-01T18:59:12.623 [INFO    ] conveyor_04: Temperature within normal range: 29.2°C
2026-05-01T18:59:12.874 [ERROR   ] conveyor_04: Over-temperature limit exceeded: 72.9°C
2026-05-01T18:59:13.124 [INFO    ] compressor_03: RPM stable at 105
2026-05-01T18:59:13.374 [INFO    ] pump_01: Pressure normal: 60.11 bar
2026-05-01T18:59:13.625 [INFO    ] pump_01: System heartbeat OK
2026-05-01T18:59:13.876 [ERROR   ] conveyor_04: Motor stall detected — RPM dropped to 77
2026-05-01T18:59:14.126 [INFO    ] conveyor_04: Temperature within normal range: 30.9°C
2026-05-01T18:59:14.377 [INFO    ] compressor_03: System heartbeat OK
2026-05-01T18:59:14.627 [INFO    ] conveyor_04: RPM stable at 59
2026-05-01T18:59:14.879 [WARNING ] compressor_03: Response latency high: 107ms
2026-05-01T18:59:15.129 [WARNING ] pump_01: Response latency high: 103ms
2026-05-01T18:59:15.380 [INFO    ] motor_02: System heartbeat OK
2026-05-01T18:59:15.630 [INFO    ] valve_05: Connection alive
2026-05-01T18:59:15.882 [INFO    ] pump_01: System heartbeat OK
2026-05-01T18:59:16.133 [WARNING ] pump_01: Temperature elevated: 27.0°C — threshold 75°C
2026-05-01T18:59:16.384 [WARNING ] valve_05: Temperature elevated: 47.0°C — threshold 75°C
2026-05-01T18:59:16.635 [ERROR   ] pump_01: Over-temperature limit exceeded: 116.7°C
2026-05-01T18:59:16.886 [WARNING ] pump_01: Retry attempt 49 for register 0x0002
2026-05-01T18:59:17.137 [WARNING ] motor_02: Buffer utilisation at 59%
2026-05-01T18:59:17.387 [INFO    ] conveyor_04: Temperature within normal range: 97.1°C
2026-05-01T18:59:17.640 [INFO    ] motor_02: RPM stable at 66
2026-05-01T18:59:17.890 [WARNING ] valve_05: Buffer utilisation at 40%
2026-05-01T18:59:18.141 [INFO    ] valve_05: RPM stable at 103
2026-05-01T18:59:18.391 [INFO    ] conveyor_04: Temperature within normal range: 52.2°C
2026-05-01T18:59:18.642 [ERROR   ] valve_05: Sensor read FAILED — register 0x0003 timeout
2026-05-01T18:59:18.894 [INFO    ] valve_05: Temperature within normal range: 11.6°C
2026-05-01T18:59:19.144 [INFO    ] pump_01: Temperature within normal range: 101.0°C
2026-05-01T18:59:19.395 [WARNING ] conveyor_04: Vibration spike detected: 101.9 Hz
2026-05-01T18:59:19.646 [INFO    ] conveyor_04: System heartbeat OK
2026-05-01T18:59:19.896 [WARNING ] valve_05: Response latency high: 64ms
2026-05-01T18:59:20.148 [INFO    ] pump_01: Sensor read cycle complete
2026-05-01T18:59:20.399 [ERROR   ] valve_05: Sensor read FAILED — register 0x0003 timeout
2026-05-01T18:59:20.650 [WARNING ] conveyor_04: Temperature elevated: 49.5°C — threshold 75°C
2026-05-01T18:59:20.901 [WARNING ] motor_02: Temperature elevated: 103.5°C — threshold 75°C
2026-05-01T18:59:21.152 [INFO    ] valve_05: Temperature within normal range: 98.0°C
2026-05-01T18:59:21.403 [INFO    ] conveyor_04: Pressure normal: 80.32 bar
2026-05-01T18:59:21.653 [INFO    ] valve_05: Pressure normal: 18.97 bar
2026-05-01T18:59:21.905 [WARNING ] compressor_03: Retry attempt 53 for register 0x0002
2026-05-01T18:59:22.156 [WARNING ] motor_02: Vibration spike detected: 49.4 Hz
2026-05-01T18:59:22.407 [INFO    ] conveyor_04: Temperature within normal range: 80.0°C
2026-05-01T18:59:22.658 [INFO    ] pump_01: Sensor read cycle complete
2026-05-01T18:59:22.908 [INFO    ] valve_05: System heartbeat OK
2026-05-01T18:59:23.160 [INFO    ] motor_02: RPM stable at 61
2026-05-01T18:59:23.411 [INFO    ] motor_02: Temperature within normal range: 34.5°C
2026-05-01T18:59:23.662 [WARNING ] pump_01: Buffer utilisation at 15%
2026-05-01T18:59:23.912 [ERROR   ] pump_01: Communication error: CRC mismatch
2026-05-01T18:59:24.163 [WARNING ] pump_01: Temperature elevated: 87.7°C — threshold 75°C
2026-05-01T18:59:24.414 [ERROR   ] motor_02: Motor stall detected — RPM dropped to 40
2026-05-01T18:59:24.664 [INFO    ] valve_05: Temperature within normal range: 117.7°C
2026-05-01T18:59:24.915 [INFO    ] motor_02: Connection alive
2026-05-01T18:59:25.166 [INFO    ] compressor_03: Pressure normal: 49.03 bar
2026-05-01T18:59:25.422 [WARNING ] compressor_03: Temperature elevated: 34.5°C — threshold 75°C
2026-05-01T18:59:25.673 [INFO    ] conveyor_04: System heartbeat OK
2026-05-01T18:59:25.924 [INFO    ] pump_01: Temperature within normal range: 71.3°C
2026-05-01T18:59:26.184 [INFO    ] motor_02: RPM stable at 41
2026-05-01T18:59:26.448 [WARNING ] pump_01: Response latency high: 61ms
2026-05-01T18:59:26.699 [ERROR   ] compressor_03: Communication error: CRC mismatch
2026-05-01T18:59:26.950 [WARNING ] valve_05: Buffer utilisation at 98%
2026-05-01T18:59:27.201 [ERROR   ] conveyor_04: Communication error: CRC mismatch
2026-05-01T18:59:27.451 [INFO    ] pump_01: Temperature within normal range: 63.0°C
2026-05-01T18:59:27.702 [INFO    ] compressor_03: Pressure normal: 46.81 bar
2026-05-01T18:59:27.953 [INFO    ] motor_02: Connection alive
2026-05-01T18:59:28.203 [INFO    ] compressor_03: System heartbeat OK
2026-05-01T18:59:28.454 [INFO    ] compressor_03: Sensor read cycle complete
2026-05-01T18:59:28.705 [INFO    ] motor_02: System heartbeat OK
2026-05-01T18:59:28.956 [INFO    ] pump_01: RPM stable at 94
2026-05-01T18:59:29.208 [CRITICAL] compressor_03: Catastrophic vibration: 72.5 Hz — shutting down
2026-05-01T18:59:29.459 [INFO    ] motor_02: Temperature within normal range: 57.7°C
2026-05-01T18:59:29.709 [INFO    ] compressor_03: Temperature within normal range: 34.5°C
2026-05-01T18:59:29.960 [WARNING ] pump_01: Retry attempt 87 for register 0x0002
2026-05-01T18:59:30.211 [CRITICAL] compressor_03: EMERGENCY STOP triggered — safety interlock activated
2026-05-01T18:59:30.469 [ERROR   ] valve_05: Communication error: CRC mismatch
2026-05-01T18:59:30.720 [INFO    ] valve_05: Sensor read cycle complete
2026-05-01T18:59:30.971 [INFO    ] pump_01: System heartbeat OK
2026-05-01T18:59:31.222 [INFO    ] pump_01: Connection alive
2026-05-01T18:59:31.473 [ERROR   ] pump_01: Communication error: CRC mismatch
2026-05-01T18:59:31.724 [WARNING ] pump_01: Temperature elevated: 110.9°C — threshold 75°C
2026-05-01T18:59:31.974 [ERROR   ] pump_01: Over-temperature limit exceeded: 10.1°C
2026-05-01T18:59:32.225 [WARNING ] pump_01: Temperature elevated: 114.5°C — threshold 75°C
2026-05-01T18:59:32.476 [WARNING ] motor_02: Buffer utilisation at 112%
2026-05-01T18:59:32.727 [INFO    ] motor_02: Temperature within normal range: 16.8°C
2026-05-01T18:59:32.977 [WARNING ] valve_05: Buffer utilisation at 80%
2026-05-01T18:59:33.240 [INFO    ] compressor_03: Connection alive
2026-05-01T18:59:33.512 [WARNING ] conveyor_04: Temperature elevated: 65.8°C — threshold 75°C
2026-05-01T18:59:33.763 [ERROR   ] motor_02: Sensor read FAILED — register 0x0003 timeout
2026-05-01T18:59:34.014 [WARNING ] conveyor_04: Buffer utilisation at 86%
2026-05-01T18:59:34.265 [INFO    ] compressor_03: Connection alive
2026-05-01T18:59:34.516 [CRITICAL] motor_02: EMERGENCY STOP triggered — safety interlock activated
2026-05-01T18:59:34.766 [INFO    ] pump_01: RPM stable at 20
2026-05-01T18:59:35.018 [INFO    ] pump_01: Pressure normal: 107.24 bar
2026-05-01T18:59:35.269 [INFO    ] pump_01: System heartbeat OK
2026-05-01T18:59:35.519 [INFO    ] conveyor_04: System heartbeat OK
2026-05-01T18:59:35.770 [INFO    ] pump_01: Sensor read cycle complete
2026-05-01T18:59:36.020 [WARNING ] valve_05: Retry attempt 15 for register 0x0002
2026-05-01T18:59:36.271 [INFO    ] compressor_03: RPM stable at 55
2026-05-01T18:59:36.523 [INFO    ] compressor_03: RPM stable at 88
2026-05-01T18:59:36.775 [INFO    ] pump_01: Temperature within normal range: 45.5°C
2026-05-01T18:59:37.027 [WARNING ] valve_05: Vibration spike detected: 50.1 Hz
2026-05-01T18:59:37.278 [INFO    ] valve_05: RPM stable at 98
2026-05-01T18:59:37.528 [WARNING ] valve_05: Vibration spike detected: 69.7 Hz
2026-05-01T18:59:37.779 [INFO    ] pump_01: Sensor read cycle complete
2026-05-01T18:59:38.029 [ERROR   ] motor_02: Motor stall detected — RPM dropped to 99
2026-05-01T18:59:38.280 [INFO    ] pump_01: RPM stable at 98
2026-05-01T18:59:38.531 [ERROR   ] pump_01: Motor stall detected — RPM dropped to 91
2026-05-01T18:59:38.782 [WARNING ] motor_02: Retry attempt 82 for register 0x0002
2026-05-01T18:59:39.032 [WARNING ] compressor_03: Buffer utilisation at 71%
2026-05-01T18:59:39.283 [WARNING ] compressor_03: Vibration spike detected: 40.2 Hz
2026-05-01T18:59:39.534 [WARNING ] valve_05: Retry attempt 37 for register 0x0002
2026-05-01T18:59:39.784 [INFO    ] compressor_03: RPM stable at 60
2026-05-01T18:59:40.035 [INFO    ] compressor_03: Temperature within normal range: 83.4°C
2026-05-01T18:59:40.285 [ERROR   ] motor_02: Over-temperature limit exceeded: 105.5°C
2026-05-01T18:59:40.536 [WARNING ] compressor_03: Response latency high: 32ms
2026-05-01T18:59:40.787 [INFO    ] motor_02: Sensor read cycle complete
2026-05-01T18:59:41.042 [WARNING ] conveyor_04: Buffer utilisation at 37%
2026-05-01T18:59:41.293 [WARNING ] compressor_03: Response latency high: 50ms
2026-05-01T18:59:41.545 [INFO    ] valve_05: Temperature within normal range: 75.2°C
2026-05-01T18:59:41.796 [INFO    ] compressor_03: System heartbeat OK
2026-05-01T18:59:42.049 [CRITICAL] valve_05: Power supply failure detected
2026-05-01T18:59:42.300 [WARNING ] compressor_03: Response latency high: 81ms
2026-05-01T18:59:42.551 [INFO    ] conveyor_04: System heartbeat OK
2026-05-01T18:59:42.803 [ERROR   ] motor_02: Sensor read FAILED — register 0x0003 timeout
2026-05-01T18:59:43.053 [CRITICAL] motor_02: Catastrophic vibration: 17.0 Hz — shutting down
2026-05-01T18:59:43.304 [WARNING ] motor_02: Buffer utilisation at 59%
2026-05-01T18:59:43.554 [INFO    ] conveyor_04: Pressure normal: 107.08 bar
2026-05-01T18:59:43.805 [CRITICAL] motor_02: EMERGENCY STOP triggered — safety interlock activated
2026-05-01T18:59:44.056 [ERROR   ] motor_02: Sensor read FAILED — register 0x0003 timeout
2026-05-01T18:59:44.307 [CRITICAL] compressor_03: Catastrophic vibration: 96.1 Hz — shutting down
2026-05-01T18:59:44.559 [INFO    ] pump_01: RPM stable at 19
2026-05-01T18:59:44.811 [INFO    ] compressor_03: Connection alive
2026-05-01T18:59:45.062 [INFO    ] compressor_03: Pressure normal: 33.37 bar
2026-05-01T18:59:45.312 [WARNING ] compressor_03: Response latency high: 59ms
2026-05-01T18:59:45.563 [INFO    ] valve_05: System heartbeat OK
2026-05-01T18:59:45.813 [WARNING ] conveyor_04: Buffer utilisation at 111%
2026-05-01T18:59:46.065 [INFO    ] pump_01: Connection alive
2026-05-01T18:59:46.323 [INFO    ] compressor_03: RPM stable at 119
2026-05-01T18:59:46.577 [INFO    ] valve_05: System heartbeat OK
2026-05-01T18:59:46.827 [INFO    ] valve_05: Temperature within normal range: 15.6°C
2026-05-01T18:59:47.078 [INFO    ] conveyor_04: System heartbeat OK
2026-05-01T18:59:47.329 [INFO    ] compressor_03: RPM stable at 99
2026-05-01T18:59:47.582 [INFO    ] conveyor_04: Pressure normal: 107.20 bar
2026-05-01T18:59:47.833 [ERROR   ] conveyor_04: Communication error: CRC mismatch
2026-05-01T18:59:48.084 [INFO    ] conveyor_04: Temperature within normal range: 34.9°C
2026-05-01T18:59:48.335 [INFO    ] compressor_03: Pressure normal: 22.16 bar
2026-05-01T18:59:48.586 [INFO    ] pump_01: Connection alive
2026-05-01T18:59:48.836 [WARNING ] compressor_03: Vibration spike detected: 55.3 Hz
2026-05-01T18:59:49.087 [INFO    ] motor_02: Connection alive
2026-05-01T18:59:49.338 [WARNING ] motor_02: Response latency high: 40ms
2026-05-01T18:59:49.589 [ERROR   ] motor_02: Motor stall detected — RPM dropped to 92
2026-05-01T18:59:49.846 [WARNING ] compressor_03: Retry attempt 91 for register 0x0002
2026-05-01T18:59:50.098 [WARNING ] motor_02: Buffer utilisation at 80%
2026-05-01T18:59:50.349 [WARNING ] motor_02: Buffer utilisation at 65%
2026-05-01T18:59:50.600 [ERROR   ] valve_05: Over-temperature limit exceeded: 51.0°C
2026-05-01T18:59:50.850 [INFO    ] valve_05: System heartbeat OK
2026-05-01T18:59:51.101 [INFO    ] compressor_03: Connection alive
2026-05-01T18:59:51.352 [INFO    ] motor_02: RPM stable at 49
2026-05-01T18:59:51.605 [INFO    ] conveyor_04: Temperature within normal range: 18.0°C
2026-05-01T18:59:51.856 [INFO    ] compressor_03: Connection alive
2026-05-01T18:59:52.106 [INFO    ] pump_01: RPM stable at 14
2026-05-01T18:59:52.360 [INFO    ] pump_01: RPM stable at 40
2026-05-01T18:59:52.612 [INFO    ] pump_01: Connection alive
2026-05-01T18:59:52.863 [INFO    ] conveyor_04: RPM stable at 90
2026-05-01T18:59:53.114 [INFO    ] pump_01: RPM stable at 38
2026-05-01T18:59:53.364 [WARNING ] conveyor_04: Vibration spike detected: 75.1 Hz
2026-05-01T18:59:53.615 [INFO    ] compressor_03: RPM stable at 110
2026-05-01T18:59:53.868 [INFO    ] valve_05: Temperature within normal range: 94.4°C
2026-05-01T18:59:54.119 [INFO    ] pump_01: Temperature within normal range: 91.0°C
2026-05-01T18:59:54.370 [ERROR   ] pump_01: Motor stall detected — RPM dropped to 87
2026-05-01T18:59:54.621 [INFO    ] compressor_03: Sensor read cycle complete
2026-05-01T18:59:54.872 [WARNING ] conveyor_04: Retry attempt 113 for register 0x0002
2026-05-01T18:59:55.123 [INFO    ] pump_01: Connection alive
2026-05-01T18:59:55.377 [INFO    ] motor_02: Pressure normal: 29.78 bar
2026-05-01T18:59:55.628 [INFO    ] valve_05: Sensor read cycle complete
2026-05-01T18:59:55.880 [CRITICAL] pump_01: EMERGENCY STOP triggered — safety interlock activated
2026-05-01T18:59:56.131 [INFO    ] valve_05: RPM stable at 17
2026-05-01T18:59:56.384 [INFO    ] compressor_03: System heartbeat OK
2026-05-01T18:59:56.635 [INFO    ] valve_05: Pressure normal: 26.23 bar
2026-05-01T18:59:56.887 [INFO    ] conveyor_04: Sensor read cycle complete
2026-05-01T18:59:57.137 [INFO    ] conveyor_04: Pressure normal: 22.21 bar
2026-05-01T18:59:57.388 [INFO    ] pump_01: Pressure normal: 50.43 bar
2026-05-01T18:59:57.641 [WARNING ] motor_02: Buffer utilisation at 30%
2026-05-01T18:59:57.893 [INFO    ] valve_05: Sensor read cycle complete
2026-05-01T18:59:58.144 [INFO    ] compressor_03: Temperature within normal range: 59.3°C
2026-05-01T18:59:58.395 [CRITICAL] conveyor_04: Catastrophic vibration: 39.0 Hz — shutting down
2026-05-01T18:59:58.646 [INFO    ] pump_01: Connection alive
2026-05-01T18:59:58.897 [WARNING ] valve_05: Vibration spike detected: 43.4 Hz
2026-05-01T18:59:59.148 [INFO    ] valve_05: Temperature within normal range: 59.4°C
2026-05-01T18:59:59.405 [INFO    ] motor_02: System heartbeat OK
2026-05-01T18:59:59.656 [INFO    ] pump_01: Temperature within normal range: 15.5°C
2026-05-01T18:59:59.906 [INFO    ] conveyor_04: System heartbeat OK
2026-05-01T19:00:00.157 [ERROR   ] pump_01: Sensor read FAILED — register 0x0003 timeout
2026-05-01T19:00:00.424 [INFO    ] valve_05: RPM stable at 109
2026-05-01T19:00:00.675 [INFO    ] pump_01: Sensor read cycle complete
2026-05-01T19:00:00.927 [INFO    ] motor_02: Pressure normal: 13.38 bar
2026-05-01T19:00:01.180 [INFO    ] motor_02: Connection alive
2026-05-01T19:00:01.431 [WARNING ] valve_05: Response latency high: 28ms
2026-05-01T19:00:01.683 [INFO    ] motor_02: Temperature within normal range: 98.1°C
2026-05-01T19:00:01.934 [ERROR   ] pump_01: Over-temperature limit exceeded: 33.7°C
2026-05-01T19:00:02.184 [INFO    ] motor_02: Temperature within normal range: 41.6°C
2026-05-01T19:00:02.435 [INFO    ] pump_01: Temperature within normal range: 95.9°C
2026-05-01T19:00:02.686 [INFO    ] pump_01: Sensor read cycle complete
2026-05-01T19:00:02.937 [WARNING ] motor_02: Retry attempt 44 for register 0x0002
2026-05-01T19:00:03.192 [CRITICAL] compressor_03: Catastrophic vibration: 92.6 Hz — shutting down
2026-05-01T19:00:03.443 [INFO    ] valve_05: Pressure normal: 28.90 bar
2026-05-01T19:00:03.694 [WARNING ] valve_05: Temperature elevated: 80.3°C — threshold 75°C
2026-05-01T19:00:03.945 [INFO    ] valve_05: Connection alive
2026-05-01T19:00:04.196 [INFO    ] motor_02: Temperature within normal range: 85.6°C
2026-05-01T19:00:04.446 [INFO    ] motor_02: Connection alive
2026-05-01T19:00:04.697 [INFO    ] motor_02: Sensor read cycle complete
2026-05-01T19:00:04.950 [ERROR   ] compressor_03: Motor stall detected — RPM dropped to 46
2026-05-01T19:00:05.201 [INFO    ] valve_05: RPM stable at 22
2026-05-01T19:00:05.452 [INFO    ] valve_05: RPM stable at 105
2026-05-01T19:00:05.702 [WARNING ] compressor_03: Retry attempt 111 for register 0x0002
2026-05-01T19:00:05.953 [ERROR   ] pump_01: Sensor read FAILED — register 0x0003 timeout
2026-05-01T19:00:06.203 [ERROR   ] valve_05: Sensor read FAILED — register 0x0003 timeout
2026-05-01T19:00:06.454 [INFO    ] pump_01: Temperature within normal range: 21.2°C
2026-05-01T19:00:06.706 [INFO    ] motor_02: Temperature within normal range: 52.3°C
2026-05-01T19:00:06.956 [WARNING ] motor_02: Response latency high: 63ms
2026-05-01T19:00:07.207 [INFO    ] pump_01: Sensor read cycle complete
2026-05-01T19:00:07.458 [ERROR   ] conveyor_04: Sensor read FAILED — register 0x0003 timeout
2026-05-01T19:00:07.708 [INFO    ] motor_02: Connection alive
2026-05-01T19:00:07.959 [WARNING ] pump_01: Retry attempt 107 for register 0x0002
2026-05-01T19:00:08.212 [WARNING ] motor_02: Buffer utilisation at 120%
2026-05-01T19:00:08.467 [WARNING ] conveyor_04: Vibration spike detected: 51.8 Hz
2026-05-01T19:00:08.717 [INFO    ] conveyor_04: Pressure normal: 62.17 bar
2026-05-01T19:00:08.969 [INFO    ] conveyor_04: Temperature within normal range: 63.7°C
2026-05-01T19:00:09.220 [INFO    ] pump_01: System heartbeat OK
2026-05-01T19:00:09.471 [INFO    ] compressor_03: RPM stable at 108
2026-05-01T19:00:09.722 [INFO    ] valve_05: System heartbeat OK
2026-05-01T19:00:09.974 [WARNING ] pump_01: Response latency high: 118ms
2026-05-01T19:00:10.225 [INFO    ] valve_05: Pressure normal: 81.76 bar
2026-05-01T19:00:10.478 [INFO    ] motor_02: Temperature within normal range: 118.0°C
2026-05-01T19:00:10.729 [INFO    ] valve_05: Sensor read cycle complete
2026-05-01T19:00:10.979 [ERROR   ] motor_02: Motor stall detected — RPM dropped to 99
2026-05-01T19:00:11.231 [INFO    ] valve_05: Sensor read cycle complete
2026-05-01T19:00:11.482 [ERROR   ] compressor_03: Communication error: CRC mismatch
2026-05-01T19:00:11.732 [INFO    ] motor_02: Connection alive
2026-05-01T19:00:11.983 [ERROR   ] conveyor_04: Motor stall detected — RPM dropped to 52
2026-05-01T19:00:12.234 [INFO    ] motor_02: RPM stable at 30
2026-05-01T19:00:12.484 [INFO    ] compressor_03: Connection alive
2026-05-01T19:00:12.735 [CRITICAL] compressor_03: EMERGENCY STOP triggered — safety interlock activated
2026-05-01T19:00:12.987 [WARNING ] compressor_03: Vibration spike detected: 116.6 Hz
2026-05-01T19:00:13.238 [INFO    ] pump_01: Sensor read cycle complete
2026-05-01T19:00:13.488 [WARNING ] motor_02: Vibration spike detected: 38.8 Hz
2026-05-01T19:00:13.739 [INFO    ] pump_01: Temperature within normal range: 21.1°C
2026-05-01T19:00:13.990 [ERROR   ] motor_02: Communication error: CRC mismatch
2026-05-01T19:00:14.241 [INFO    ] motor_02: Pressure normal: 98.21 bar
2026-05-01T19:00:14.491 [WARNING ] pump_01: Temperature elevated: 19.5°C — threshold 75°C
2026-05-01T19:00:14.743 [INFO    ] motor_02: System heartbeat OK
2026-05-01T19:00:14.994 [INFO    ] valve_05: RPM stable at 17
2026-05-01T19:00:15.252 [INFO    ] pump_01: Connection alive
2026-05-01T19:00:15.503 [INFO    ] compressor_03: System heartbeat OK
2026-05-01T19:00:15.754 [INFO    ] motor_02: RPM stable at 24
2026-05-01T19:00:16.006 [INFO    ] pump_01: System heartbeat OK
2026-05-01T19:00:16.256 [INFO    ] compressor_03: Connection alive
2026-05-01T19:00:16.507 [WARNING ] valve_05: Buffer utilisation at 27%
2026-05-01T19:00:16.758 [INFO    ] conveyor_04: Temperature within normal range: 38.1°C
2026-05-01T19:00:17.008 [ERROR   ] valve_05: Sensor read FAILED — register 0x0003 timeout
2026-05-01T19:00:17.259 [INFO    ] compressor_03: System heartbeat OK
2026-05-01T19:00:17.510 [WARNING ] conveyor_04: Temperature elevated: 116.5°C — threshold 75°C
2026-05-01T19:00:17.761 [INFO    ] motor_02: System heartbeat OK
2026-05-01T19:00:18.021 [CRITICAL] valve_05: Catastrophic vibration: 17.5 Hz — shutting down
2026-05-01T19:00:18.272 [WARNING ] conveyor_04: Vibration spike detected: 24.7 Hz
2026-05-01T19:00:18.523 [INFO    ] pump_01: Temperature within normal range: 111.4°C
2026-05-01T19:00:18.773 [INFO    ] conveyor_04: System heartbeat OK
2026-05-01T19:00:19.024 [INFO    ] valve_05: Pressure normal: 103.40 bar
2026-05-01T19:00:19.275 [INFO    ] pump_01: System heartbeat OK
2026-05-01T19:00:19.526 [INFO    ] compressor_03: Pressure normal: 61.08 bar
2026-05-01T19:00:19.777 [INFO    ] valve_05: System heartbeat OK
2026-05-01T19:00:20.028 [WARNING ] pump_01: Buffer utilisation at 46%
2026-05-01T19:00:20.278 [INFO    ] pump_01: Sensor read cycle complete
2026-05-01T19:00:20.529 [INFO    ] conveyor_04: Temperature within normal range: 93.6°C
2026-05-01T19:00:20.780 [INFO    ] conveyor_04: Connection alive
2026-05-01T19:00:21.031 [WARNING ] valve_05: Vibration spike detected: 110.9 Hz
2026-05-01T19:00:21.282 [WARNING ] pump_01: Retry attempt 29 for register 0x0002
2026-05-01T19:00:21.533 [INFO    ] compressor_03: Sensor read cycle complete
2026-05-01T19:00:21.784 [ERROR   ] motor_02: Over-temperature limit exceeded: 83.5°C
2026-05-01T19:00:22.035 [INFO    ] pump_01: Temperature within normal range: 114.0°C
2026-05-01T19:00:22.285 [INFO    ] pump_01: Sensor read cycle complete
2026-05-01T19:00:22.536 [CRITICAL] valve_05: EMERGENCY STOP triggered — safety interlock activated
2026-05-01T19:00:22.787 [INFO    ] valve_05: System heartbeat OK
2026-05-01T19:00:23.038 [INFO    ] compressor_03: Temperature within normal range: 100.0°C
2026-05-01T19:00:23.289 [WARNING ] motor_02: Response latency high: 115ms
2026-05-01T19:00:23.539 [WARNING ] pump_01: Vibration spike detected: 112.4 Hz
2026-05-01T19:00:23.790 [INFO    ] motor_02: RPM stable at 13
2026-05-01T19:00:24.041 [INFO    ] motor_02: Sensor read cycle complete
2026-05-01T19:00:24.297 [INFO    ] valve_05: Pressure normal: 98.08 bar
2026-05-01T19:00:24.548 [INFO    ] compressor_03: System heartbeat OK
2026-05-01T19:00:24.799 [ERROR   ] compressor_03: Over-temperature limit exceeded: 54.8°C
2026-05-01T19:00:25.050 [INFO    ] pump_01: Temperature within normal range: 106.0°C
2026-05-01T19:00:25.301 [ERROR   ] pump_01: Sensor read FAILED — register 0x0003 timeout
2026-05-01T19:00:25.552 [INFO    ] conveyor_04: Pressure normal: 71.39 bar
2026-05-01T19:00:25.803 [INFO    ] pump_01: Temperature within normal range: 44.3°C
2026-05-01T19:00:26.053 [WARNING ] pump_01: Response latency high: 83ms
2026-05-01T19:00:26.304 [INFO    ] motor_02: Temperature within normal range: 77.6°C
2026-05-01T19:00:26.556 [INFO    ] valve_05: System heartbeat OK
2026-05-01T19:00:26.807 [WARNING ] valve_05: Vibration spike detected: 100.0 Hz
2026-05-01T19:00:27.058 [ERROR   ] valve_05: Motor stall detected — RPM dropped to 89
2026-05-01T19:00:27.309 [INFO    ] pump_01: RPM stable at 25
2026-05-01T19:00:27.559 [INFO    ] pump_01: System heartbeat OK
2026-05-01T19:00:27.810 [INFO    ] pump_01: System heartbeat OK
2026-05-01T19:00:28.061 [WARNING ] conveyor_04: Retry attempt 62 for register 0x0002
2026-05-01T19:00:28.312 [INFO    ] compressor_03: Connection alive
2026-05-01T19:00:28.563 [INFO    ] conveyor_04: RPM stable at 76
2026-05-01T19:00:28.813 [INFO    ] valve_05: Sensor read cycle complete
2026-05-01T19:00:29.064 [WARNING ] pump_01: Buffer utilisation at 50%
2026-05-01T19:00:29.315 [INFO    ] conveyor_04: System heartbeat OK
2026-05-01T19:00:29.566 [INFO    ] conveyor_04: RPM stable at 28
2026-05-01T19:00:29.817 [INFO    ] conveyor_04: Connection alive
2026-05-01T19:00:30.067 [INFO    ] compressor_03: RPM stable at 82
2026-05-01T19:00:30.318 [ERROR   ] compressor_03: Sensor read FAILED — register 0x0003 timeout
2026-05-01T19:00:30.569 [WARNING ] motor_02: Vibration spike detected: 43.7 Hz
2026-05-01T19:00:30.819 [INFO    ] valve_05: RPM stable at 44
2026-05-01T19:00:31.070 [INFO    ] conveyor_04: Pressure normal: 115.33 bar
2026-05-01T19:00:31.321 [INFO    ] conveyor_04: RPM stable at 50
2026-05-01T19:00:31.573 [WARNING ] pump_01: Vibration spike detected: 52.4 Hz
2026-05-01T19:00:31.823 [ERROR   ] valve_05: Sensor read FAILED — register 0x0003 timeout
2026-05-01T19:00:32.074 [WARNING ] conveyor_04: Vibration spike detected: 61.4 Hz
2026-05-01T19:00:32.325 [INFO    ] pump_01: Pressure normal: 86.02 bar
2026-05-01T19:00:32.575 [CRITICAL] valve_05: EMERGENCY STOP triggered — safety interlock activated
2026-05-01T19:00:32.826 [WARNING ] conveyor_04: Temperature elevated: 13.7°C — threshold 75°C
2026-05-01T19:00:33.077 [INFO    ] motor_02: System heartbeat OK
2026-05-01T19:00:33.328 [WARNING ] conveyor_04: Vibration spike detected: 69.6 Hz
2026-05-01T19:00:33.581 [INFO    ] valve_05: Temperature within normal range: 36.5°C
2026-05-01T19:00:33.836 [INFO    ] motor_02: Pressure normal: 65.24 bar
2026-05-01T19:00:34.086 [ERROR   ] valve_05: Communication error: CRC mismatch
2026-05-01T19:00:34.336 [INFO    ] motor_02: Connection alive
2026-05-01T19:00:34.587 [WARNING ] conveyor_04: Buffer utilisation at 85%
2026-05-01T19:00:34.838 [INFO    ] valve_05: System heartbeat OK
2026-05-01T19:00:35.088 [INFO    ] valve_05: Connection alive
2026-05-01T19:00:35.339 [INFO    ] pump_01: Temperature within normal range: 69.5°C
2026-05-01T19:00:35.590 [WARNING ] valve_05: Vibration spike detected: 37.0 Hz
2026-05-01T19:00:35.841 [WARNING ] conveyor_04: Vibration spike detected: 115.4 Hz
2026-05-01T19:00:36.091 [ERROR   ] pump_01: Over-temperature limit exceeded: 95.8°C
2026-05-01T19:00:36.342 [CRITICAL] valve_05: Power supply failure detected
2026-05-01T19:00:36.593 [INFO    ] conveyor_04: System heartbeat OK
2026-05-01T19:00:36.844 [CRITICAL] motor_02: Power supply failure detected
2026-05-01T19:00:37.095 [INFO    ] conveyor_04: Temperature within normal range: 94.9°C
2026-05-01T19:00:37.345 [INFO    ] valve_05: Temperature within normal range: 70.0°C
2026-05-01T19:00:37.596 [WARNING ] compressor_03: Retry attempt 112 for register 0x0002
2026-05-01T19:00:37.846 [INFO    ] conveyor_04: Temperature within normal range: 116.9°C
2026-05-01T19:00:38.097 [INFO    ] compressor_03: Pressure normal: 13.54 bar
2026-05-01T19:00:38.350 [INFO    ] motor_02: Connection alive
2026-05-01T19:00:38.601 [INFO    ] valve_05: RPM stable at 58
2026-05-01T19:00:38.852 [WARNING ] pump_01: Retry attempt 93 for register 0x0002
2026-05-01T19:00:39.103 [INFO    ] conveyor_04: Connection alive
2026-05-01T19:00:39.354 [INFO    ] compressor_03: Connection alive
2026-05-01T19:00:39.604 [INFO    ] valve_05: RPM stable at 80
2026-05-01T19:00:39.855 [INFO    ] valve_05: Sensor read cycle complete
2026-05-01T19:00:40.106 [WARNING ] pump_01: Retry attempt 41 for register 0x0002
2026-05-01T19:00:40.357 [WARNING ] valve_05: Buffer utilisation at 40%
2026-05-01T19:00:40.608 [INFO    ] motor_02: Temperature within normal range: 51.8°C
2026-05-01T19:00:40.859 [INFO    ] valve_05: System heartbeat OK
2026-05-01T19:00:41.109 [INFO    ] pump_01: RPM stable at 15
2026-05-01T19:00:41.360 [INFO    ] valve_05: Sensor read cycle complete
2026-05-01T19:00:41.611 [ERROR   ] valve_05: Over-temperature limit exceeded: 94.1°C
2026-05-01T19:00:41.875 [INFO    ] valve_05: Connection alive
2026-05-01T19:00:42.125 [INFO    ] conveyor_04: Connection alive
2026-05-01T19:00:42.380 [ERROR   ] pump_01: Communication error: CRC mismatch
2026-05-01T19:00:42.630 [INFO    ] compressor_03: Temperature within normal range: 41.6°C
2026-05-01T19:00:42.882 [INFO    ] valve_05: Sensor read cycle complete
2026-05-01T19:00:43.133 [INFO    ] conveyor_04: Connection alive
2026-05-01T19:00:43.388 [WARNING ] motor_02: Buffer utilisation at 19%
2026-05-01T19:00:43.639 [INFO    ] valve_05: Temperature within normal range: 70.8°C
2026-05-01T19:00:43.896 [INFO    ] conveyor_04: RPM stable at 71
2026-05-01T19:00:44.148 [INFO    ] motor_02: Sensor read cycle complete
2026-05-01T19:00:44.404 [ERROR   ] pump_01: Motor stall detected — RPM dropped to 90
2026-05-01T19:00:44.654 [INFO    ] conveyor_04: Pressure normal: 33.29 bar
2026-05-01T19:00:44.906 [INFO    ] valve_05: Pressure normal: 60.40 bar
2026-05-01T19:00:45.158 [INFO    ] conveyor_04: Temperature within normal range: 81.2°C
2026-05-01T19:00:45.409 [INFO    ] conveyor_04: Connection alive
2026-05-01T19:00:45.659 [CRITICAL] motor_02: EMERGENCY STOP triggered — safety interlock activated
2026-05-01T19:00:45.910 [WARNING ] motor_02: Response latency high: 86ms
2026-05-01T19:00:46.161 [WARNING ] pump_01: Vibration spike detected: 66.5 Hz
2026-05-01T19:00:46.411 [INFO    ] pump_01: Connection alive
2026-05-01T19:00:46.662 [WARNING ] conveyor_04: Temperature elevated: 98.7°C — threshold 75°C
2026-05-01T19:00:46.913 [WARNING ] motor_02: Temperature elevated: 58.3°C — threshold 75°C
2026-05-01T19:00:47.163 [WARNING ] conveyor_04: Buffer utilisation at 37%
2026-05-01T19:00:47.414 [WARNING ] valve_05: Temperature elevated: 31.1°C — threshold 75°C
2026-05-01T19:00:47.665 [WARNING ] conveyor_04: Buffer utilisation at 31%
2026-05-01T19:00:47.916 [WARNING ] valve_05: Response latency high: 40ms
2026-05-01T19:00:48.167 [ERROR   ] conveyor_04: Communication error: CRC mismatch
2026-05-01T19:00:48.418 [INFO    ] conveyor_04: Connection alive
2026-05-01T19:00:48.669 [INFO    ] conveyor_04: Connection alive
2026-05-01T19:00:48.920 [WARNING ] motor_02: Buffer utilisation at 110%
2026-05-01T19:00:49.170 [INFO    ] pump_01: System heartbeat OK
2026-05-01T19:00:49.422 [WARNING ] conveyor_04: Response latency high: 16ms
2026-05-01T19:00:49.674 [WARNING ] motor_02: Buffer utilisation at 18%
2026-05-01T19:00:49.925 [INFO    ] valve_05: Connection alive
2026-05-01T19:00:50.176 [INFO    ] compressor_03: Connection alive
2026-05-01T19:00:50.427 [INFO    ] motor_02: RPM stable at 47
2026-05-01T19:00:50.678 [INFO    ] conveyor_04: Sensor read cycle complete
2026-05-01T19:00:50.929 [INFO    ] pump_01: System heartbeat OK
2026-05-01T19:00:51.180 [CRITICAL] compressor_03: EMERGENCY STOP triggered — safety interlock activated
2026-05-01T19:00:51.431 [INFO    ] valve_05: Pressure normal: 38.59 bar
2026-05-01T19:00:51.682 [INFO    ] valve_05: Pressure normal: 117.24 bar
2026-05-01T19:00:51.932 [CRITICAL] compressor_03: Catastrophic vibration: 22.8 Hz — shutting down
2026-05-01T19:00:52.187 [ERROR   ] motor_02: Motor stall detected — RPM dropped to 40
2026-05-01T19:00:52.439 [WARNING ] conveyor_04: Retry attempt 96 for register 0x0002
2026-05-01T19:00:52.690 [INFO    ] pump_01: System heartbeat OK
2026-05-01T19:00:52.940 [INFO    ] conveyor_04: Pressure normal: 81.11 bar
2026-05-01T19:00:53.191 [CRITICAL] motor_02: EMERGENCY STOP triggered — safety interlock activated
2026-05-01T19:00:53.442 [WARNING ] pump_01: Temperature elevated: 56.8°C — threshold 75°C
2026-05-01T19:00:53.693 [WARNING ] motor_02: Response latency high: 109ms
2026-05-01T19:00:53.943 [WARNING ] compressor_03: Vibration spike detected: 114.5 Hz
2026-05-01T19:00:54.196 [WARNING ] valve_05: Buffer utilisation at 23%
2026-05-01T19:00:54.449 [INFO    ] conveyor_04: Connection alive
2026-05-01T19:00:54.699 [ERROR   ] compressor_03: Motor stall detected — RPM dropped to 86
2026-05-01T19:00:54.962 [CRITICAL] conveyor_04: Power supply failure detected
2026-05-01T19:00:55.213 [INFO    ] compressor_03: Pressure normal: 67.27 bar
2026-05-01T19:00:55.466 [INFO    ] conveyor_04: Pressure normal: 87.45 bar
2026-05-01T19:00:55.717 [INFO    ] conveyor_04: Sensor read cycle complete
2026-05-01T19:00:55.975 [INFO    ] conveyor_04: Sensor read cycle complete
2026-05-01T19:00:56.226 [INFO    ] valve_05: Sensor read cycle complete
2026-05-01T19:00:56.482 [INFO    ] pump_01: Temperature within normal range: 83.9°C
2026-05-01T19:00:56.733 [ERROR   ] motor_02: Communication error: CRC mismatch
2026-05-01T19:00:56.983 [INFO    ] pump_01: Connection alive
2026-05-01T19:00:57.234 [WARNING ] compressor_03: Retry attempt 110 for register 0x0002
2026-05-01T19:00:57.485 [ERROR   ] conveyor_04: Sensor read FAILED — register 0x0003 timeout
2026-05-01T19:00:57.742 [ERROR   ] pump_01: Sensor read FAILED — register 0x0003 timeout
2026-05-01T19:00:57.993 [INFO    ] pump_01: RPM stable at 62
2026-05-01T19:00:58.244 [INFO    ] valve_05: Sensor read cycle complete
2026-05-01T19:00:58.502 [INFO    ] pump_01: System heartbeat OK
2026-05-01T19:00:58.754 [WARNING ] pump_01: Response latency high: 84ms
2026-05-01T19:00:59.005 [INFO    ] motor_02: System heartbeat OK
2026-05-01T19:00:59.256 [ERROR   ] motor_02: Motor stall detected — RPM dropped to 24
2026-05-01T19:00:59.507 [INFO    ] pump_01: Sensor read cycle complete
2026-05-01T19:00:59.759 [WARNING ] motor_02: Temperature elevated: 87.0°C — threshold 75°C
2026-05-01T19:01:00.011 [ERROR   ] valve_05: Motor stall detected — RPM dropped to 101
2026-05-01T19:01:00.262 [ERROR   ] compressor_03: Over-temperature limit exceeded: 39.9°C
2026-05-01T19:01:00.513 [WARNING ] pump_01: Retry attempt 16 for register 0x0002
2026-05-01T19:01:00.765 [WARNING ] pump_01: Temperature elevated: 98.6°C — threshold 75°C
2026-05-01T19:01:01.016 [INFO    ] motor_02: Connection alive
2026-05-01T19:01:01.266 [WARNING ] motor_02: Retry attempt 49 for register 0x0002
2026-05-01T19:01:01.520 [INFO    ] valve_05: Temperature within normal range: 35.4°C
2026-05-01T19:01:01.770 [CRITICAL] compressor_03: Catastrophic vibration: 64.2 Hz — shutting down
2026-05-01T19:01:02.021 [WARNING ] valve_05: Response latency high: 104ms
2026-05-01T19:01:02.272 [INFO    ] valve_05: Temperature within normal range: 39.4°C
2026-05-01T19:01:02.523 [CRITICAL] valve_05: Power supply failure detected
2026-05-01T19:01:02.774 [INFO    ] compressor_03: Pressure normal: 99.41 bar
2026-05-01T19:01:03.025 [WARNING ] compressor_03: Temperature elevated: 72.7°C — threshold 75°C
2026-05-01T19:01:03.275 [INFO    ] motor_02: Pressure normal: 56.19 bar
2026-05-01T19:01:03.526 [INFO    ] valve_05: Pressure normal: 91.21 bar
2026-05-01T19:01:03.776 [INFO    ] pump_01: System heartbeat OK
2026-05-01T19:01:04.027 [WARNING ] conveyor_04: Vibration spike detected: 31.7 Hz
2026-05-01T19:01:04.278 [CRITICAL] motor_02: Catastrophic vibration: 109.9 Hz — shutting down
2026-05-01T19:01:04.529 [WARNING ] pump_01: Buffer utilisation at 77%
2026-05-01T19:01:04.780 [INFO    ] compressor_03: Sensor read cycle complete
2026-05-01T19:01:05.030 [INFO    ] pump_01: Temperature within normal range: 82.1°C
2026-05-01T19:01:05.281 [INFO    ] motor_02: Connection alive
2026-05-01T19:01:05.532 [ERROR   ] conveyor_04: Communication error: CRC mismatch
2026-05-01T19:01:05.783 [INFO    ] motor_02: Connection alive
2026-05-01T19:01:06.033 [WARNING ] pump_01: Temperature elevated: 103.8°C — threshold 75°C
2026-05-01T19:01:06.284 [CRITICAL] valve_05: Power supply failure detected
2026-05-01T19:01:06.535 [WARNING ] compressor_03: Buffer utilisation at 20%
2026-05-01T19:01:06.785 [WARNING ] motor_02: Vibration spike detected: 77.0 Hz
2026-05-01T19:01:07.036 [INFO    ] conveyor_04: Temperature within normal range: 17.3°C
2026-05-01T19:01:07.287 [INFO    ] valve_05: Temperature within normal range: 18.7°C
2026-05-01T19:01:07.538 [INFO    ] compressor_03: Connection alive
2026-05-01T19:01:07.789 [CRITICAL] compressor_03: Power supply failure detected
2026-05-01T19:01:08.039 [INFO    ] valve_05: System heartbeat OK
2026-05-01T19:01:08.290 [ERROR   ] motor_02: Communication error: CRC mismatch
2026-05-01T19:01:08.540 [INFO    ] compressor_03: Temperature within normal range: 98.8°C
2026-05-01T19:01:08.791 [INFO    ] valve_05: Sensor read cycle complete
2026-05-01T19:01:09.044 [ERROR   ] motor_02: Motor stall detected — RPM dropped to 25
2026-05-01T19:01:09.295 [INFO    ] valve_05: System heartbeat OK
2026-05-01T19:01:09.545 [CRITICAL] pump_01: EMERGENCY STOP triggered — safety interlock activated
2026-05-01T19:01:09.797 [CRITICAL] conveyor_04: Power supply failure detected
2026-05-01T19:01:10.049 [INFO    ] motor_02: System heartbeat OK
2026-05-01T19:01:10.300 [INFO    ] compressor_03: Sensor read cycle complete
2026-05-01T19:01:10.551 [INFO    ] compressor_03: RPM stable at 19
2026-05-01T19:01:10.801 [INFO    ] valve_05: Temperature within normal range: 76.9°C
2026-05-01T19:01:11.052 [INFO    ] compressor_03: Connection alive
2026-05-01T19:01:11.306 [INFO    ] motor_02: RPM stable at 71
2026-05-01T19:01:11.556 [WARNING ] motor_02: Buffer utilisation at 36%
2026-05-01T19:01:11.807 [WARNING ] pump_01: Vibration spike detected: 24.3 Hz
2026-05-01T19:01:12.058 [WARNING ] motor_02: Buffer utilisation at 100%
2026-05-01T19:01:12.308 [WARNING ] compressor_03: Temperature elevated: 37.8°C — threshold 75°C
2026-05-01T19:01:12.559 [ERROR   ] motor_02: Communication error: CRC mismatch
2026-05-01T19:01:12.810 [ERROR   ] valve_05: Sensor read FAILED — register 0x0003 timeout
2026-05-01T19:01:13.061 [WARNING ] motor_02: Retry attempt 96 for register 0x0002
2026-05-01T19:01:13.312 [ERROR   ] motor_02: Over-temperature limit exceeded: 11.5°C
2026-05-01T19:01:13.562 [WARNING ] conveyor_04: Vibration spike detected: 74.2 Hz
2026-05-01T19:01:13.813 [INFO    ] pump_01: Temperature within normal range: 51.7°C
2026-05-01T19:01:14.064 [INFO    ] pump_01: Sensor read cycle complete
2026-05-01T19:01:14.314 [INFO    ] motor_02: Pressure normal: 10.74 bar
2026-05-01T19:01:14.565 [WARNING ] pump_01: Response latency high: 32ms
2026-05-01T19:01:14.816 [WARNING ] compressor_03: Retry attempt 111 for register 0x0002
2026-05-01T19:01:15.067 [WARNING ] valve_05: Response latency high: 22ms
2026-05-01T19:01:15.319 [WARNING ] conveyor_04: Vibration spike detected: 28.3 Hz
2026-05-01T19:01:15.570 [INFO    ] pump_01: Connection alive
2026-05-01T19:01:15.821 [INFO    ] conveyor_04: Connection alive
2026-05-01T19:01:16.072 [ERROR   ] conveyor_04: Motor stall detected — RPM dropped to 114
2026-05-01T19:01:16.322 [INFO    ] compressor_03: System heartbeat OK
2026-05-01T19:01:16.573 [INFO    ] motor_02: RPM stable at 77
2026-05-01T19:01:16.824 [INFO    ] valve_05: Pressure normal: 20.62 bar
2026-05-01T19:01:17.074 [ERROR   ] compressor_03: Over-temperature limit exceeded: 59.2°C
2026-05-01T19:01:17.325 [INFO    ] compressor_03: System heartbeat OK
2026-05-01T19:01:17.576 [INFO    ] valve_05: Sensor read cycle complete
2026-05-01T19:01:17.827 [WARNING ] pump_01: Vibration spike detected: 53.4 Hz
2026-05-01T19:01:18.077 [ERROR   ] valve_05: Sensor read FAILED — register 0x0003 timeout
2026-05-01T19:01:18.328 [WARNING ] pump_01: Response latency high: 69ms
2026-05-01T19:01:18.579 [CRITICAL] motor_02: Catastrophic vibration: 16.7 Hz — shutting down
2026-05-01T19:01:18.830 [INFO    ] valve_05: Temperature within normal range: 100.7°C
2026-05-01T19:01:19.081 [INFO    ] compressor_03: Pressure normal: 116.06 bar
2026-05-01T19:01:19.331 [INFO    ] pump_01: Temperature within normal range: 61.4°C
2026-05-01T19:01:19.582 [INFO    ] pump_01: Sensor read cycle complete
2026-05-01T19:01:19.833 [INFO    ] pump_01: Pressure normal: 71.88 bar
2026-05-01T19:01:20.084 [INFO    ] conveyor_04: Temperature within normal range: 82.3°C
2026-05-01T19:01:20.335 [INFO    ] motor_02: Connection alive
2026-05-01T19:01:20.585 [CRITICAL] compressor_03: EMERGENCY STOP triggered — safety interlock activated
2026-05-01T19:01:20.836 [WARNING ] valve_05: Vibration spike detected: 54.1 Hz
2026-05-01T19:01:21.087 [INFO    ] compressor_03: RPM stable at 48
2026-05-01T19:01:21.338 [INFO    ] valve_05: System heartbeat OK
2026-05-01T19:01:21.588 [INFO    ] valve_05: Connection alive
2026-05-01T19:01:21.839 [INFO    ] valve_05: Pressure normal: 101.13 bar
2026-05-01T19:01:22.090 [ERROR   ] valve_05: Sensor read FAILED — register 0x0003 timeout
2026-05-01T19:01:22.342 [WARNING ] compressor_03: Retry attempt 77 for register 0x0002
2026-05-01T19:01:22.593 [INFO    ] valve_05: Temperature within normal range: 34.7°C
2026-05-01T19:01:22.843 [WARNING ] motor_02: Vibration spike detected: 100.3 Hz
2026-05-01T19:01:23.094 [INFO    ] compressor_03: Connection alive
2026-05-01T19:01:23.345 [WARNING ] compressor_03: Response latency high: 64ms
2026-05-01T19:01:23.595 [WARNING ] pump_01: Buffer utilisation at 48%
2026-05-01T19:01:23.846 [INFO    ] pump_01: System heartbeat OK
2026-05-01T19:01:24.097 [INFO    ] compressor_03: Temperature within normal range: 46.9°C
2026-05-01T19:01:24.347 [INFO    ] conveyor_04: Temperature within normal range: 78.5°C
2026-05-01T19:01:24.598 [WARNING ] conveyor_04: Response latency high: 107ms
2026-05-01T19:01:24.849 [WARNING ] motor_02: Buffer utilisation at 30%
2026-05-01T19:01:25.099 [ERROR   ] valve_05: Sensor read FAILED — register 0x0003 timeout
2026-05-01T19:01:25.350 [WARNING ] motor_02: Retry attempt 28 for register 0x0002
2026-05-01T19:01:25.601 [INFO    ] motor_02: Temperature within normal range: 71.2°C
2026-05-01T19:01:25.852 [WARNING ] conveyor_04: Response latency high: 40ms
2026-05-01T19:01:26.103 [WARNING ] valve_05: Retry attempt 119 for register 0x0002
2026-05-01T19:01:26.353 [ERROR   ] motor_02: Communication error: CRC mismatch
2026-05-01T19:01:26.604 [INFO    ] motor_02: Pressure normal: 108.17 bar
2026-05-01T19:01:26.855 [INFO    ] compressor_03: Connection alive
2026-05-01T19:01:27.107 [INFO    ] valve_05: Pressure normal: 79.16 bar
2026-05-01T19:01:27.358 [INFO    ] conveyor_04: Connection alive
2026-05-01T19:01:27.608 [INFO    ] pump_01: Temperature within normal range: 90.1°C
2026-05-01T19:01:27.859 [INFO    ] pump_01: Sensor read cycle complete
2026-05-01T19:01:28.110 [WARNING ] compressor_03: Buffer utilisation at 94%
2026-05-01T19:01:28.361 [ERROR   ] conveyor_04: Motor stall detected — RPM dropped to 24
2026-05-01T19:01:28.613 [WARNING ] pump_01: Vibration spike detected: 47.7 Hz
2026-05-01T19:01:28.863 [INFO    ] conveyor_04: Connection alive
2026-05-01T19:01:29.117 [INFO    ] pump_01: Connection alive
2026-05-01T19:01:29.367 [INFO    ] conveyor_04: RPM stable at 55
2026-05-01T19:01:29.618 [ERROR   ] pump_01: Over-temperature limit exceeded: 89.6°C
2026-05-01T19:01:29.868 [INFO    ] compressor_03: System heartbeat OK
2026-05-01T19:01:30.119 [INFO    ] conveyor_04: Temperature within normal range: 98.5°C
2026-05-01T19:01:30.369 [INFO    ] valve_05: RPM stable at 105
2026-05-01T19:01:30.620 [INFO    ] pump_01: Connection alive
2026-05-01T19:01:30.870 [INFO    ] valve_05: RPM stable at 46
2026-05-01T19:01:31.121 [INFO    ] pump_01: RPM stable at 63
2026-05-01T19:01:31.372 [WARNING ] motor_02: Vibration spike detected: 66.5 Hz
2026-05-01T19:01:31.622 [INFO    ] valve_05: Sensor read cycle complete
2026-05-01T19:01:31.873 [WARNING ] compressor_03: Temperature elevated: 70.4°C — threshold 75°C
2026-05-01T19:01:32.123 [INFO    ] valve_05: RPM stable at 80
2026-05-01T19:01:32.374 [INFO    ] motor_02: Connection alive
2026-05-01T19:01:32.635 [ERROR   ] valve_05: Sensor read FAILED — register 0x0003 timeout
2026-05-01T19:01:32.886 [CRITICAL] conveyor_04: EMERGENCY STOP triggered — safety interlock activated
2026-05-01T19:01:33.137 [INFO    ] conveyor_04: Connection alive
2026-05-01T19:01:33.394 [WARNING ] motor_02: Vibration spike detected: 47.3 Hz
2026-05-01T19:01:33.661 [INFO    ] motor_02: System heartbeat OK
2026-05-01T19:01:33.913 [INFO    ] valve_05: RPM stable at 92
2026-05-01T19:01:34.163 [INFO    ] compressor_03: RPM stable at 13
2026-05-01T19:01:34.414 [WARNING ] compressor_03: Temperature elevated: 58.1°C — threshold 75°C
2026-05-01T19:01:34.664 [INFO    ] conveyor_04: Connection alive
2026-05-01T19:01:34.915 [WARNING ] compressor_03: Vibration spike detected: 60.8 Hz
2026-05-01T19:01:35.165 [INFO    ] pump_01: RPM stable at 18
2026-05-01T19:01:35.416 [INFO    ] valve_05: Temperature within normal range: 81.5°C
2026-05-01T19:01:35.667 [ERROR   ] conveyor_04: Over-temperature limit exceeded: 25.7°C
2026-05-01T19:01:35.917 [ERROR   ] conveyor_04: Motor stall detected — RPM dropped to 35
2026-05-01T19:01:36.169 [INFO    ] conveyor_04: Temperature within normal range: 19.0°C
2026-05-01T19:01:36.419 [INFO    ] conveyor_04: Temperature within normal range: 90.2°C
2026-05-01T19:01:36.670 [INFO    ] pump_01: Connection alive
2026-05-01T19:01:36.921 [INFO    ] compressor_03: System heartbeat OK
2026-05-01T19:01:37.171 [INFO    ] conveyor_04: Temperature within normal range: 107.8°C
2026-05-01T19:01:37.422 [INFO    ] compressor_03: Temperature within normal range: 105.4°C
2026-05-01T19:01:37.673 [INFO    ] pump_01: Pressure normal: 72.25 bar
2026-05-01T19:01:37.924 [INFO    ] conveyor_04: Sensor read cycle complete
2026-05-01T19:01:38.175 [INFO    ] valve_05: Connection alive
2026-05-01T19:01:38.426 [WARNING ] conveyor_04: Vibration spike detected: 114.6 Hz
2026-05-01T19:01:38.677 [INFO    ] motor_02: Temperature within normal range: 110.7°C
2026-05-01T19:01:38.927 [INFO    ] motor_02: Sensor read cycle complete
2026-05-01T19:01:39.178 [INFO    ] conveyor_04: Connection alive
2026-05-01T19:01:39.429 [WARNING ] conveyor_04: Temperature elevated: 13.0°C — threshold 75°C
2026-05-01T19:01:39.679 [ERROR   ] pump_01: Sensor read FAILED — register 0x0003 timeout
2026-05-01T19:01:39.930 [INFO    ] conveyor_04: Sensor read cycle complete
2026-05-01T19:01:40.181 [INFO    ] conveyor_04: RPM stable at 29
2026-05-01T19:01:40.431 [INFO    ] pump_01: Connection alive
2026-05-01T19:01:40.682 [WARNING ] conveyor_04: Temperature elevated: 96.7°C — threshold 75°C
2026-05-01T19:01:40.933 [CRITICAL] motor_02: Power supply failure detected
2026-05-01T19:01:41.184 [ERROR   ] conveyor_04: Communication error: CRC mismatch
2026-05-01T19:01:41.437 [WARNING ] conveyor_04: Temperature elevated: 96.1°C — threshold 75°C
2026-05-01T19:01:41.688 [INFO    ] conveyor_04: Sensor read cycle complete
2026-05-01T19:01:41.940 [ERROR   ] motor_02: Over-temperature limit exceeded: 76.9°C
2026-05-01T19:01:42.199 [ERROR   ] pump_01: Over-temperature limit exceeded: 103.1°C
2026-05-01T19:01:42.450 [WARNING ] motor_02: Response latency high: 48ms
2026-05-01T19:01:42.701 [WARNING ] valve_05: Buffer utilisation at 115%
2026-05-01T19:01:42.951 [ERROR   ] valve_05: Over-temperature limit exceeded: 22.3°C
2026-05-01T19:01:43.205 [INFO    ] motor_02: Connection alive
2026-05-01T19:01:43.456 [ERROR   ] valve_05: Communication error: CRC mismatch
2026-05-01T19:01:43.707 [INFO    ] conveyor_04: Sensor read cycle complete
2026-05-01T19:01:43.957 [INFO    ] motor_02: Temperature within normal range: 51.8°C
2026-05-01T19:01:44.208 [INFO    ] motor_02: Connection alive
2026-05-01T19:01:44.466 [INFO    ] compressor_03: Temperature within normal range: 16.9°C
2026-05-01T19:01:44.723 [INFO    ] compressor_03: RPM stable at 104
2026-05-01T19:01:44.977 [CRITICAL] valve_05: EMERGENCY STOP triggered — safety interlock activated
2026-05-01T19:01:45.228 [INFO    ] compressor_03: Sensor read cycle complete
2026-05-01T19:01:45.478 [WARNING ] valve_05: Buffer utilisation at 111%
2026-05-01T19:01:45.729 [ERROR   ] pump_01: Sensor read FAILED — register 0x0003 timeout
2026-05-01T19:01:45.981 [INFO    ] compressor_03: System heartbeat OK
2026-05-01T19:01:46.232 [INFO    ] motor_02: RPM stable at 70
2026-05-01T19:01:46.484 [INFO    ] pump_01: Pressure normal: 104.97 bar
2026-05-01T19:01:46.735 [WARNING ] valve_05: Vibration spike detected: 117.7 Hz
2026-05-01T19:01:46.985 [INFO    ] motor_02: RPM stable at 49
2026-05-01T19:01:47.236 [INFO    ] valve_05: Connection alive
2026-05-01T19:01:47.488 [WARNING ] conveyor_04: Retry attempt 85 for register 0x0002
2026-05-01T19:01:47.742 [WARNING ] motor_02: Buffer utilisation at 112%
2026-05-01T19:01:47.993 [INFO    ] conveyor_04: Connection alive
2026-05-01T19:01:48.246 [CRITICAL] conveyor_04: Catastrophic vibration: 114.4 Hz — shutting down
2026-05-01T19:01:48.497 [CRITICAL] compressor_03: EMERGENCY STOP triggered — safety interlock activated
2026-05-01T19:01:48.748 [INFO    ] compressor_03: Pressure normal: 19.44 bar
2026-05-01T19:01:48.998 [INFO    ] pump_01: RPM stable at 97
2026-05-01T19:01:49.249 [WARNING ] pump_01: Buffer utilisation at 95%
2026-05-01T19:01:49.500 [WARNING ] conveyor_04: Response latency high: 71ms
2026-05-01T19:01:49.751 [INFO    ] compressor_03: Sensor read cycle complete
2026-05-01T19:01:50.001 [INFO    ] valve_05: Connection alive
2026-05-01T19:01:50.252 [WARNING ] compressor_03: Vibration spike detected: 25.8 Hz
2026-05-01T19:01:50.502 [ERROR   ] pump_01: Motor stall detected — RPM dropped to 51
2026-05-01T19:01:50.756 [INFO    ] pump_01: Temperature within normal range: 113.2°C
2026-05-01T19:01:51.007 [ERROR   ] conveyor_04: Over-temperature limit exceeded: 61.3°C
2026-05-01T19:01:51.258 [INFO    ] motor_02: RPM stable at 73
2026-05-01T19:01:51.508 [INFO    ] pump_01: Pressure normal: 58.85 bar
2026-05-01T19:01:51.760 [INFO    ] motor_02: RPM stable at 44
2026-05-01T19:01:52.011 [INFO    ] pump_01: RPM stable at 87
2026-05-01T19:01:52.262 [CRITICAL] compressor_03: Power supply failure detected
2026-05-01T19:01:52.513 [ERROR   ] pump_01: Sensor read FAILED — register 0x0003 timeout
2026-05-01T19:01:52.763 [INFO    ] conveyor_04: RPM stable at 84
2026-05-01T19:01:53.016 [WARNING ] pump_01: Vibration spike detected: 50.8 Hz
2026-05-01T19:01:53.267 [INFO    ] valve_05: Pressure normal: 30.32 bar
2026-05-01T19:01:53.519 [INFO    ] valve_05: Sensor read cycle complete
2026-05-01T19:01:53.778 [INFO    ] compressor_03: Connection alive
2026-05-01T19:01:54.028 [WARNING ] conveyor_04: Retry attempt 55 for register 0x0002
2026-05-01T19:01:54.279 [INFO    ] motor_02: Temperature within normal range: 38.5°C
2026-05-01T19:01:54.530 [WARNING ] pump_01: Temperature elevated: 20.1°C — threshold 75°C
2026-05-01T19:01:54.781 [INFO    ] compressor_03: Pressure normal: 118.09 bar
2026-05-01T19:01:55.031 [WARNING ] pump_01: Vibration spike detected: 12.1 Hz
2026-05-01T19:01:55.282 [INFO    ] motor_02: Connection alive
2026-05-01T19:01:55.533 [CRITICAL] pump_01: Catastrophic vibration: 83.6 Hz — shutting down
2026-05-01T19:01:55.784 [INFO    ] valve_05: Pressure normal: 52.27 bar
2026-05-01T19:01:56.035 [WARNING ] pump_01: Response latency high: 66ms
2026-05-01T19:01:56.286 [INFO    ] valve_05: Connection alive
2026-05-01T19:01:56.537 [INFO    ] valve_05: Sensor read cycle complete
2026-05-01T19:01:56.787 [INFO    ] compressor_03: Connection alive
2026-05-01T19:01:57.038 [CRITICAL] valve_05: EMERGENCY STOP triggered — safety interlock activated
2026-05-01T19:01:57.289 [INFO    ] pump_01: System heartbeat OK
2026-05-01T19:01:57.539 [CRITICAL] motor_02: Catastrophic vibration: 99.6 Hz — shutting down
2026-05-01T19:01:57.790 [WARNING ] motor_02: Vibration spike detected: 68.6 Hz
2026-05-01T19:01:58.041 [INFO    ] motor_02: RPM stable at 64
2026-05-01T19:01:58.292 [INFO    ] motor_02: System heartbeat OK
2026-05-01T19:01:58.544 [INFO    ] compressor_03: Sensor read cycle complete
2026-05-01T19:01:58.795 [INFO    ] pump_01: System heartbeat OK
2026-05-01T19:01:59.045 [INFO    ] compressor_03: Sensor read cycle complete
2026-05-01T19:01:59.296 [WARNING ] compressor_03: Response latency high: 53ms
2026-05-01T19:01:59.549 [INFO    ] pump_01: System heartbeat OK
2026-05-01T19:01:59.800 [WARNING ] valve_05: Temperature elevated: 44.6°C — threshold 75°C
2026-05-01T19:02:00.053 [INFO    ] compressor_03: System heartbeat OK
2026-05-01T19:02:00.304 [WARNING ] conveyor_04: Response latency high: 85ms
2026-05-01T19:02:00.554 [INFO    ] conveyor_04: Pressure normal: 53.84 bar
2026-05-01T19:02:00.809 [INFO    ] pump_01: Connection alive
2026-05-01T19:02:01.060 [INFO    ] pump_01: Temperature within normal range: 55.9°C
2026-05-01T19:02:01.311 [INFO    ] compressor_03: RPM stable at 54
2026-05-01T19:02:01.561 [INFO    ] valve_05: Pressure normal: 45.88 bar
2026-05-01T19:02:01.812 [INFO    ] pump_01: Sensor read cycle complete
2026-05-01T19:02:02.063 [ERROR   ] valve_05: Over-temperature limit exceeded: 98.5°C
2026-05-01T19:02:02.313 [WARNING ] motor_02: Temperature elevated: 38.6°C — threshold 75°C
2026-05-01T19:02:02.564 [INFO    ] conveyor_04: Sensor read cycle complete
2026-05-01T19:02:02.815 [INFO    ] pump_01: Temperature within normal range: 14.5°C
2026-05-01T19:02:03.066 [INFO    ] pump_01: Pressure normal: 65.41 bar
2026-05-01T19:02:03.316 [INFO    ] conveyor_04: RPM stable at 39
2026-05-01T19:02:03.567 [INFO    ] motor_02: System heartbeat OK
2026-05-01T19:02:03.818 [INFO    ] motor_02: Pressure normal: 20.42 bar
2026-05-01T19:02:04.068 [WARNING ] conveyor_04: Response latency high: 18ms
2026-05-01T19:02:04.319 [INFO    ] valve_05: System heartbeat OK
2026-05-01T19:02:04.570 [INFO    ] conveyor_04: Temperature within normal range: 38.6°C
2026-05-01T19:02:04.820 [ERROR   ] compressor_03: Sensor read FAILED — register 0x0003 timeout
2026-05-01T19:02:05.071 [CRITICAL] motor_02: Power supply failure detected
2026-05-01T19:02:05.322 [CRITICAL] compressor_03: EMERGENCY STOP triggered — safety interlock activated
2026-05-01T19:02:05.573 [WARNING ] pump_01: Vibration spike detected: 15.9 Hz
2026-05-01T19:02:05.824 [WARNING ] motor_02: Retry attempt 84 for register 0x0002
2026-05-01T19:02:06.075 [INFO    ] compressor_03: System heartbeat OK
2026-05-01T19:02:06.326 [INFO    ] compressor_03: Temperature within normal range: 80.1°C
2026-05-01T19:02:06.576 [WARNING ] compressor_03: Vibration spike detected: 79.8 Hz
2026-05-01T19:02:06.827 [INFO    ] conveyor_04: Sensor read cycle complete
2026-05-01T19:02:07.078 [ERROR   ] motor_02: Over-temperature limit exceeded: 113.9°C
2026-05-01T19:02:07.329 [INFO    ] pump_01: RPM stable at 113
2026-05-01T19:02:07.579 [INFO    ] pump_01: Pressure normal: 66.40 bar
2026-05-01T19:02:07.830 [INFO    ] compressor_03: Sensor read cycle complete
2026-05-01T19:02:08.084 [CRITICAL] pump_01: EMERGENCY STOP triggered — safety interlock activated
2026-05-01T19:02:08.335 [INFO    ] conveyor_04: Connection alive
2026-05-01T19:02:08.586 [INFO    ] valve_05: Pressure normal: 81.86 bar
2026-05-01T19:02:08.837 [INFO    ] motor_02: Pressure normal: 74.37 bar
2026-05-01T19:02:09.088 [INFO    ] motor_02: System heartbeat OK
2026-05-01T19:02:09.339 [INFO    ] motor_02: Temperature within normal range: 27.5°C
2026-05-01T19:02:09.589 [ERROR   ] pump_01: Motor stall detected — RPM dropped to 58
2026-05-01T19:02:09.843 [INFO    ] motor_02: Pressure normal: 17.89 bar
2026-05-01T19:02:10.093 [INFO    ] valve_05: Temperature within normal range: 22.3°C
2026-05-01T19:02:10.344 [WARNING ] compressor_03: Retry attempt 116 for register 0x0002
2026-05-01T19:02:10.594 [WARNING ] valve_05: Retry attempt 40 for register 0x0002
2026-05-01T19:02:10.845 [INFO    ] pump_01: Sensor read cycle complete
2026-05-01T19:02:11.096 [INFO    ] valve_05: Sensor read cycle complete
2026-05-01T19:02:11.347 [INFO    ] pump_01: Sensor read cycle complete
2026-05-01T19:02:11.599 [INFO    ] compressor_03: Pressure normal: 13.66 bar
2026-05-01T19:02:11.850 [INFO    ] pump_01: RPM stable at 118
2026-05-01T19:02:12.101 [WARNING ] pump_01: Vibration spike detected: 44.3 Hz
2026-05-01T19:02:12.353 [WARNING ] conveyor_04: Temperature elevated: 16.6°C — threshold 75°C
2026-05-01T19:02:12.610 [INFO    ] conveyor_04: System heartbeat OK
2026-05-01T19:02:12.862 [INFO    ] pump_01: Sensor read cycle complete
2026-05-01T19:02:13.113 [INFO    ] motor_02: System heartbeat OK
2026-05-01T19:02:13.363 [INFO    ] motor_02: Pressure normal: 69.18 bar
2026-05-01T19:02:13.613 [ERROR   ] compressor_03: Over-temperature limit exceeded: 68.0°C
2026-05-01T19:02:13.864 [ERROR   ] conveyor_04: Over-temperature limit exceeded: 114.5°C
2026-05-01T19:02:14.114 [INFO    ] conveyor_04: System heartbeat OK
2026-05-01T19:02:14.365 [ERROR   ] pump_01: Sensor read FAILED — register 0x0003 timeout
2026-05-01T19:02:14.616 [WARNING ] conveyor_04: Retry attempt 31 for register 0x0002
2026-05-01T19:02:14.869 [INFO    ] conveyor_04: Sensor read cycle complete
2026-05-01T19:02:15.120 [INFO    ] pump_01: System heartbeat OK
2026-05-01T19:02:15.371 [INFO    ] valve_05: Connection alive
2026-05-01T19:02:15.622 [WARNING ] valve_05: Buffer utilisation at 35%
2026-05-01T19:02:15.873 [INFO    ] compressor_03: System heartbeat OK
2026-05-01T19:02:16.123 [INFO    ] valve_05: Temperature within normal range: 92.0°C
2026-05-01T19:02:16.374 [INFO    ] motor_02: RPM stable at 82
2026-05-01T19:02:16.628 [INFO    ] pump_01: Sensor read cycle complete
2026-05-01T19:02:16.879 [INFO    ] conveyor_04: Connection alive
2026-05-01T19:02:17.129 [INFO    ] conveyor_04: System heartbeat OK
2026-05-01T19:02:17.383 [INFO    ] pump_01: Pressure normal: 119.31 bar
2026-05-01T19:02:17.634 [ERROR   ] conveyor_04: Sensor read FAILED — register 0x0003 timeout
2026-05-01T19:02:17.885 [WARNING ] conveyor_04: Buffer utilisation at 60%
2026-05-01T19:02:18.135 [ERROR   ] compressor_03: Motor stall detected — RPM dropped to 43
2026-05-01T19:02:18.386 [INFO    ] conveyor_04: Temperature within normal range: 38.6°C
2026-05-01T19:02:18.636 [INFO    ] pump_01: RPM stable at 12
2026-05-01T19:02:18.887 [INFO    ] valve_05: Connection alive
2026-05-01T19:02:19.138 [WARNING ] motor_02: Vibration spike detected: 43.5 Hz
2026-05-01T19:02:19.388 [INFO    ] valve_05: Connection alive
2026-05-01T19:02:19.639 [INFO    ] valve_05: RPM stable at 22
2026-05-01T19:02:19.889 [INFO    ] motor_02: Sensor read cycle complete
2026-05-01T19:02:20.148 [INFO    ] pump_01: System heartbeat OK
2026-05-01T19:02:20.400 [WARNING ] pump_01: Retry attempt 23 for register 0x0002
2026-05-01T19:02:20.655 [WARNING ] pump_01: Temperature elevated: 105.4°C — threshold 75°C
2026-05-01T19:02:20.905 [INFO    ] valve_05: System heartbeat OK
2026-05-01T19:02:21.156 [INFO    ] compressor_03: RPM stable at 67
2026-05-01T19:02:21.407 [INFO    ] motor_02: RPM stable at 21
2026-05-01T19:02:21.658 [INFO    ] conveyor_04: Sensor read cycle complete
2026-05-01T19:02:21.910 [INFO    ] conveyor_04: Sensor read cycle complete
2026-05-01T19:02:22.160 [INFO    ] pump_01: Temperature within normal range: 36.6°C
2026-05-01T19:02:22.411 [CRITICAL] motor_02: EMERGENCY STOP triggered — safety interlock activated
2026-05-01T19:02:22.663 [INFO    ] valve_05: Sensor read cycle complete
2026-05-01T19:02:22.914 [INFO    ] valve_05: Temperature within normal range: 33.1°C
2026-05-01T19:02:23.165 [WARNING ] motor_02: Retry attempt 29 for register 0x0002
2026-05-01T19:02:23.416 [INFO    ] motor_02: Temperature within normal range: 36.2°C
2026-05-01T19:02:23.666 [WARNING ] valve_05: Retry attempt 13 for register 0x0002
2026-05-01T19:02:23.917 [ERROR   ] pump_01: Motor stall detected — RPM dropped to 54
2026-05-01T19:02:24.168 [INFO    ] conveyor_04: RPM stable at 14
2026-05-01T19:02:24.419 [INFO    ] motor_02: Connection alive
2026-05-01T19:02:24.669 [INFO    ] compressor_03: Connection alive
2026-05-01T19:02:24.920 [ERROR   ] pump_01: Over-temperature limit exceeded: 52.2°C
2026-05-01T19:02:25.170 [WARNING ] conveyor_04: Buffer utilisation at 15%
2026-05-01T19:02:25.421 [WARNING ] pump_01: Temperature elevated: 39.3°C — threshold 75°C
2026-05-01T19:02:25.673 [INFO    ] conveyor_04: Connection alive
2026-05-01T19:02:25.924 [CRITICAL] motor_02: EMERGENCY STOP triggered — safety interlock activated
2026-05-01T19:02:26.178 [CRITICAL] motor_02: Catastrophic vibration: 35.5 Hz — shutting down
2026-05-01T19:02:26.429 [INFO    ] pump_01: RPM stable at 31
2026-05-01T19:02:26.679 [ERROR   ] valve_05: Over-temperature limit exceeded: 112.7°C
2026-05-01T19:02:26.930 [INFO    ] compressor_03: System heartbeat OK
2026-05-01T19:02:27.181 [WARNING ] compressor_03: Temperature elevated: 89.5°C — threshold 75°C
2026-05-01T19:02:27.431 [INFO    ] pump_01: RPM stable at 38
2026-05-01T19:02:27.682 [CRITICAL] conveyor_04: Power supply failure detected
2026-05-01T19:02:27.933 [INFO    ] compressor_03: Pressure normal: 73.68 bar
2026-05-01T19:02:28.184 [INFO    ] conveyor_04: RPM stable at 45
2026-05-01T19:02:28.434 [INFO    ] conveyor_04: Sensor read cycle complete
2026-05-01T19:02:28.685 [INFO    ] compressor_03: Temperature within normal range: 42.3°C
2026-05-01T19:02:28.935 [ERROR   ] conveyor_04: Over-temperature limit exceeded: 63.3°C
2026-05-01T19:02:29.187 [INFO    ] motor_02: Temperature within normal range: 39.7°C
2026-05-01T19:02:29.437 [INFO    ] compressor_03: Connection alive
2026-05-01T19:02:29.688 [INFO    ] motor_02: Pressure normal: 19.60 bar
2026-05-01T19:02:29.939 [INFO    ] motor_02: Connection alive
2026-05-01T19:02:30.189 [INFO    ] conveyor_04: Connection alive
2026-05-01T19:02:30.440 [INFO    ] pump_01: Temperature within normal range: 78.5°C
2026-05-01T19:02:30.691 [WARNING ] valve_05: Buffer utilisation at 117%
2026-05-01T19:02:30.942 [CRITICAL] conveyor_04: EMERGENCY STOP triggered — safety interlock activated
2026-05-01T19:02:31.192 [INFO    ] conveyor_04: Pressure normal: 103.83 bar
2026-05-01T19:02:31.443 [INFO    ] motor_02: RPM stable at 49
2026-05-01T19:02:31.694 [INFO    ] motor_02: Pressure normal: 22.86 bar
2026-05-01T19:02:31.945 [WARNING ] conveyor_04: Temperature elevated: 47.3°C — threshold 75°C
2026-05-01T19:02:32.197 [INFO    ] valve_05: Temperature within normal range: 24.3°C
2026-05-01T19:02:32.447 [WARNING ] pump_01: Temperature elevated: 37.8°C — threshold 75°C
2026-05-01T19:02:32.698 [INFO    ] valve_05: RPM stable at 29
2026-05-01T19:02:32.949 [CRITICAL] pump_01: Catastrophic vibration: 30.1 Hz — shutting down
2026-05-01T19:02:33.201 [ERROR   ] valve_05: Communication error: CRC mismatch
2026-05-01T19:02:33.454 [CRITICAL] conveyor_04: EMERGENCY STOP triggered — safety interlock activated
2026-05-01T19:02:33.705 [INFO    ] compressor_03: Pressure normal: 99.53 bar
2026-05-01T19:02:33.957 [WARNING ] conveyor_04: Response latency high: 68ms
2026-05-01T19:02:34.208 [WARNING ] conveyor_04: Vibration spike detected: 97.5 Hz
2026-05-01T19:02:34.461 [INFO    ] motor_02: Sensor read cycle complete
2026-05-01T19:02:34.712 [WARNING ] valve_05: Response latency high: 78ms
2026-05-01T19:02:34.962 [INFO    ] conveyor_04: Pressure normal: 80.31 bar
2026-05-01T19:02:35.213 [CRITICAL] valve_05: EMERGENCY STOP triggered — safety interlock activated
2026-05-01T19:02:35.463 [INFO    ] compressor_03: RPM stable at 71
2026-05-01T19:02:35.714 [WARNING ] motor_02: Retry attempt 49 for register 0x0002
2026-05-01T19:02:35.966 [INFO    ] motor_02: Temperature within normal range: 97.3°C
2026-05-01T19:02:36.217 [INFO    ] compressor_03: Sensor read cycle complete
2026-05-01T19:02:36.468 [CRITICAL] conveyor_04: EMERGENCY STOP triggered — safety interlock activated
2026-05-01T19:02:36.719 [INFO    ] pump_01: Connection alive
2026-05-01T19:02:36.969 [INFO    ] conveyor_04: Pressure normal: 108.53 bar
2026-05-01T19:02:37.224 [INFO    ] motor_02: Sensor read cycle complete
2026-05-01T19:02:37.475 [WARNING ] motor_02: Response latency high: 35ms
2026-05-01T19:02:37.725 [INFO    ] valve_05: Sensor read cycle complete
2026-05-01T19:02:37.976 [INFO    ] compressor_03: Pressure normal: 118.70 bar
2026-05-01T19:02:38.227 [WARNING ] pump_01: Temperature elevated: 62.4°C — threshold 75°C
2026-05-01T19:02:38.478 [INFO    ] conveyor_04: Sensor read cycle complete
2026-05-01T19:02:38.728 [INFO    ] pump_01: System heartbeat OK
2026-05-01T19:02:38.979 [INFO    ] valve_05: Connection alive
2026-05-01T19:02:39.229 [WARNING ] conveyor_04: Buffer utilisation at 89%
2026-05-01T19:02:39.480 [INFO    ] motor_02: Connection alive
2026-05-01T19:02:39.731 [WARNING ] conveyor_04: Vibration spike detected: 22.8 Hz
2026-05-01T19:02:39.981 [INFO    ] pump_01: System heartbeat OK
2026-05-01T19:02:40.232 [INFO    ] compressor_03: Temperature within normal range: 56.6°C
2026-05-01T19:02:40.483 [WARNING ] conveyor_04: Vibration spike detected: 44.7 Hz
2026-05-01T19:02:40.734 [INFO    ] conveyor_04: Sensor read cycle complete
2026-05-01T19:02:40.985 [WARNING ] conveyor_04: Vibration spike detected: 100.4 Hz
2026-05-01T19:02:41.236 [WARNING ] conveyor_04: Vibration spike detected: 42.0 Hz
2026-05-01T19:02:41.486 [WARNING ] motor_02: Buffer utilisation at 14%
2026-05-01T19:02:41.737 [INFO    ] valve_05: Sensor read cycle complete
2026-05-01T19:02:41.988 [INFO    ] pump_01: RPM stable at 43
2026-05-01T19:02:42.239 [INFO    ] valve_05: Temperature within normal range: 34.4°C
2026-05-01T19:02:42.489 [INFO    ] valve_05: Temperature within normal range: 40.1°C
2026-05-01T19:02:42.741 [INFO    ] pump_01: System heartbeat OK
2026-05-01T19:02:42.992 [INFO    ] compressor_03: RPM stable at 65
2026-05-01T19:02:43.243 [INFO    ] compressor_03: Temperature within normal range: 38.1°C
2026-05-01T19:02:43.495 [WARNING ] motor_02: Retry attempt 11 for register 0x0002
2026-05-01T19:02:43.746 [CRITICAL] conveyor_04: Power supply failure detected
2026-05-01T19:02:43.996 [INFO    ] conveyor_04: Sensor read cycle complete
2026-05-01T19:02:44.247 [INFO    ] motor_02: Connection alive
2026-05-01T19:02:44.500 [WARNING ] conveyor_04: Vibration spike detected: 26.9 Hz
2026-05-01T19:02:44.750 [INFO    ] compressor_03: Connection alive
2026-05-01T19:02:45.002 [WARNING ] compressor_03: Temperature elevated: 27.5°C — threshold 75°C
2026-05-01T19:02:45.253 [WARNING ] conveyor_04: Temperature elevated: 25.5°C — threshold 75°C
2026-05-01T19:02:45.504 [INFO    ] motor_02: Pressure normal: 101.77 bar
2026-05-01T19:02:45.754 [WARNING ] motor_02: Vibration spike detected: 86.6 Hz
2026-05-01T19:02:46.005 [ERROR   ] motor_02: Over-temperature limit exceeded: 24.7°C
2026-05-01T19:02:46.257 [WARNING ] pump_01: Response latency high: 23ms
2026-05-01T19:02:46.508 [INFO    ] motor_02: Sensor read cycle complete
2026-05-01T19:02:46.758 [INFO    ] valve_05: Temperature within normal range: 111.7°C
2026-05-01T19:02:47.009 [CRITICAL] compressor_03: Catastrophic vibration: 19.4 Hz — shutting down
2026-05-01T19:02:47.260 [WARNING ] valve_05: Temperature elevated: 22.3°C — threshold 75°C
2026-05-01T19:02:47.512 [INFO    ] compressor_03: Connection alive
2026-05-01T19:02:47.763 [INFO    ] compressor_03: Connection alive
2026-05-01T19:02:48.016 [INFO    ] valve_05: System heartbeat OK
2026-05-01T19:02:48.270 [CRITICAL] pump_01: EMERGENCY STOP triggered — safety interlock activated
2026-05-01T19:02:48.522 [INFO    ] compressor_03: System heartbeat OK
2026-05-01T19:02:48.773 [INFO    ] motor_02: Connection alive
2026-05-01T19:02:49.023 [INFO    ] motor_02: RPM stable at 79
2026-05-01T19:02:49.274 [INFO    ] valve_05: RPM stable at 19
2026-05-01T19:02:49.525 [WARNING ] valve_05: Vibration spike detected: 101.8 Hz
2026-05-01T19:02:49.776 [INFO    ] valve_05: Sensor read cycle complete
2026-05-01T19:02:50.027 [ERROR   ] valve_05: Over-temperature limit exceeded: 24.0°C
2026-05-01T19:02:50.278 [INFO    ] motor_02: Pressure normal: 21.10 bar
2026-05-01T19:02:50.529 [INFO    ] pump_01: Temperature within normal range: 50.1°C
2026-05-01T19:02:50.780 [INFO    ] valve_05: Connection alive
2026-05-01T19:02:51.032 [WARNING ] motor_02: Temperature elevated: 11.6°C — threshold 75°C
2026-05-01T19:02:51.283 [CRITICAL] compressor_03: EMERGENCY STOP triggered — safety interlock activated
2026-05-01T19:02:51.538 [INFO    ] compressor_03: Connection alive
2026-05-01T19:02:51.788 [INFO    ] valve_05: Sensor read cycle complete
2026-05-01T19:02:52.042 [CRITICAL] valve_05: EMERGENCY STOP triggered — safety interlock activated
2026-05-01T19:02:52.293 [INFO    ] compressor_03: Connection alive
2026-05-01T19:02:52.544 [INFO    ] motor_02: System heartbeat OK
2026-05-01T19:02:52.799 [ERROR   ] motor_02: Sensor read FAILED — register 0x0003 timeout
2026-05-01T19:02:53.051 [WARNING ] conveyor_04: Retry attempt 114 for register 0x0002
2026-05-01T19:02:53.302 [WARNING ] compressor_03: Vibration spike detected: 98.5 Hz
2026-05-01T19:02:53.553 [INFO    ] motor_02: Pressure normal: 101.19 bar
2026-05-01T19:02:53.803 [INFO    ] pump_01: Connection alive
2026-05-01T19:02:54.060 [INFO    ] valve_05: RPM stable at 73
2026-05-01T19:02:54.311 [INFO    ] motor_02: System heartbeat OK
2026-05-01T19:02:54.562 [ERROR   ] valve_05: Over-temperature limit exceeded: 52.3°C
2026-05-01T19:02:54.812 [INFO    ] valve_05: Temperature within normal range: 79.8°C
2026-05-01T19:02:55.063 [INFO    ] compressor_03: Sensor read cycle complete
2026-05-01T19:02:55.314 [INFO    ] compressor_03: Connection alive
2026-05-01T19:02:55.564 [INFO    ] motor_02: Connection alive
2026-05-01T19:02:55.815 [INFO    ] motor_02: Connection alive
2026-05-01T19:02:56.065 [INFO    ] compressor_03: Temperature within normal range: 85.0°C
2026-05-01T19:02:56.316 [INFO    ] valve_05: RPM stable at 73
2026-05-01T19:02:56.578 [ERROR   ] valve_05: Over-temperature limit exceeded: 67.1°C
2026-05-01T19:02:56.828 [INFO    ] valve_05: Connection alive
2026-05-01T19:02:57.079 [INFO    ] valve_05: Pressure normal: 81.76 bar
2026-05-01T19:02:57.335 [WARNING ] compressor_03: Buffer utilisation at 36%
2026-05-01T19:02:57.586 [INFO    ] compressor_03: Connection alive
2026-05-01T19:02:57.836 [INFO    ] motor_02: RPM stable at 64
2026-05-01T19:02:58.087 [INFO    ] motor_02: System heartbeat OK
2026-05-01T19:02:58.338 [WARNING ] valve_05: Retry attempt 22 for register 0x0002
2026-05-01T19:02:58.588 [INFO    ] compressor_03: Pressure normal: 118.90 bar
2026-05-01T19:02:58.839 [INFO    ] conveyor_04: Connection alive
2026-05-01T19:02:59.090 [INFO    ] conveyor_04: System heartbeat OK
2026-05-01T19:02:59.343 [INFO    ] motor_02: System heartbeat OK
2026-05-01T19:02:59.594 [INFO    ] compressor_03: System heartbeat OK
2026-05-01T19:02:59.845 [WARNING ] compressor_03: Buffer utilisation at 53%
2026-05-01T19:03:00.095 [WARNING ] valve_05: Buffer utilisation at 110%
2026-05-01T19:03:00.346 [CRITICAL] motor_02: EMERGENCY STOP triggered — safety interlock activated
2026-05-01T19:03:00.596 [INFO    ] compressor_03: Temperature within normal range: 47.6°C
2026-05-01T19:03:00.847 [INFO    ] compressor_03: System heartbeat OK
2026-05-01T19:03:01.100 [ERROR   ] compressor_03: Communication error: CRC mismatch
2026-05-01T19:03:01.351 [ERROR   ] valve_05: Over-temperature limit exceeded: 34.9°C
2026-05-01T19:03:01.602 [WARNING ] compressor_03: Buffer utilisation at 13%
2026-05-01T19:03:01.855 [ERROR   ] conveyor_04: Communication error: CRC mismatch
2026-05-01T19:03:02.105 [INFO    ] motor_02: Pressure normal: 89.13 bar
2026-05-01T19:03:02.355 [INFO    ] valve_05: Pressure normal: 91.60 bar
2026-05-01T19:03:02.606 [INFO    ] motor_02: Sensor read cycle complete
2026-05-01T19:03:02.857 [INFO    ] compressor_03: Temperature within normal range: 83.0°C
2026-05-01T19:03:03.108 [WARNING ] conveyor_04: Vibration spike detected: 13.3 Hz
2026-05-01T19:03:03.359 [INFO    ] motor_02: System heartbeat OK
2026-05-01T19:03:03.610 [INFO    ] motor_02: Pressure normal: 57.60 bar
2026-05-01T19:03:03.860 [INFO    ] conveyor_04: Temperature within normal range: 36.3°C
2026-05-01T19:03:04.111 [WARNING ] compressor_03: Buffer utilisation at 82%
2026-05-01T19:03:04.362 [INFO    ] valve_05: Sensor read cycle complete
2026-05-01T19:03:04.612 [INFO    ] compressor_03: RPM stable at 82
2026-05-01T19:03:04.864 [INFO    ] compressor_03: RPM stable at 91
2026-05-01T19:03:05.115 [INFO    ] compressor_03: System heartbeat OK
2026-05-01T19:03:05.366 [INFO    ] compressor_03: Connection alive
2026-05-01T19:03:05.616 [CRITICAL] pump_01: Power supply failure detected
2026-05-01T19:03:05.867 [INFO    ] conveyor_04: Temperature within normal range: 105.7°C
2026-05-01T19:03:06.118 [INFO    ] valve_05: Temperature within normal range: 81.2°C
2026-05-01T19:03:06.369 [INFO    ] valve_05: Connection alive
2026-05-01T19:03:06.620 [INFO    ] conveyor_04: Sensor read cycle complete
2026-05-01T19:03:06.872 [CRITICAL] conveyor_04: Catastrophic vibration: 112.5 Hz — shutting down
2026-05-01T19:03:07.123 [INFO    ] valve_05: Sensor read cycle complete
2026-05-01T19:03:07.373 [INFO    ] pump_01: Pressure normal: 85.46 bar
2026-05-01T19:03:07.624 [INFO    ] valve_05: RPM stable at 55
2026-05-01T19:03:07.875 [INFO    ] conveyor_04: System heartbeat OK
2026-05-01T19:03:08.125 [ERROR   ] motor_02: Over-temperature limit exceeded: 94.0°C
2026-05-01T19:03:08.376 [INFO    ] valve_05: System heartbeat OK
2026-05-01T19:03:08.627 [INFO    ] pump_01: Temperature within normal range: 97.0°C
2026-05-01T19:03:08.877 [CRITICAL] motor_02: Catastrophic vibration: 101.8 Hz — shutting down
2026-05-01T19:03:09.129 [INFO    ] valve_05: Temperature within normal range: 24.8°C
2026-05-01T19:03:09.380 [WARNING ] pump_01: Buffer utilisation at 56%
2026-05-01T19:03:09.632 [WARNING ] conveyor_04: Response latency high: 10ms
2026-05-01T19:03:09.882 [INFO    ] pump_01: RPM stable at 60
2026-05-01T19:03:10.133 [WARNING ] compressor_03: Temperature elevated: 31.4°C — threshold 75°C
2026-05-01T19:03:10.384 [WARNING ] compressor_03: Response latency high: 93ms
2026-05-01T19:03:10.635 [INFO    ] compressor_03: Pressure normal: 115.58 bar
2026-05-01T19:03:10.886 [WARNING ] valve_05: Buffer utilisation at 28%
2026-05-01T19:03:11.137 [INFO    ] motor_02: System heartbeat OK
2026-05-01T19:03:11.388 [INFO    ] valve_05: Sensor read cycle complete
2026-05-01T19:03:11.639 [ERROR   ] compressor_03: Motor stall detected — RPM dropped to 120
2026-05-01T19:03:11.890 [WARNING ] pump_01: Buffer utilisation at 17%
2026-05-01T19:03:12.141 [INFO    ] pump_01: Pressure normal: 16.82 bar
2026-05-01T19:03:12.391 [WARNING ] compressor_03: Retry attempt 16 for register 0x0002
2026-05-01T19:03:12.642 [INFO    ] valve_05: RPM stable at 73
2026-05-01T19:03:12.894 [WARNING ] compressor_03: Vibration spike detected: 107.0 Hz
2026-05-01T19:03:13.145 [WARNING ] compressor_03: Vibration spike detected: 103.3 Hz
2026-05-01T19:03:13.395 [ERROR   ] pump_01: Motor stall detected — RPM dropped to 17
2026-05-01T19:03:13.648 [INFO    ] compressor_03: RPM stable at 88
2026-05-01T19:03:13.899 [INFO    ] conveyor_04: System heartbeat OK
2026-05-01T19:03:14.150 [INFO    ] conveyor_04: Sensor read cycle complete
2026-05-01T19:03:14.401 [WARNING ] motor_02: Vibration spike detected: 61.4 Hz
2026-05-01T19:03:14.652 [WARNING ] valve_05: Vibration spike detected: 118.1 Hz
2026-05-01T19:03:14.902 [INFO    ] valve_05: RPM stable at 25
2026-05-01T19:03:15.153 [INFO    ] compressor_03: System heartbeat OK
2026-05-01T19:03:15.404 [INFO    ] pump_01: Temperature within normal range: 28.1°C
2026-05-01T19:03:15.654 [INFO    ] conveyor_04: Pressure normal: 95.27 bar
2026-05-01T19:03:15.905 [INFO    ] valve_05: Sensor read cycle complete
2026-05-01T19:03:16.155 [INFO    ] compressor_03: Sensor read cycle complete
2026-05-01T19:03:16.406 [CRITICAL] conveyor_04: EMERGENCY STOP triggered — safety interlock activated
2026-05-01T19:03:16.656 [ERROR   ] valve_05: Motor stall detected — RPM dropped to 19
2026-05-01T19:03:16.907 [INFO    ] pump_01: Connection alive
2026-05-01T19:03:17.158 [INFO    ] motor_02: Sensor read cycle complete
2026-05-01T19:03:17.408 [INFO    ] conveyor_04: System heartbeat OK
2026-05-01T19:03:17.659 [INFO    ] compressor_03: Pressure normal: 23.72 bar
2026-05-01T19:03:17.910 [ERROR   ] conveyor_04: Sensor read FAILED — register 0x0003 timeout
2026-05-01T19:03:18.161 [WARNING ] pump_01: Response latency high: 29ms
2026-05-01T19:03:18.412 [WARNING ] valve_05: Temperature elevated: 27.8°C — threshold 75°C
2026-05-01T19:03:18.662 [INFO    ] valve_05: RPM stable at 100
2026-05-01T19:03:18.914 [ERROR   ] valve_05: Over-temperature limit exceeded: 45.9°C
2026-05-01T19:03:19.165 [ERROR   ] conveyor_04: Motor stall detected — RPM dropped to 85
2026-05-01T19:03:19.415 [INFO    ] valve_05: Pressure normal: 103.68 bar
2026-05-01T19:03:19.666 [INFO    ] compressor_03: Sensor read cycle complete
2026-05-01T19:03:19.917 [INFO    ] compressor_03: Pressure normal: 80.63 bar
2026-05-01T19:03:20.167 [ERROR   ] valve_05: Communication error: CRC mismatch
